recording_id,song_title,artist,artist_id,musicbrainz_tags,target_genre
6e336d9d-3eb5-4e5a-ba1c-66a23167f6cc,Sunday Drive,Alabama,7ac055fa-e357-4890-9098-010b8094a900,"country, country rock, country pop, contemporary country, classic country",Country
70b04049-77e2-4b0a-baef-45a07ef14019,Hats Off,Alabama,7ac055fa-e357-4890-9098-010b8094a900,"country, country rock, country pop, traditional country, classic country",Country
b9c2af67-9f48-4aeb-962f-be99a9ba967e,If You're Gonna Play in Texas (You Gotta Have a Fiddle in the Band),Alabama,7ac055fa-e357-4890-9098-010b8094a900,"country, country rock, country pop, contemporary country, classic country",Country
b9990412-31f4-4b48-b5f8-eda0dd71ed71,Fallin’ Again,Alabama,7ac055fa-e357-4890-9098-010b8094a900,"country, country rock, country pop, contemporary country, classic country",Country
f58dd19b-c6b1-4948-adba-87b7f4eec61d,Mountain Music,Alabama,7ac055fa-e357-4890-9098-010b8094a900,"country, country rock, country pop, alternative country, contemporary country, classic country",Country
cb65ab25-df6e-4927-bca3-850aa4e759ff,Take Me Down,Alabama,7ac055fa-e357-4890-9098-010b8094a900,"country, country rock, country pop, contemporary country, classic country",Country
1bf89a33-9687-4f6b-84bf-2e1c60536c35,She Ain’t Your Ordinary Girl,Alabama,7ac055fa-e357-4890-9098-010b8094a900,"country, country rock, country pop, contemporary country, classic country",Country
75dba78a-81a5-4f37-b4ff-8347bc88007c,Then Again,Alabama,7ac055fa-e357-4890-9098-010b8094a900,"country, country rock, country pop, contemporary country, classic country",Country
2dca7f8f-9047-40d3-b7b3-ce5b45eb6ca1,When the Devil Gets the Best of Me,Big & Rich,9c76170f-0d77-4aa3-b3c9-52f1ce07b9ec,"country, country pop, contemporary country, country-pop",Country
d8922791-3531-498d-b790-52ccab6d7f81,Kick My Ass,Big & Rich,9c76170f-0d77-4aa3-b3c9-52f1ce07b9ec,"country, alternative country, contemporary country, country-pop, modern country",Country
ac5df73c-0aa2-4a2c-93e2-cf315d337b38,Eternity,Big & Rich,9c76170f-0d77-4aa3-b3c9-52f1ce07b9ec,"country, country pop, contemporary country, country-pop",Country
77c25bd8-e39b-43f1-9b2f-32eff73cee63,You Never Stop Loving Somebody,Big & Rich,9c76170f-0d77-4aa3-b3c9-52f1ce07b9ec,"country, country pop, alternative country, contemporary country, country-pop",Country
86875957-15df-4f55-a730-71229fc3f9a6,Holy Water,Big & Rich,9c76170f-0d77-4aa3-b3c9-52f1ce07b9ec,"country, alternative country, contemporary country, country-pop, modern country",Country
9e4710b0-42d7-42d1-8cd7-6a6697f30c35,Intro,Big & Rich,9c76170f-0d77-4aa3-b3c9-52f1ce07b9ec,"country, country pop, contemporary country, country-pop",Country
20089431-b13d-49e6-85c3-ff7e46cb3f7d,Rollin' (The Ballad of Big & Rich),Big & Rich,9c76170f-0d77-4aa3-b3c9-52f1ce07b9ec,"country, alternative country, contemporary country, country-pop",Country
e35f8ea3-f5ba-41ad-adaa-277ea6e19744,Saved,Big & Rich,9c76170f-0d77-4aa3-b3c9-52f1ce07b9ec,"country, alternative country, contemporary country, country-pop",Country
fd3e8014-097f-4a75-ae80-ee77cbb09b5b,Old Home Filler-Up an' Keep On A-Truckin' Cafe,C.W. McCall,07a7e7d3-910c-472e-92b2-a3a69f95a504,"country, country rock, country pop, traditional country",Country
d8624931-e5cc-414d-a06f-4d699abcebf6,Round the World With the Rubber Duck,C.W. McCall,07a7e7d3-910c-472e-92b2-a3a69f95a504,"country, country pop, country-rock, classic country",Country
ff415cc2-9667-4af6-ae30-a0b66a13540e,Crispy Critters,C.W. McCall,07a7e7d3-910c-472e-92b2-a3a69f95a504,"country, country rock, country pop, traditional country",Country
ab2e9f48-0844-4cde-8579-2364eda29328,Convoy,C.W. McCall,07a7e7d3-910c-472e-92b2-a3a69f95a504,"country, country rock, country pop, country-rock, classic country",Country
c3d58c18-e9ff-4ab5-9fe1-84bf39ebf820,Long Lonesome Road,C.W. McCall,07a7e7d3-910c-472e-92b2-a3a69f95a504,"country, country; classic country",Country
f1c78887-ffa3-4c9b-9ff1-5a671bcfbdde,The Silverton,C.W. McCall,07a7e7d3-910c-472e-92b2-a3a69f95a504,"country, country rock, country pop, classic country",Country
deec66c5-7b37-4f26-b131-e59df2d26580,Last Name,Carrie Underwood,70f0e309-5418-49b6-a130-666e2f76eecd,"country, country pop, contemporary country, modern country, comtemporary country",Country
97ccc158-a7af-4c56-bf2b-18104663fe81,Heartbeat,Carrie Underwood,70f0e309-5418-49b6-a130-666e2f76eecd,"country, country rock, contemporary country, comtemporary country",Country
46817e58-fd73-4bfd-8a24-9a813bbc91c6,Like I’ll Never Love You Again,Carrie Underwood,70f0e309-5418-49b6-a130-666e2f76eecd,"country, country pop, contemporary country, comtemporary country",Country
9c01250a-5ef8-4f83-af91-c71ed475e7d7,You Won’t Find This,Carrie Underwood,70f0e309-5418-49b6-a130-666e2f76eecd,"country, country pop, contemporary country, modern country, comtemporary country",Country
1538f1ca-3fab-4669-8349-ed4b49b9dfb8,Twisted,Carrie Underwood,70f0e309-5418-49b6-a130-666e2f76eecd,"country, country pop, contemporary country, modern country, comtemporary country",Country
16e4cbed-eb1d-4adf-b316-93232b27ae9d,Get Out of This Town,Carrie Underwood,70f0e309-5418-49b6-a130-666e2f76eecd,"country, country pop, contemporary country, modern country, comtemporary country",Country
00795d46-4e40-47db-b497-a79fb44f4cc6,Wheel of the World,Carrie Underwood,70f0e309-5418-49b6-a130-666e2f76eecd,"country, country pop, contemporary country, modern country, comtemporary country",Country
5a8162ef-0c53-4e1a-90f7-8b06f2113628,I Know You Won’t,Carrie Underwood,70f0e309-5418-49b6-a130-666e2f76eecd,"country, country pop, contemporary country, comtemporary country",Country
70efdc6c-5a57-43ea-bcd3-fd20aef7e533,I’ve Loved Enough to Know,Deana Carter,49d04262-6389-4f51-829e-d8fd1b8b80fa,"country, alternative country, contemporary country, country-pop, country-folk",Country
61187d8a-2c0e-46c4-8877-b2d136e0325e,That’s How You Know It’s Love,Deana Carter,49d04262-6389-4f51-829e-d8fd1b8b80fa,"country, alternative country, contemporary country, country-pop, country-folk, modern country",Country
d96af577-a123-4f06-9e17-8f4c791a55dc,Did I Shave My Legs for This?,Deana Carter,49d04262-6389-4f51-829e-d8fd1b8b80fa,"country, country pop, contemporary country, country-pop, country-folk",Country
5da109a7-290a-47f8-b938-3bd8b004e7bb,We Danced Anyway,Deana Carter,49d04262-6389-4f51-829e-d8fd1b8b80fa,"country, country pop, contemporary country, country-pop, country-folk, modern country",Country
dda647bc-59f9-4c0b-b34b-21a472eca788,Strawberry Wine,Deana Carter,49d04262-6389-4f51-829e-d8fd1b8b80fa,"country, country rock, country pop, contemporary country, classic country, country-pop, country-folk, modern country",Country
02ccd93f-8bc4-45b9-87af-f950574f7f11,To the Other Side,Deana Carter,49d04262-6389-4f51-829e-d8fd1b8b80fa,"country, country rock, alternative country, contemporary country, country-pop, country-folk",Country
131e5097-87da-45b3-8f16-408ca38edf51,Broke Record,Eric Church,15856215-cc51-4423-879c-9ac955ccb11a,"country, country rock, traditional country, contemporary country",Country
780a9d15-e0b8-4acf-a850-d5704d8e90a8,The Joint,Eric Church,15856215-cc51-4423-879c-9ac955ccb11a,"country, country rock, traditional country, contemporary country",Country
12f4abf2-d164-45fa-8a2f-033f103436c0,Cold One,Eric Church,15856215-cc51-4423-879c-9ac955ccb11a,"country, country rock, traditional country, contemporary country, modern country",Country
5a48cf8c-87cd-422d-a663-6747ade1aef1,Like a Wrecking Ball,Eric Church,15856215-cc51-4423-879c-9ac955ccb11a,"country, country rock, traditional country, contemporary country, modern country",Country
89461853-7b8c-44f7-b5e9-7509dfd21db7,"Devil, Devil (Prelude: Princess of Darkness)",Eric Church,15856215-cc51-4423-879c-9ac955ccb11a,"country, country rock, traditional country, contemporary country",Country
210eb05f-f0ac-4620-8a45-5742e951bb23,Tell Him I’m Gone,Johnny Cash,d43d12a1-2dc9-4257-a2fd-0a3bb1081b86,"country, traditional country, classic country, country-pop, country-folk",Country
6fee847d-9d8d-442a-b764-7b7c61e5df3d,Take Me Home,Johnny Cash,d43d12a1-2dc9-4257-a2fd-0a3bb1081b86,"country, traditional country, classic country, country-pop",Country
6d370d45-98fa-4a01-b1e8-b537fcd79b56,God Bless Robert E Lee,Johnny Cash,d43d12a1-2dc9-4257-a2fd-0a3bb1081b86,"country, alternative country, outlaw country, traditional country, country-pop",Country
beb359dd-435d-46e9-bac7-5db59fd1b37f,Get Rhythm,Johnny Cash,d43d12a1-2dc9-4257-a2fd-0a3bb1081b86,"country, country rock, country pop, outlaw country, classic country",Country
ba540cbf-1ad2-4a23-b4fb-41999fe041f5,Country Trash,Johnny Cash,d43d12a1-2dc9-4257-a2fd-0a3bb1081b86,"country, country pop, alternative country, traditional country, classic country, country-pop",Country
c8bd88b7-a7f3-454d-b465-cbc84555ccb1,Roughneck,Johnny Cash,d43d12a1-2dc9-4257-a2fd-0a3bb1081b86,"country, traditional country, classic country, country-pop, country-folk",Country
5440f3b3-e2be-4d87-aaac-cd5f114ab0a7,Ballad of the Ark,Johnny Cash,d43d12a1-2dc9-4257-a2fd-0a3bb1081b86,"country, alternative country, outlaw country, traditional country, country-pop",Country
9786b4d0-3103-4b45-b35e-47ca97755df0,So Doggone Lonesome,Johnny Cash,d43d12a1-2dc9-4257-a2fd-0a3bb1081b86,"country, alternative country, traditional country, classic country",Country
14b85b6e-6aa2-4960-8d66-3b48b9cac7be,Junkyard,Kathy Mattea,f29443f1-5712-4be7-a926-1bde47a1d71d,"country, contemporary country, country-pop, country-folk",Country
5846152c-5598-4f4b-a971-b3a1cff96885,Who We Are,Kathy Mattea,f29443f1-5712-4be7-a926-1bde47a1d71d,"country, contemporary country, country-pop, country-folk",Country
29f89847-ceba-4087-95fc-3c4eeebc3e8f,Slender Threads That Bind Us Here,Kathy Mattea,f29443f1-5712-4be7-a926-1bde47a1d71d,"country, contemporary country, country-pop, country-folk",Country
d16f4bd7-84c7-413c-97c2-73ccd32bcb3a,Ashes in the Wind,Kathy Mattea,f29443f1-5712-4be7-a926-1bde47a1d71d,"country, country pop, contemporary country, country-pop, country-folk",Country
56143028-4c09-49dd-8136-07261dbd5d35,Come Away With Me,Kathy Mattea,f29443f1-5712-4be7-a926-1bde47a1d71d,"country, contemporary country, country-pop, country-folk",Country
e47c9dbe-8189-4f44-82e3-75e3dbc2c3a6,Someone Somewhere Tonight,Kellie Pickler,4c567ed6-8bc9-447a-bbd5-1dce18e4ee81,"country, contemporary country, country-pop, modern country",Country
ea9cedaa-398f-4ede-8399-028a8613ef15,I Forgive You,Kellie Pickler,4c567ed6-8bc9-447a-bbd5-1dce18e4ee81,"country, contemporary country, country-pop, modern country",Country
5b5483c3-e072-47b5-90a7-bb69239105a9,Red High Heels,Kellie Pickler,4c567ed6-8bc9-447a-bbd5-1dce18e4ee81,"country, country pop, contemporary country, modern country",Country
b8569d8b-cdfd-4d3b-b986-b7b425cb235b,Didn’t You Know How Much I Loved You,Kellie Pickler,4c567ed6-8bc9-447a-bbd5-1dce18e4ee81,"country, country rock, country pop, contemporary country, modern country",Country
79c003f2-85a3-4ce4-856d-a6cd1f2b69d8,Things That Never Cross a Man’s Mind,Kellie Pickler,4c567ed6-8bc9-447a-bbd5-1dce18e4ee81,"country, country rock, country pop, contemporary country, modern country",Country
21f8cccf-f421-4ff3-bc2c-bbcdffede74a,Closer to Nowhere,Kellie Pickler,4c567ed6-8bc9-447a-bbd5-1dce18e4ee81,"country, contemporary country, country-pop, modern country",Country
ac3a4a23-726a-41af-b0e8-5c0cbfc45d38,Sing ’Til I Stop Crying,Pat Green,0b610792-6d9b-45a4-b5de-0304b4007c3f,"country, country pop, contemporary country, texas country, country-pop",Country
82de3bdd-5734-4537-8304-806ffc3edf7a,I’m Tired,Pat Green,0b610792-6d9b-45a4-b5de-0304b4007c3f,"country, country pop, contemporary country, texas country, country-pop",Country
69b4cb34-88d0-4d89-8e95-0f0cda9c9e77,Guy Like Me,Pat Green,0b610792-6d9b-45a4-b5de-0304b4007c3f,"country, country pop, contemporary country, texas country, country-pop, modern country",Country
ce11c3c3-1061-414c-8f16-f9d4f574de2b,Poetry,Pat Green,0b610792-6d9b-45a4-b5de-0304b4007c3f,"country, country pop, contemporary country, texas country, country-pop",Country
9533e99f-d328-462a-8e47-04ec8e1c2c13,Barricades,Pat Green,0b610792-6d9b-45a4-b5de-0304b4007c3f,"country, country pop, contemporary country, texas country, country-pop",Country
74e39fe3-417f-496a-8fc1-efe4b5f149c7,Wrapped,Pat Green,0b610792-6d9b-45a4-b5de-0304b4007c3f,"country, country pop, contemporary country, texas country, country-pop",Country
81b5cdba-5114-41c5-bfca-381f289cdb17,All the Good Things Fade Away,Pat Green,0b610792-6d9b-45a4-b5de-0304b4007c3f,"country, country pop, alternative country, contemporary country, texas country, country-pop",Country
eace935f-2d85-4deb-8930-09abe34d60ad,Elvis,Pat Green,0b610792-6d9b-45a4-b5de-0304b4007c3f,"country, country pop, contemporary country, texas country, country-pop",Country
effa320f-3207-4324-a4a4-9618e7f433b2,Otis Redding,Sara Evans,773af101-792f-48b8-a588-09a07cff5e53,"country, contemporary country, country-pop, modern country",Country
c8a2707f-817a-455e-9e6b-a9ddcc02dc54,Feel It Comin' On,Sara Evans,773af101-792f-48b8-a588-09a07cff5e53,"country, country pop, contemporary country, country-pop",Country
795a7a92-2d00-4791-a48e-977336bb22ac,Desperately,Sara Evans,773af101-792f-48b8-a588-09a07cff5e53,"country, country pop, contemporary country, country-pop",Country
e2154533-43e4-41c4-a3ab-2642649f18f4,Backseat of a Greyhound Bus,Sara Evans,773af101-792f-48b8-a588-09a07cff5e53,"country, country pop, contemporary country, country-pop, modern country",Country
9fdb1c82-628a-4a7d-af9f-7cee9c14625b,Need to Be Next to You,Sara Evans,773af101-792f-48b8-a588-09a07cff5e53,"country, contemporary country, classic country, country-pop",Country
3c95d357-a23f-4f36-ab01-5f9176b9c18c,Live Like You Were Dying,Tim McGraw,7e5cfc9a-e9e1-46f1-b81a-861b12049488,"country, contemporary country, classic country, modern country",Country
8be38a6d-53c0-4cbb-ba1b-54c2e30bb2b5,Angry All the Time,Tim McGraw,7e5cfc9a-e9e1-46f1-b81a-861b12049488,"country, alternative country, contemporary country, modern country",Country
d92f8786-53e3-4609-8925-344d06a0e211,The Cowboy in Me,Tim McGraw,7e5cfc9a-e9e1-46f1-b81a-861b12049488,"country, contemporary country, classic country, modern country",Country
13d6c6e8-5f64-4152-9f62-b8a9d1f59d2d,Take Me Away From Here,Tim McGraw,7e5cfc9a-e9e1-46f1-b81a-861b12049488,"country, country pop, contemporary country, modern country",Country
9e52de1d-7f3d-453e-87ee-20f180fd87d4,Southern Voice,Tim McGraw,7e5cfc9a-e9e1-46f1-b81a-861b12049488,"country, country rock, contemporary country, modern country",Country
9cc9a49f-564f-4f5c-9bd0-7acd464021cc,Old Five and Dimers (Like Me),Waylon Jennings,1a46826b-4d73-4e04-8590-f36c9d832f9e,"country, outlaw country, traditional country, progressive country",Country
eb27be3b-04be-4699-a077-6dabd3741005,You Ask Me To (single version),Waylon Jennings,1a46826b-4d73-4e04-8590-f36c9d832f9e,"country, outlaw country, traditional country, classic country, progressive country",Country
2edd792d-d8f9-4aa2-9587-ed101469b9a0,Rose in Paradise,Waylon Jennings,1a46826b-4d73-4e04-8590-f36c9d832f9e,"country, outlaw country, traditional country, classic country, country-folk, progressive country",Country
2d26163c-a9d6-408c-a91f-c282e751673c,Nothin’ Worth Takin’ or Leavin’,Waylon Jennings,1a46826b-4d73-4e04-8590-f36c9d832f9e,"country, outlaw country, traditional country, classic country",Country
5d2523d1-4ab2-4f26-813b-74eaa98fbd86,Atlanta’s Burning Down,Waylon Jennings,1a46826b-4d73-4e04-8590-f36c9d832f9e,"country, outlaw country, traditional country, classic country",Country
f2f92819-7900-42a6-9075-15aea720c5dc,Come Stay With Me,Waylon Jennings,1a46826b-4d73-4e04-8590-f36c9d832f9e,"country, outlaw country, traditional country, classic country",Country
ffb676bf-c01f-464c-8ab6-add6975eeb07,Delta Dawn (1972),Waylon Jennings,1a46826b-4d73-4e04-8590-f36c9d832f9e,"country, outlaw country, traditional country, classic country",Country
dc5e6a4b-e539-4d4f-bc11-ebb1c8cb2ef1,I May Be Used (but Baby I Ain’t Used Up),Waylon Jennings,1a46826b-4d73-4e04-8590-f36c9d832f9e,"country, outlaw country, traditional country, classic country, country-folk, progressive country",Country
ac20f7fd-0e7b-4dfc-a03c-fc0e7b16bfdc,The Good Ol’ Nights,Waylon Jennings & Willie Nelson,45716fc0-8e06-4143-a47b-327a7906ffb4,"country, alternative country, outlaw country, traditional country, progressive country",Country
eac8fdc2-505a-4166-8065-55d3a5547d41,Tryin’ to Outrun the Wind,Waylon Jennings & Willie Nelson,45716fc0-8e06-4143-a47b-327a7906ffb4,"country, outlaw country, traditional country, classic country, progressive country",Country
89b7721d-6d4a-404b-be90-8cf4d0b0bcde,I Could Write a Book About You,Waylon Jennings & Willie Nelson,45716fc0-8e06-4143-a47b-327a7906ffb4,"country, alternative country, outlaw country, traditional country, classic country, progressive country",Country
400b1630-0b02-4ebb-9dd6-100b8b19b47c,Guitars That Won’t Stay in Tune,Waylon Jennings & Willie Nelson,45716fc0-8e06-4143-a47b-327a7906ffb4,"country, outlaw country, traditional country, classic country, progressive country",Country
d5aaf0a8-e0f5-4b46-9f4d-6d90c5d9c150,If I Can Find a Clean Shirt,Waylon Jennings & Willie Nelson,45716fc0-8e06-4143-a47b-327a7906ffb4,"country, outlaw country, traditional country, progressive country",Country
0525ee80-785c-4699-a233-a7dc40dd74cd,Two Old Sidewinders,Waylon Jennings & Willie Nelson,45716fc0-8e06-4143-a47b-327a7906ffb4,"country, alternative country, outlaw country, traditional country, classic country, progressive country",Country
d99ebc74-18d8-4469-8620-4629919f4f4c,Rocks From Rolling Stones,Waylon Jennings & Willie Nelson,45716fc0-8e06-4143-a47b-327a7906ffb4,"country, alternative country, outlaw country, traditional country, classic country, progressive country",Country
91f8872b-cc36-4b9d-a602-76dcd754f0ea,Medley: Blue Rock Montana / Red Headed Stranger,Willie Nelson,668fd73c-bf54-4310-a139-305517f05311,"country, outlaw country, traditional country, classic country",Country
45b13daf-b69f-4a76-ba16-539199701230,I’d Have to Be Crazy,Willie Nelson,668fd73c-bf54-4310-a139-305517f05311,"country, classic country, country-pop, progressive country",Country
fdbcfca1-6602-42e4-b0f7-5dc7c43d8828,Just as I Am,Willie Nelson,668fd73c-bf54-4310-a139-305517f05311,"country, traditional country, classic country, country music",Country
fcdc9143-a19e-406d-bf8b-bdd9ee6cf401,Until It's Time for You to Go,Willie Nelson,668fd73c-bf54-4310-a139-305517f05311,"country, classic country, country-pop, progressive country",Country
a5dcfc2e-e301-475c-b62d-2d3b819d0346,Why Are You Picking on Me,Willie Nelson,668fd73c-bf54-4310-a139-305517f05311,"country, classic country, country-pop, progressive country",Country
ed171e5c-f7dd-4c40-94de-18d01076c802,She's Out of My Life,Willie Nelson,668fd73c-bf54-4310-a139-305517f05311,"country, classic country, country-pop, progressive country",Country
8204c815-d65a-4f17-9156-6489898d27e8,Hands on the Wheel,Willie Nelson,668fd73c-bf54-4310-a139-305517f05311,"country, traditional country, classic country, country music",Country
5742c218-f74c-4ed9-bfb3-36185cfebe68,Denver,Willie Nelson,668fd73c-bf54-4310-a139-305517f05311,"country, traditional country, classic country, country music",Country
0463663c-7d44-425e-a1b6-1b0d707a02a1,L’Alizé (instrumental),Alizée,a344d1d3-bc5e-4a59-95f1-814999d009ac,"pop, synth-pop, french pop, pop music",Pop
89e97d38-6527-4b84-b140-fbea987132bc,À quoi rêve une jeune fille (instrumental version),Alizée,a344d1d3-bc5e-4a59-95f1-814999d009ac,"pop, synth-pop, french pop, pop music",Pop
29e06a7e-116e-4304-be94-e67a1b5fba41,Abracadabra (instrumental version),Alizée,a344d1d3-bc5e-4a59-95f1-814999d009ac,"pop, synth-pop, french pop, pop music",Pop
df75dec6-df0b-4c83-8d28-acc579e2af92,J.B.G. (instrumental version),Alizée,a344d1d3-bc5e-4a59-95f1-814999d009ac,"pop, synth-pop, french pop, pop music",Pop
c8dbb363-1376-4489-9555-62e5b56aaaa6,Gourmandises (instrumental),Alizée,a344d1d3-bc5e-4a59-95f1-814999d009ac,"pop, synth-pop, french pop, pop music",Pop
400ca032-2782-4308-96e1-53f49220ddc8,Mon maquis (instrumental version),Alizée,a344d1d3-bc5e-4a59-95f1-814999d009ac,"pop, synth-pop, french pop, pop music",Pop
b33650d9-7d95-4e12-9b47-d8b256ad1ac6,Veni Vedi Vici (instrumental version),Alizée,a344d1d3-bc5e-4a59-95f1-814999d009ac,"pop, synth-pop, french pop, pop music",Pop
f7fd0727-5d8a-425f-aad1-bcb904898f41,Parler tout bas (instrumental),Alizée,a344d1d3-bc5e-4a59-95f1-814999d009ac,"pop, synth-pop, french pop, pop music",Pop
8b7e5a92-a8e0-4a6f-98cc-49d6014ac19c,Il est temps qu’on m’aime (acoustic version),Amir,0e455850-74bd-4129-b95e-80c30b0d3297,dance-pop,Pop
4bb00337-aaf8-46a6-bd0a-22fed39d8692,Très haut,Amir,0e455850-74bd-4129-b95e-80c30b0d3297,dance-pop,Pop
285cfd0b-11cf-4f24-bbc3-bead95d24528,Looking for You,Amir,0e455850-74bd-4129-b95e-80c30b0d3297,dance-pop,Pop
21383073-0fb2-458e-b958-bfa3e796824c,J'ai cherché (Tom Maiz remix),Amir,0e455850-74bd-4129-b95e-80c30b0d3297,dance-pop,Pop
96b80233-756f-47bb-87d1-c68926f2b9b3,Oasis,Amir,0e455850-74bd-4129-b95e-80c30b0d3297,dance-pop,Pop
f79056b8-94e5-428b-be33-39fc7e0551cd,The Idiot,Amy Shark,e6bbfac7-47e5-4faf-a3e2-42fdedff72d3,"pop, synth-pop, indie pop",Pop
683464ff-3134-49a3-b76e-fe8dd28dd3d1,The Slow Song,Amy Shark,e6bbfac7-47e5-4faf-a3e2-42fdedff72d3,"pop, synth-pop, indie pop",Pop
d465e020-e422-4350-9d08-510aedb22ef3,You Think I Think I Sound Like God,Amy Shark,e6bbfac7-47e5-4faf-a3e2-42fdedff72d3,"pop, synth-pop, indie pop",Pop
483b9b70-49f1-4830-9f85-03232e1d6d5d,Middle of the Night,Amy Shark,e6bbfac7-47e5-4faf-a3e2-42fdedff72d3,"pop, synth-pop, indie pop",Pop
7868ef2b-b877-45b9-a8ca-6dea306b28bd,Leave Us Alone,Amy Shark,e6bbfac7-47e5-4faf-a3e2-42fdedff72d3,"pop, synth-pop, indie pop",Pop
538fa9ff-c8bf-4fbb-946e-cd768afdf9d0,Never Coming Back,Amy Shark,e6bbfac7-47e5-4faf-a3e2-42fdedff72d3,"pop, synth-pop, indie pop",Pop
f58306cd-8a38-4dc7-8fb3-74b744e191d7,All Loved Up,Amy Shark,e6bbfac7-47e5-4faf-a3e2-42fdedff72d3,"pop, synth-pop, indie pop, australian pop",Pop
30146ba9-c1de-463c-ab02-d74ef87ee761,Don’t Turn Around,Amy Shark,e6bbfac7-47e5-4faf-a3e2-42fdedff72d3,"pop, synth-pop, indie pop",Pop
4c39422e-0565-4b61-b0e3-907169c8de77,Ciao adios (Burak Yeter remix),Anne‐Marie,e3d5b5ec-101a-4529-9f2d-01dca64cf44e,electropop,Pop
4e1e90e0-56f0-4e76-ad9c-c05c9d68107b,Peak (stripped),Anne‐Marie,e3d5b5ec-101a-4529-9f2d-01dca64cf44e,"pop, electropop",Pop
88e452e0-4b94-4b23-b1a4-14779dc38d47,Alarm (Oliver Nelson remix),Anne‐Marie,e3d5b5ec-101a-4529-9f2d-01dca64cf44e,electropop,Pop
259911d0-ef81-487e-922f-4c76ed176a6a,Trigger,Anne‐Marie,e3d5b5ec-101a-4529-9f2d-01dca64cf44e,electropop,Pop
d329c950-12d8-4e9a-9097-860254a170cb,Gemini,Anne‐Marie,e3d5b5ec-101a-4529-9f2d-01dca64cf44e,electropop,Pop
4ae128cd-60fc-4092-9081-58e4ddf01f68,Perfect,Anne‐Marie,e3d5b5ec-101a-4529-9f2d-01dca64cf44e,electropop,Pop
c57fcb7b-d663-4a5f-89b7-d5735e5a9b60,Peak,Anne‐Marie,e3d5b5ec-101a-4529-9f2d-01dca64cf44e,electropop,Pop
a3411007-779d-4c3d-8882-5f62328c4156,Alarm (John Hill x Stint remix),Anne‐Marie,e3d5b5ec-101a-4529-9f2d-01dca64cf44e,electropop,Pop
d256cb36-fff7-4f71-af60-dad69b3287f7,Never Get You Right,Brandon Flowers,5b9dc76b-8574-4cb5-9496-ab1bc0d35c29,synthpop,Pop
bc19b6ae-6225-4072-a44f-bfa36d3d3241,Lonely Town,Brandon Flowers,5b9dc76b-8574-4cb5-9496-ab1bc0d35c29,synthpop,Pop
9d34974d-94b3-4027-b9c8-ed29f2474b1e,Still Want You,Brandon Flowers,5b9dc76b-8574-4cb5-9496-ab1bc0d35c29,synthpop,Pop
d67cc15e-3332-4b04-8153-5a775fefffce,Dreams Come True,Brandon Flowers,5b9dc76b-8574-4cb5-9496-ab1bc0d35c29,synthpop,Pop
b9f93344-c7da-4779-b816-dff1d7825c57,Can’t Deny My Love,Brandon Flowers,5b9dc76b-8574-4cb5-9496-ab1bc0d35c29,"synthpop, pop",Pop
35b601f9-e442-4854-9b18-f72cfb83fdd3,Diggin’ Up the Heart,Brandon Flowers,5b9dc76b-8574-4cb5-9496-ab1bc0d35c29,synthpop,Pop
3b9977c7-9f07-4514-888a-ec8a39ae63ba,The Way It’s Always Been,Brandon Flowers,5b9dc76b-8574-4cb5-9496-ab1bc0d35c29,synthpop,Pop
9d38aeb6-b28a-43e3-8d10-a5ed0d3a46e7,Between Me and You,Brandon Flowers,5b9dc76b-8574-4cb5-9496-ab1bc0d35c29,synthpop,Pop
3a8c6c3b-2404-408f-9496-da5477b55afd,Till the World Ends (Friscia & Lamboy Mixshow),Britney Spears,45a663b5-b1cb-4a91-bff6-2bef7bbfdd76,synthpop,Pop
1156d2f0-c7e7-494f-b995-690b79926a08,Oops! …I Did It Again (Riprock ’n’ Alex G. Ooops! We Remixed Again! radio edit),Britney Spears,45a663b5-b1cb-4a91-bff6-2bef7bbfdd76,dance-pop,Pop
acc2f8b5-6b45-44a1-a6e3-4bfaf4f14872,Till the World Ends (Bloody Beetroots radio remix),Britney Spears,45a663b5-b1cb-4a91-bff6-2bef7bbfdd76,synthpop,Pop
cadb896b-4538-4473-885e-16c0204d490c,Toxic,Britney Spears,45a663b5-b1cb-4a91-bff6-2bef7bbfdd76,"pop, dance-pop, teen pop",Pop
dea3d285-ad69-41fd-88e2-66f7bf05fb1b,Girl in the Mirror,Britney Spears,45a663b5-b1cb-4a91-bff6-2bef7bbfdd76,"pop, dance-pop, teen pop, bubblegum pop",Pop
55634f7f-d1da-4528-b1ed-f0b2b92c4db1,Lucky (Jason Nevins Mixshow edit),Britney Spears,45a663b5-b1cb-4a91-bff6-2bef7bbfdd76,"pop, dance-pop, bubblegum pop",Pop
bbcca32b-fe38-4b7c-b384-f4bb3176f0ab,It’s a Jungle Out There,Bros,e9a9d23f-febe-4499-a6ec-d040b046a35b,"electronic, pop, synth-pop, dance-pop, pop rock, teen pop",Pop
62943cbc-d87a-4a4a-b846-39544d25a967,Drop the Boy,Bros,e9a9d23f-febe-4499-a6ec-d040b046a35b,"electronic, pop, synth-pop, dance-pop, pop rock, teen pop",Pop
dfa96395-8f6e-4fc9-8a10-18adb887e651,Ten Out of Ten,Bros,e9a9d23f-febe-4499-a6ec-d040b046a35b,"electronic, pop, synth-pop, dance-pop, pop rock, teen pop",Pop
a25b25a7-e5eb-4d13-a068-f5ff56048aa3,I Quit,Bros,e9a9d23f-febe-4499-a6ec-d040b046a35b,"rock, pop, synth-pop, dance-pop, pop rock, teen pop",Pop
f0139694-3f4d-4217-9ff2-0a161528bed6,Liar,Bros,e9a9d23f-febe-4499-a6ec-d040b046a35b,"electronic, pop, synth-pop, dance-pop, pop rock, teen pop",Pop
9043993a-a787-42e2-96e8-a77fdc731844,Over Overthinking You,Christina Grimmie,94d40ba7-2b35-48ae-86f1-66ea06102693,"pop, indie pop, pop rock",Pop
bb35826f-bab1-4453-a0e8-80dbca10d025,Liar Liar,Christina Grimmie,94d40ba7-2b35-48ae-86f1-66ea06102693,"pop, indie pop, teen pop",Pop
e7c93f9a-cff2-4f79-ac3d-3c231f7b7519,The One I Crave,Christina Grimmie,94d40ba7-2b35-48ae-86f1-66ea06102693,"pop, indie pop, pop rock",Pop
65f9fb5c-7f44-4aae-b79d-170909baa40f,Think of You,Christina Grimmie,94d40ba7-2b35-48ae-86f1-66ea06102693,"pop, indie pop, pop rock",Pop
f3d568df-eae7-4d8a-a430-dd4609f4f3df,Get Yourself Together,Christina Grimmie,94d40ba7-2b35-48ae-86f1-66ea06102693,"pop, indie pop, pop rock",Pop
b653ae7f-8b92-4ea2-a133-63fcd355ca50,I Bet You Don't Curse God,Christina Grimmie,94d40ba7-2b35-48ae-86f1-66ea06102693,"pop, indie pop, pop rock",Pop
67ecf24b-83c8-470a-8826-6bd36ef809ba,Feelin' Good,Christina Grimmie,94d40ba7-2b35-48ae-86f1-66ea06102693,"pop, indie pop, pop rock",Pop
5a6e1d23-f7ee-4d79-a1a7-bf672c185f5f,Tell My Mama,Christina Grimmie,94d40ba7-2b35-48ae-86f1-66ea06102693,"pop, indie pop, pop rock",Pop
eb2a5471-0242-43a4-8f05-bd7c4dd05cc4,It Ain’t Easy,CocoRosie,e162b2eb-6a42-4240-8c1b-c94d9a0acb73,"pop, indie pop, alternative pop",Pop
b362a2a8-d52f-4a71-960a-68bbe21cc269,Least I Have You,CocoRosie,e162b2eb-6a42-4240-8c1b-c94d9a0acb73,"pop, indie pop, alternative pop",Pop
95c8e497-31ce-4d7e-9851-3894d355adb3,Cut Stitch Scar,CocoRosie,e162b2eb-6a42-4240-8c1b-c94d9a0acb73,"pop, indie pop, alternative pop",Pop
bfb3ab4a-f70d-48df-8555-d095ebfafb21,Unbroken,CocoRosie,e162b2eb-6a42-4240-8c1b-c94d9a0acb73,"pop, indie pop, alternative pop",Pop
0a81ae97-7fdb-45ed-891b-ba3c22375a59,Nothing but Garbage,CocoRosie,e162b2eb-6a42-4240-8c1b-c94d9a0acb73,"pop, indie pop, alternative pop",Pop
e8eb86ac-0ed6-4230-90ac-7942892e1690,Luckless,CocoRosie,e162b2eb-6a42-4240-8c1b-c94d9a0acb73,"pop, indie pop, alternative pop",Pop
cfa3bebc-d20f-423b-b023-a427bb675c79,Pushing Daisies,CocoRosie,e162b2eb-6a42-4240-8c1b-c94d9a0acb73,"pop, indie pop, alternative pop",Pop
e90415ac-97fe-45ed-8d55-3c2cabd0b541,Wait for Me,CocoRosie,e162b2eb-6a42-4240-8c1b-c94d9a0acb73,"pop, indie pop, alternative pop",Pop
328b36f7-2a89-43a8-88ba-6ebb424eded7,Monochrome,Covenant,879a449d-506a-422c-9fb8-8af01d3d04ae,"synthpop, dark",Pop
2c149c33-99ca-4909-8131-ca1525d19567,Stalker,Covenant,879a449d-506a-422c-9fb8-8af01d3d04ae,"synthpop, dark",Pop
a7aa5c3d-0f16-4e2d-b5a3-adf1470176ee,Invisible & Silent,Covenant,879a449d-506a-422c-9fb8-8af01d3d04ae,"synthpop, dark",Pop
90a53cf8-0817-4e0a-a0d5-ae0e9083045f,Go Film / Figurehead,Covenant,879a449d-506a-422c-9fb8-8af01d3d04ae,"synthpop, dark",Pop
e5a73813-ddb0-416f-9a91-d29a3109486f,One World One Sky,Covenant,879a449d-506a-422c-9fb8-8af01d3d04ae,"synthpop, dark",Pop
2ed4ef61-0618-45b2-b35c-4cdb91a05fd9,Two Silhouettes,Del Shannon,2e885bfb-1f59-49cf-8d51-e743445e1b48,pop rock,Pop
037affe5-9eca-4a8b-802a-1ac53c15ac73,Deadly Game,Del Shannon,2e885bfb-1f59-49cf-8d51-e743445e1b48,pop rock,Pop
4817be94-c61b-4b36-abcf-dd72a88bb118,To Love Someone,Del Shannon,2e885bfb-1f59-49cf-8d51-e743445e1b48,pop rock,Pop
fbcc5d57-1391-403c-aa98-8144fef23359,Restless,Del Shannon,2e885bfb-1f59-49cf-8d51-e743445e1b48,pop rock,Pop
1d8b3c38-84e5-4050-926c-f537cd64400d,Gemini,Del Shannon,2e885bfb-1f59-49cf-8d51-e743445e1b48,pop rock,Pop
2aa64428-4da1-4514-8855-041755612943,His Latest Flame,Del Shannon,2e885bfb-1f59-49cf-8d51-e743445e1b48,pop rock,Pop
35bb9f3d-cae4-47db-a42a-356d4d26e0fa,Mind Over Matter,Del Shannon,2e885bfb-1f59-49cf-8d51-e743445e1b48,pop rock,Pop
ca17c789-3042-4967-b4aa-8cf42cecbde8,And the Music Plays On,Del Shannon,2e885bfb-1f59-49cf-8d51-e743445e1b48,pop rock,Pop
ad53c34b-ab1b-47f4-a4b9-7393d933400d,Enjoy the Silence,Depeche Mode,8538e728-ca0b-4321-b7e5-cff6565dd4c0,synthpop,Pop
d776a230-6c9f-4c84-910f-a86b9ef25e30,See You,Depeche Mode,8538e728-ca0b-4321-b7e5-cff6565dd4c0,"rock, electronic, synthpop, pop, new wave, synth-pop, elektro, synthpop_electronic_synthpop, synthpop_synthpop_electronic, alternative pop/rock",Pop
66b1ed32-76c9-4df3-8141-c91ff8dafc9e,Satellite,Depeche Mode,8538e728-ca0b-4321-b7e5-cff6565dd4c0,"electronic, synthpop, pop, new wave, synth-pop, synthpop_electronic_synthpop, synthpop_synthpop_electronic, alternative pop/rock",Pop
281ecc1f-68f5-4d0b-8350-19937994af29,Macro,Depeche Mode,8538e728-ca0b-4321-b7e5-cff6565dd4c0,"pop, electropop",Pop
ab844bb3-769f-468b-be72-9d3d9b25bf4a,Just Can’t Get Enough,Depeche Mode,8538e728-ca0b-4321-b7e5-cff6565dd4c0,"synthpop, barrel",Pop
2427fc23-9d13-456e-87cf-ef706d295ef9,Wrong,Depeche Mode,8538e728-ca0b-4321-b7e5-cff6565dd4c0,"synthpop, barrel",Pop
6eceee0c-d923-48d8-8d1c-06a209c22979,People Are People (12″ version / Different mix),Depeche Mode,8538e728-ca0b-4321-b7e5-cff6565dd4c0,"synthpop, barrel",Pop
aa64dbd9-f7f2-48da-a7b4-c8f10a4063e1,A Question of Lust,Depeche Mode,8538e728-ca0b-4321-b7e5-cff6565dd4c0,"synthpop, barrel",Pop
9a5e0e08-0b72-4c11-90d8-31b9fb4e9b2b,beautiful 💄,Emilia,0d5a1ad3-eaac-4aed-9ca2-96293cf6a2f4,electropop,Pop
e7207877-33a6-40c3-b373-b803e94380f7,YO MISMA 🕶️,Emilia,0d5a1ad3-eaac-4aed-9ca2-96293cf6a2f4,dance-pop,Pop
9f08d072-883c-4a71-ad77-baba3ad236dd,ACEITE DE 🍑,Emilia,0d5a1ad3-eaac-4aed-9ca2-96293cf6a2f4,dance-pop,Pop
8f30b0ad-e5df-424d-b20c-199eecaebd7a,GLOWY 💄,Emilia,0d5a1ad3-eaac-4aed-9ca2-96293cf6a2f4,dance-pop,Pop
34fd8452-fbf5-482a-8b85-e2ec7f328836,MÁSCARA DE 🧊,Emilia,0d5a1ad3-eaac-4aed-9ca2-96293cf6a2f4,dance-pop,Pop
c95b4cf4-bbc4-4ceb-8d0d-18b970427ae0,Say What (remix),Erasure,43b58c98-3779-4b04-9a23-1c95cca3a145,"electronic, synthpop, pop, synth-pop, synthpop_electronic_electronic_synthpop",Pop
acf06c27-3a7b-4b32-8fd9-44f90d6fa7af,Alien,Erasure,43b58c98-3779-4b04-9a23-1c95cca3a145,"rock, electronic, synthpop, pop, new wave, synth-pop, synthpop_electronic_electronic_synthpop",Pop
aa3157eb-0721-482a-80c4-1fbbd48965be,Perfect Stranger,Erasure,43b58c98-3779-4b04-9a23-1c95cca3a145,"electronic, synthpop, pop, synth-pop, dance-pop, electronic_synthpop, synthpop_electronic_electronic_synthpop",Pop
f34835d5-56dd-41ac-b178-635db337f951,Blue Savannah (Razormaid),Erasure,43b58c98-3779-4b04-9a23-1c95cca3a145,"synthpop, disco",Pop
fd03658c-60c8-46d7-b10b-646773ef90cb,Lay All Your Love on Me (Drum Attack mix) (remixed for Art of Mix),Erasure,43b58c98-3779-4b04-9a23-1c95cca3a145,synthpop,Pop
5051b0bd-1766-4e16-9945-efd1c59e8603,Yazoo (Re-situated),Erasure,43b58c98-3779-4b04-9a23-1c95cca3a145,synthpop,Pop
7dded855-08d3-48d4-8ecc-b83910577d59,Then I Go Twisting,Erasure,43b58c98-3779-4b04-9a23-1c95cca3a145,"rock, synthpop, pop",Pop
5d5d7344-6b78-41b3-920b-890ccdb9345e,Just a Little Love,Erasure,43b58c98-3779-4b04-9a23-1c95cca3a145,synthpop,Pop
df6708d8-c90f-4323-8245-3e73a6a9af28,Here With You,Faderhead,8044daa4-77d3-4971-a04f-b2eecc4e5f7c,"electronic, synthpop",Pop
fb10197c-3e9b-4e47-b3b7-38d8b2bd7ad0,Let Me Go,Faderhead,8044daa4-77d3-4971-a04f-b2eecc4e5f7c,"electronic, electropop",Pop
62570107-e0bb-4301-8d5a-1084bc37203b,Break Apart Again,Faderhead,8044daa4-77d3-4971-a04f-b2eecc4e5f7c,"electronic, electropop",Pop
ef355887-e00f-4b17-abb2-30a79ff47333,Losing for Real,Faderhead,8044daa4-77d3-4971-a04f-b2eecc4e5f7c,"electronic, electropop",Pop
16f58a49-6baa-4d58-8d4b-af0ac716b916,Friday Night Binge,Faderhead,8044daa4-77d3-4971-a04f-b2eecc4e5f7c,"electronic, electropop",Pop
cd96fa1c-fc60-490a-a9d3-60ad4bbf9904,Day Glow Fire,Future Islands,74963434-dcb6-4b14-98cc-99873b06db66,synthpop,Pop
7f19beca-87a8-46f4-b014-92d7bd35caaa,Time on Her Side,Future Islands,74963434-dcb6-4b14-98cc-99873b06db66,synthpop,Pop
3c751bd0-6e93-46ab-9635-a5170b1231aa,Ran,Future Islands,74963434-dcb6-4b14-98cc-99873b06db66,synthpop,Pop
6abcc00a-7568-423a-8753-b9a2afd2b031,Through the Roses,Future Islands,74963434-dcb6-4b14-98cc-99873b06db66,synthpop,Pop
c8f32efb-b46f-43eb-a13e-f0bd328c9f48,Beauty of the Road,Future Islands,74963434-dcb6-4b14-98cc-99873b06db66,synthpop,Pop
d863ca85-ce8a-42bb-9fc0-4721bd14f7d5,North Star,Future Islands,74963434-dcb6-4b14-98cc-99873b06db66,synthpop,Pop
d5ca693a-b5a8-4efd-b63f-38b6364cbee2,Candles,Future Islands,74963434-dcb6-4b14-98cc-99873b06db66,synthpop,Pop
dfd00cf0-3d20-4a73-b1ca-998bf420390b,Aladdin,Future Islands,74963434-dcb6-4b14-98cc-99873b06db66,synthpop,Pop
20d6e2c4-7cf2-4447-8859-45ab0cf19971,Everything You Ever Wanted,Girls Aloud,a0b2f210-cd3a-453d-937d-e4f2658d17c7,dance pop,Pop
9893a422-c2c8-4db1-bcd7-7a72e260c718,Love Bomb,Girls Aloud,a0b2f210-cd3a-453d-937d-e4f2658d17c7,dance pop,Pop
9d6d153d-8b1b-40ab-a4e5-5b382808b01a,Can’t Speak French (Tony Lamezma remix),Girls Aloud,a0b2f210-cd3a-453d-937d-e4f2658d17c7,dance pop,Pop
09f3c5ac-b24b-431c-af44-3c6a651dc9d5,White Lies,Girls Aloud,a0b2f210-cd3a-453d-937d-e4f2658d17c7,"electropop, dance-pop, dance pop",Pop
82b60422-7192-42a7-ad52-93adfe5e122e,Boogie Down Love,Girls Aloud,a0b2f210-cd3a-453d-937d-e4f2658d17c7,"electropop, dance-pop, dance pop",Pop
1e4616c7-f02a-4afe-9025-4aff886e7503,Mars Attack,Girls Aloud,a0b2f210-cd3a-453d-937d-e4f2658d17c7,"electropop, dance-pop, dance pop",Pop
21deda53-5017-4499-b903-b53e64cb1ab9,Southern Lady,Joe Cocker,32f2d6bd-c22b-42cf-a7bc-0c4b48cd2bcb,"adult contemporary, pop rock, pop/rock, contemporary pop/rock",Pop
c968fd36-8e19-48aa-808c-5a509fe516c8,I Heard It Through the Grapevine,Joe Cocker,32f2d6bd-c22b-42cf-a7bc-0c4b48cd2bcb,"adult contemporary, pop rock, pop/rock, contemporary pop/rock",Pop
3deaa047-8ce0-43e7-bd05-3087d29a5fd6,Wasted Years,Joe Cocker,32f2d6bd-c22b-42cf-a7bc-0c4b48cd2bcb,"adult contemporary, pop rock, pop/rock, contemporary pop/rock",Pop
a046554e-99c4-4bf8-b7c7-522af9d007c5,What You Did to Me Last Night,Joe Cocker,32f2d6bd-c22b-42cf-a7bc-0c4b48cd2bcb,"adult contemporary, pop rock, pop/rock, contemporary pop/rock",Pop
717d223b-384f-4ebd-838a-7d815ebc2e3e,Fun Time,Joe Cocker,32f2d6bd-c22b-42cf-a7bc-0c4b48cd2bcb,"adult contemporary, pop rock, pop/rock, contemporary pop/rock",Pop
33efa48f-06ad-4e31-9bf6-0d0e8570ca70,I Know (You Don’t Want Me No More),Joe Cocker,32f2d6bd-c22b-42cf-a7bc-0c4b48cd2bcb,"adult contemporary, pop rock, pop/rock, contemporary pop/rock",Pop
42c66b79-2ee9-4abb-92dd-e3f2fc9a864e,Virtual Diploma,Katie Costello,3f906dcb-f042-45aa-9c73-29b1390fb657,"pop, indie pop, vocal pop",Pop
04c3be28-77e2-433d-844f-c497adec85e0,Songbird,Katie Costello,3f906dcb-f042-45aa-9c73-29b1390fb657,"pop, indie pop, vocal pop",Pop
837def23-2257-4b6d-a582-17b53ed2a3b3,Nobody's Perfect,Katie Costello,3f906dcb-f042-45aa-9c73-29b1390fb657,"pop, indie pop, vocal pop",Pop
0166f2f7-bf29-414a-9c08-29665334c332,Ever Since the Stork Came,Katie Costello,3f906dcb-f042-45aa-9c73-29b1390fb657,"pop, indie pop, vocal pop",Pop
a60466eb-18e3-4d89-a5d2-19356e639747,City Lights,Katie Costello,3f906dcb-f042-45aa-9c73-29b1390fb657,"pop, indie pop, vocal pop",Pop
bbe5de59-7259-4726-81f1-f89c9c0ac20f,Congratulations,Katie Costello,3f906dcb-f042-45aa-9c73-29b1390fb657,"pop, indie pop, vocal pop",Pop
fa0da16f-5b58-4aaa-a977-a62812d33f54,Time Left Room,Katie Costello,3f906dcb-f042-45aa-9c73-29b1390fb657,"pop, indie pop, vocal pop",Pop
dc7cc9f0-9183-448b-bccc-aedf15b32a24,Shadow Love,Katie Costello,3f906dcb-f042-45aa-9c73-29b1390fb657,"pop, indie pop, vocal pop",Pop
92158302-28e1-4de2-b8a4-bb35b65ebfb1,Let Your Tears Fall,Kelly Clarkson,d339efbb-77b9-4147-ba9e-59f2f24550b2,electropop,Pop
5317a2c5-f2db-4619-8158-7de9ce09e527,I Had a Dream,Kelly Clarkson,d339efbb-77b9-4147-ba9e-59f2f24550b2,electropop,Pop
2c71801f-ba98-46bd-97e2-5e9265522b8c,Good Goes the Bye,Kelly Clarkson,d339efbb-77b9-4147-ba9e-59f2f24550b2,electropop,Pop
5711e398-1a67-4c3f-b2a9-d8a9192656cc,Tightrope,Kelly Clarkson,d339efbb-77b9-4147-ba9e-59f2f24550b2,electropop,Pop
3a29a30a-1ec5-4d5c-a188-b13acd0f1266,Take You High,Kelly Clarkson,d339efbb-77b9-4147-ba9e-59f2f24550b2,electropop,Pop
c037f2e9-550d-46e0-a3b3-9cdd21d01d8d,Someone,Kelly Clarkson,d339efbb-77b9-4147-ba9e-59f2f24550b2,electropop,Pop
8c967eee-c37a-42ad-94cd-bb45d4548ac8,Piece by Piece,Kelly Clarkson,d339efbb-77b9-4147-ba9e-59f2f24550b2,electropop,Pop
83ab98ce-8194-46ad-b1cd-fdbec58620a3,Invincible,Kelly Clarkson,d339efbb-77b9-4147-ba9e-59f2f24550b2,electropop,Pop
566fe676-f89d-4863-8139-7e2117b4086c,Fish Bowl,Kero Kero Bonito,5e284bdc-3774-41dc-b5e2-b125d0349acf,"electropop, indietronica",Pop
555c0555-cf8d-4cef-a0a9-3ebdebca52ff,Break,Kero Kero Bonito,5e284bdc-3774-41dc-b5e2-b125d0349acf,electropop,Pop
a3783faa-74f2-4e84-a6ab-8033f4f65f80,Trampoline,Kero Kero Bonito,5e284bdc-3774-41dc-b5e2-b125d0349acf,electropop,Pop
cdd09c99-25cb-49fb-b157-5f16d32f21ea,Picture This,Kero Kero Bonito,5e284bdc-3774-41dc-b5e2-b125d0349acf,electropop,Pop
ef99fe8d-2a23-423e-90f1-d9f97884719d,Waking Up,Kero Kero Bonito,5e284bdc-3774-41dc-b5e2-b125d0349acf,electropop,Pop
2ac94869-7082-4908-aaf2-7d536fabe793,In Awe of Industry,Kissing the Pink,5e7138ab-863f-42d6-b0d7-1f161ffcca20,synthpop,Pop
40cf0f88-18cb-49ad-947c-9060564081b3,Watching Their Eyes,Kissing the Pink,5e7138ab-863f-42d6-b0d7-1f161ffcca20,"synthpop, pop",Pop
73da282d-9c88-4217-b015-f6f0bff9a807,Desert Song,Kissing the Pink,5e7138ab-863f-42d6-b0d7-1f161ffcca20,synthpop,Pop
6006c763-4710-4f64-9547-6c6d16d6f578,Frightened in France,Kissing the Pink,5e7138ab-863f-42d6-b0d7-1f161ffcca20,synthpop,Pop
e1776139-2e26-472c-a379-4f98718c7eed,Mr. Blunt,Kissing the Pink,5e7138ab-863f-42d6-b0d7-1f161ffcca20,"synthpop, pop",Pop
1ce01ec6-f32c-4154-80de-a0aaedc63e73,All for You,Kissing the Pink,5e7138ab-863f-42d6-b0d7-1f161ffcca20,"synthpop, pop",Pop
404cb9c4-d500-4ff9-a6bc-f6a96b892889,The Last Film (Hymn version),Kissing the Pink,5e7138ab-863f-42d6-b0d7-1f161ffcca20,synthpop,Pop
52784c1c-611a-41c9-b082-8a42d19d7c6f,Maybe This Day,Kissing the Pink,5e7138ab-863f-42d6-b0d7-1f161ffcca20,synthpop,Pop
21102303-ea4a-476d-9d59-46f1974647c8,Live for the Night,Krewella,d87475fa-76a1-4e12-962c-fc9941fdda72,"electropop, complextro",Pop
69f37760-2611-4aa6-8257-51fedbe06459,Killin’ It (KillaGraham remix),Krewella,d87475fa-76a1-4e12-962c-fc9941fdda72,"electropop, complextro",Pop
6a026f2d-0caf-4c13-a54a-467b406abcbf,Pass the Love Around,Krewella,d87475fa-76a1-4e12-962c-fc9941fdda72,electropop,Pop
b11ada75-d424-45b0-945d-be91d4cc6e0d,Can’t Forget You (3LAU remix),Krewella,d87475fa-76a1-4e12-962c-fc9941fdda72,electropop,Pop
39516216-1603-431a-9ad9-16fd87c4526b,You Don’t Even Have to Try,Krewella,d87475fa-76a1-4e12-962c-fc9941fdda72,"electropop, neurofunk",Pop
d7bd702a-7018-4dc8-9b53-b14191dcf651,Erwachen,Krypteria,66882a33-8419-4e20-b0d5-0b3fd33eb626,pop/rock,Pop
d18a4213-8253-4b98-baf3-c87b7994c727,Das Tor nach Krypteria,Krypteria,66882a33-8419-4e20-b0d5-0b3fd33eb626,pop/rock,Pop
a21d2b3b-405f-4e13-a9d3-5f911f0a4884,Die Schlucht Der Ewigkeit,Krypteria,66882a33-8419-4e20-b0d5-0b3fd33eb626,pop/rock,Pop
e8f12f81-a71a-42fd-97d3-722566eb7342,Der weg ins licht – Liberatio (Part II),Krypteria,66882a33-8419-4e20-b0d5-0b3fd33eb626,pop/rock,Pop
7575156e-1f98-468f-b421-9a02eb70597f,Der Verrat,Krypteria,66882a33-8419-4e20-b0d5-0b3fd33eb626,pop/rock,Pop
f3c9f15e-710a-4a83-989a-b1b2a0cae883,Ein neuer Gefährte,Krypteria,66882a33-8419-4e20-b0d5-0b3fd33eb626,pop/rock,Pop
1cc9f1b7-b889-4622-84fa-33d2669ecb99,Das Amulett,Krypteria,66882a33-8419-4e20-b0d5-0b3fd33eb626,pop/rock,Pop
50ceaf17-f5c2-4fbb-9ce2-bf7bfd48b927,Sieh Das Licht,Krypteria,66882a33-8419-4e20-b0d5-0b3fd33eb626,pop/rock,Pop
a9badec8-5fbf-4e99-bded-c61859caea81,Just Imagine,Kylie Minogue,2fddb92d-24b2-46a5-bf28-3aed46f4684c,electropop,Pop
c4911777-624a-411a-a89a-72f920608bcc,Get Outta My Way (Kris Menace remix),Kylie Minogue,2fddb92d-24b2-46a5-bf28-3aed46f4684c,electropop,Pop
20470d62-ee71-420e-849f-638fcd5eb672,Some Kind of Bliss,Kylie Minogue,2fddb92d-24b2-46a5-bf28-3aed46f4684c,"electronic, pop, synth-pop, dance-pop, alternative pop, other pop",Pop
6a1bec23-a4df-4d66-ac27-5dddc23f166a,I’m Over Dreaming (Over You) (extended remix),Kylie Minogue,2fddb92d-24b2-46a5-bf28-3aed46f4684c,"pop, synth-pop, dance-pop",Pop
0e3fa85f-d573-45bb-8bc3-9bc13ae4de4f,Can’t Get You Out of My Head,Kylie Minogue,2fddb92d-24b2-46a5-bf28-3aed46f4684c,dance-pop,Pop
d5fa5397-e834-41a3-a9b5-c804e7105173,The Chant Has Begun,Level 42,d69ee229-2f36-494c-b104-9ae0d8be506b,pop/rock,Pop
2ce3a3a0-8625-49d0-821e-1e9f0534eeb1,Sandstorm,Level 42,d69ee229-2f36-494c-b104-9ae0d8be506b,pop/rock,Pop
e7045a4f-37d0-4e24-aa55-b1248eb8f9ef,Micro-Kid,Level 42,d69ee229-2f36-494c-b104-9ae0d8be506b,pop/rock,Pop
0e118d64-980b-4d81-b5ad-c8c58685132e,Almost There,Level 42,d69ee229-2f36-494c-b104-9ae0d8be506b,pop/rock,Pop
24c6414a-7336-461b-bd11-665bd0482b8a,Heathrow,Level 42,d69ee229-2f36-494c-b104-9ae0d8be506b,pop/rock,Pop
c6242c6d-92a2-431f-b58d-d71c203d9c2e,43,Level 42,d69ee229-2f36-494c-b104-9ae0d8be506b,pop/rock,Pop
60b16441-a97c-4484-955e-d09f1131e450,I Want Eyes,Level 42,d69ee229-2f36-494c-b104-9ae0d8be506b,pop/rock,Pop
782c8d18-09ca-4bd8-b3b7-387f46a52590,The Chinese Way,Level 42,d69ee229-2f36-494c-b104-9ae0d8be506b,pop/rock,Pop
f3b61cd0-2a6c-4855-9676-617b3a58abd0,Insecure Me,Leæther Strip,37e8a831-340a-4bc2-9a33-bdf3a6b802d9,"synthpop, electro-industrial",Pop
1d86cd95-12e0-47ac-8021-595cd92c5dc9,Empty Space,Leæther Strip,37e8a831-340a-4bc2-9a33-bdf3a6b802d9,"synthpop, electro-industrial",Pop
f9ab054d-0aa5-409b-9abb-40b1b524f5bb,So Beautiful,Leæther Strip,37e8a831-340a-4bc2-9a33-bdf3a6b802d9,"electronic, synthpop, ebm",Pop
c5bb36f5-e84f-473c-9481-0989ca17bf05,So Beautiful (Retrogramme remix),Leæther Strip,37e8a831-340a-4bc2-9a33-bdf3a6b802d9,"electronic, synthpop",Pop
1bea4d59-83c0-496b-abf0-3f8c20a1d7c5,So Beautiful (Digital Anodyne remix),Leæther Strip,37e8a831-340a-4bc2-9a33-bdf3a6b802d9,"electronic, synthpop",Pop
21f36c8f-eb52-4e6b-b7f1-3ecc47b375b6,Soul Inside,Leæther Strip,37e8a831-340a-4bc2-9a33-bdf3a6b802d9,"synthpop, electro-industrial",Pop
1b309c6d-00fd-46ce-8d6b-bde6f33411b8,The Waiting Game,Limahl,ba147912-dc39-416f-9e4b-09765d671674,"synthpop, pop",Pop
ba507a53-0764-4579-8c48-4607fe0b3b8e,O.T.T. (Over the Top),Limahl,ba147912-dc39-416f-9e4b-09765d671674,"synthpop, pop",Pop
a6eb8013-7629-4503-91b3-0a2f97a51374,You've Been Gone For a Little While,Limahl,ba147912-dc39-416f-9e4b-09765d671674,"synthpop, pop",Pop
027c7326-051f-47a9-8dbf-85c43be53d55,Oh Girl,Limahl,ba147912-dc39-416f-9e4b-09765d671674,"synthpop, pop",Pop
395897e4-3fd0-4cab-b3c2-9581dc3ab398,Only For Love (Dub Mix),Limahl,ba147912-dc39-416f-9e4b-09765d671674,"synthpop, pop",Pop
dc0106bd-0dd7-4103-8be7-8fa954f9c799,Only for Love (dance mix),Limahl,ba147912-dc39-416f-9e4b-09765d671674,"synthpop, pop",Pop
1474688a-b6c4-4aa8-894d-37f2f9027557,That Special Something,Limahl,ba147912-dc39-416f-9e4b-09765d671674,"synthpop, pop",Pop
e8629d60-89c5-4c91-a1da-66b52214f3ee,Time for Us,Little River Band,0b5df3f3-7f4c-4ffb-9279-dbab6cd9bea5,pop rock,Pop
8206374e-fb51-4ac5-9b85-1f1a8a83c06f,Country Girls,Little River Band,0b5df3f3-7f4c-4ffb-9279-dbab6cd9bea5,pop rock,Pop
521c2220-b846-46d2-9800-cb0384f78cb4,Broke Again,Little River Band,0b5df3f3-7f4c-4ffb-9279-dbab6cd9bea5,pop rock,Pop
117a6e49-4ef9-4fc1-89cc-4b49db094728,Fall From Paradise,Little River Band,0b5df3f3-7f4c-4ffb-9279-dbab6cd9bea5,pop rock,Pop
ef8de8b9-b9e5-4711-9492-222f78f960a4,Statue of Liberty,Little River Band,0b5df3f3-7f4c-4ffb-9279-dbab6cd9bea5,pop rock,Pop
07eee2a1-72df-4812-b659-b575787df0e6,Long Jumping Jeweller,Little River Band,0b5df3f3-7f4c-4ffb-9279-dbab6cd9bea5,pop rock,Pop
a81875c8-e7e6-4d8b-a429-4aabbeccd4b8,At the End of the Day,Lucius,1676172f-657a-4771-96ff-4a1c2ef1997e,"pop, indie pop, alternative pop",Pop
b10a7a0c-4d72-4465-ad14-a630385a7d99,Stranger Danger,Lucius,1676172f-657a-4771-96ff-4a1c2ef1997e,"pop, indie pop, alternative pop",Pop
e3b2ba8b-7da8-4ba5-87bf-677b8de97f08,Do It All for You,Lucius,1676172f-657a-4771-96ff-4a1c2ef1997e,"pop, indie pop, alternative pop",Pop
db92bced-d20b-428b-9f65-cfa78d6791e5,Borderline,Lucius,1676172f-657a-4771-96ff-4a1c2ef1997e,"pop, indie pop, alternative pop",Pop
b6e516b4-1969-449c-8b3d-200e4ce8fa3b,Hallways,Lucius,1676172f-657a-4771-96ff-4a1c2ef1997e,"pop, indie pop, alternative pop",Pop
dfce3fa7-0439-4ecc-9e15-076e49ba95d3,Gold Rush,Lucius,1676172f-657a-4771-96ff-4a1c2ef1997e,"pop, indie pop, alternative pop",Pop
c397a1da-6e5f-417e-8acc-2d59812b9f52,Without Him,Lulu,002e9f6e-13af-4347-83c5-f5ace70e0ec4,"pop, pop rock, pop/rock",Pop
6db217dd-5c6a-4127-b8e5-d19ce4f27d5f,Sad Memories,Lulu,002e9f6e-13af-4347-83c5-f5ace70e0ec4,"pop, pop rock, pop/rock",Pop
27592e70-4690-4552-8916-999d239c1ce7,To Love Somebody,Lulu,002e9f6e-13af-4347-83c5-f5ace70e0ec4,"pop, pop rock, pop/rock",Pop
289321b0-70b6-40ab-a858-69ea3207fa79,Boy,Lulu,002e9f6e-13af-4347-83c5-f5ace70e0ec4,"pop, pop rock, pop/rock",Pop
7726d927-1df1-45fa-b345-7f69ae5be10a,Morning Dew,Lulu,002e9f6e-13af-4347-83c5-f5ace70e0ec4,"pop, pop rock, pop/rock",Pop
f7c39187-b5c4-410a-968c-d09e1986c6a2,Take Me in Your Arms and Love Me,Lulu,002e9f6e-13af-4347-83c5-f5ace70e0ec4,"pop rock, pop/rock",Pop
a8975e28-575d-43c6-88b9-a2be3176b011,At the End of the Day,Matilda Mann,f02cf5ec-81b7-4558-9946-354ebac1a525,"pop, indie pop, alternative pop",Pop
e4cff0ea-a86e-4625-96d3-bc8485166db0,Common Sense,Matilda Mann,f02cf5ec-81b7-4558-9946-354ebac1a525,"pop, indie pop, alternative pop",Pop
d33c8c4a-f1a6-4ba7-948c-404f82777344,Autopilot,Matilda Mann,f02cf5ec-81b7-4558-9946-354ebac1a525,"pop, indie pop, alternative pop",Pop
8e7dfda5-d623-4055-909d-a2dca9eca3bf,See You Later,Matilda Mann,f02cf5ec-81b7-4558-9946-354ebac1a525,"pop, indie pop, alternative pop",Pop
a743701a-c932-4ea1-8f46-22dd302473c1,Worst Person Alive,Matilda Mann,f02cf5ec-81b7-4558-9946-354ebac1a525,"pop, indie pop, alternative pop",Pop
f38f3d68-7fdf-4a6a-b4b5-b463e0936a3a,Girls,Matilda Mann,f02cf5ec-81b7-4558-9946-354ebac1a525,"pop, indie pop, alternative pop",Pop
a5fae54f-bdee-46b6-a2d4-f6bd8342ffb8,Say It Back,Matilda Mann,f02cf5ec-81b7-4558-9946-354ebac1a525,"pop, indie pop, alternative pop",Pop
09449d00-b1f0-4423-afd6-480d6d761a6c,Everything I’m Not,Matilda Mann,f02cf5ec-81b7-4558-9946-354ebac1a525,"pop, indie pop, alternative pop",Pop
8330e69d-584e-449f-96cb-0b5c72f26f27,Jaded,Miley Cyrus,7e9bd05a-117f-4cce-87bc-e011527a8b18,"pop, dance-pop, pop rock, alternative pop, party, alt-pop",Pop
f89dd6ed-6532-4815-a3ab-9bafb802385b,You,Miley Cyrus,7e9bd05a-117f-4cce-87bc-e011527a8b18,"pop, dance-pop, pop rock, alternative pop, party, pop soul, alt-pop",Pop
12502a27-55eb-4af8-8253-0fe887508ee8,Wildcard,Miley Cyrus,7e9bd05a-117f-4cce-87bc-e011527a8b18,"pop, dance-pop, pop rock, alternative pop, party, alt-pop",Pop
80b8463a-2dc4-4410-bd3b-638b67e2734b,On My Own,Miley Cyrus,7e9bd05a-117f-4cce-87bc-e011527a8b18,"pop, dance-pop, pop/rock",Pop
507647a7-8ba0-40d9-b40f-50782d56f3fc,Rose Colored Lenses,Miley Cyrus,7e9bd05a-117f-4cce-87bc-e011527a8b18,"pop, dance-pop, pop rock, alternative pop",Pop
4fc519cc-cc25-4963-92da-d8217fe5d5f5,Rooting for My Baby,Miley Cyrus,7e9bd05a-117f-4cce-87bc-e011527a8b18,"pop, dance-pop, pop/rock",Pop
9372314e-bfc5-480e-8d18-0e74ab7420d0,Old Soho,Murray Head,071ab0f1-ac3f-48f6-9ee6-11b72eb73e57,"pop/rock, contemporary pop/rock",Pop
04acab01-6a52-4617-bde8-f6e600107216,She’s Doing Time on the Line,Murray Head,071ab0f1-ac3f-48f6-9ee6-11b72eb73e57,"pop/rock, contemporary pop/rock",Pop
987c9298-5ed1-46e4-8e3d-2edc49449709,A Tree,Murray Head,071ab0f1-ac3f-48f6-9ee6-11b72eb73e57,"pop/rock, contemporary pop/rock",Pop
dbb6cb2e-8521-4c0b-b699-28d3eb945bb6,Chance Encounter,Murray Head,071ab0f1-ac3f-48f6-9ee6-11b72eb73e57,"pop/rock, contemporary pop/rock",Pop
941fe9a8-5f41-453c-86e4-6205d450461f,Last Daze of an Empire,Murray Head,071ab0f1-ac3f-48f6-9ee6-11b72eb73e57,"pop/rock, contemporary pop/rock",Pop
a23061bb-cd2f-4f4a-ad94-dadf313f6ef0,Children Only Play (Do You Remember?),Murray Head,071ab0f1-ac3f-48f6-9ee6-11b72eb73e57,"pop/rock, contemporary pop/rock",Pop
3b63c9c0-4386-4fe1-bae0-4993e7eb0303,Hey Lady,Murray Head,071ab0f1-ac3f-48f6-9ee6-11b72eb73e57,"pop/rock, contemporary pop/rock",Pop
d9cd488e-162c-4e20-8439-8365b4e67f6e,Affair Across a Crowded Room,Murray Head,071ab0f1-ac3f-48f6-9ee6-11b72eb73e57,"pop/rock, contemporary pop/rock",Pop
9f7a9897-e13a-456b-a897-88c68544bc71,Just a Little,Nils Lofgren,a1ef6bc8-2644-4b6d-aa21-27b630acf751,pop rock,Pop
352546dc-f9f0-49a8-b1d6-25b08de3f776,Blue Skies,Nils Lofgren,a1ef6bc8-2644-4b6d-aa21-27b630acf751,pop rock,Pop
bf558cd3-00f5-40c6-8349-5e8373bbccc5,Misery,Nils Lofgren,a1ef6bc8-2644-4b6d-aa21-27b630acf751,pop rock,Pop
4113ebdd-151c-4cd2-bfd3-0a4639115a6f,New Kind of Freedom,Nils Lofgren,a1ef6bc8-2644-4b6d-aa21-27b630acf751,pop rock,Pop
6e45ec46-7886-492c-bda7-1fa83f171d72,Drunken Driver,Nils Lofgren,a1ef6bc8-2644-4b6d-aa21-27b630acf751,pop rock,Pop
674da910-2391-46b0-ad55-afed33611322,A Child Could Tell,Nils Lofgren,a1ef6bc8-2644-4b6d-aa21-27b630acf751,pop rock,Pop
1e5c623c-40c1-4ca4-a89c-24ca6178826f,Kommen und Gehen,Ohrbooten,9a349d91-adc0-4ada-8c26-807e95850ada,pop/rock,Pop
62a20bbd-f7da-4bee-b03e-f18a506f819f,Und Tschüss!,Ohrbooten,9a349d91-adc0-4ada-8c26-807e95850ada,pop/rock,Pop
6a0ec03f-5749-44c8-b5e5-1dbdb961dcfd,Junge Dame,Ohrbooten,9a349d91-adc0-4ada-8c26-807e95850ada,pop/rock,Pop
0e7a210f-902a-4d88-b561-70d34b5373c6,Autobahn,Ohrbooten,9a349d91-adc0-4ada-8c26-807e95850ada,pop/rock,Pop
350847d6-9468-4341-b9d2-5415892380d1,Dschungelpartei,Ohrbooten,9a349d91-adc0-4ada-8c26-807e95850ada,pop/rock,Pop
b9291de1-e012-495f-8297-af6439884043,Taub,Ohrbooten,9a349d91-adc0-4ada-8c26-807e95850ada,pop/rock,Pop
6d23df24-43d0-4d15-88ca-39044e3c80fc,Maschine,Ohrbooten,9a349d91-adc0-4ada-8c26-807e95850ada,pop/rock,Pop
52ac3d28-eeea-478c-89a7-c73a5503b23f,Culture Shock,Olivia Newton‐John,10ccb5d8-f9d5-4954-9441-3419b522a214,pop rock,Pop
c36e9738-6eb2-4228-a8ca-c45d2bcfeacf,It’ll Be Me,Olivia Newton‐John,10ccb5d8-f9d5-4954-9441-3419b522a214,"pop, pop rock, country pop",Pop
fcb5c955-fd9c-468e-b3c7-9a93d0cf5592,Driving Music,Olivia Newton‐John,10ccb5d8-f9d5-4954-9441-3419b522a214,pop rock,Pop
3936853c-c706-4066-b706-5af6491258e0,Smile for Me,Olivia Newton‐John,10ccb5d8-f9d5-4954-9441-3419b522a214,"pop, pop rock, country pop",Pop
620cdce5-f40b-4b91-a8c8-fa91eacda5cb,Don’t Throw It All Away,Olivia Newton‐John,10ccb5d8-f9d5-4954-9441-3419b522a214,"pop, pop rock, country pop",Pop
9e2533e4-24ca-4048-bb1f-1f111ba56138,Pony Ride,Olivia Newton‐John,10ccb5d8-f9d5-4954-9441-3419b522a214,"pop, pop rock, country pop",Pop
a3c41dcf-d66a-4b20-84d9-24380c61c4dd,Tyrant,OneRepublic,c33c2065-b1c3-4406-b066-d33a9e2ea71a,"alternative, pop rock, pop/rock",Pop
99620f2d-1f46-4f27-8ab4-07f71e66506c,Won’t Stop,OneRepublic,c33c2065-b1c3-4406-b066-d33a9e2ea71a,"alternative, pop rock, pop/rock",Pop
43e58549-c74f-4aac-8fbe-e7d5222d049c,"Goodbye, Apathy",OneRepublic,c33c2065-b1c3-4406-b066-d33a9e2ea71a,"alternative, pop rock, pop/rock",Pop
d03a0d3b-a3c5-44f4-9af7-34c76ccaedb2,Counting Stars,OneRepublic,c33c2065-b1c3-4406-b066-d33a9e2ea71a,"pop, pop rock, folk pop, pop general",Pop
0507a730-926a-49f5-9391-33bff360cda3,All We Are,OneRepublic,c33c2065-b1c3-4406-b066-d33a9e2ea71a,"alternative, pop rock, pop/rock",Pop
4a4d8353-36a9-4863-87db-99fa4369f6ae,Swiss Radio International,Orchestral Manoeuvres in the Dark,6d072aa8-c851-49c5-92f9-cbca05f4bed9,synthpop,Pop
7937e5bd-049f-45e1-8c5d-7d69ce795870,ABC Auto Industry,Orchestral Manoeuvres in the Dark,6d072aa8-c851-49c5-92f9-cbca05f4bed9,synthpop,Pop
4d4c74b7-ba80-493a-a863-b0a411991886,She’s Leaving,Orchestral Manoeuvres in the Dark,6d072aa8-c851-49c5-92f9-cbca05f4bed9,synthpop,Pop
11f800ac-162d-413e-ac55-58befa4a0d7b,Julia’s Song,Orchestral Manoeuvres in the Dark,6d072aa8-c851-49c5-92f9-cbca05f4bed9,synthpop,Pop
4077a9c5-fa0a-431b-9978-2d547283fddf,The More I See You,Orchestral Manoeuvres in the Dark,6d072aa8-c851-49c5-92f9-cbca05f4bed9,synthpop,Pop
e08f1be3-1a40-4dd3-b330-98128ecad818,Architecture and Morality,Orchestral Manoeuvres in the Dark,6d072aa8-c851-49c5-92f9-cbca05f4bed9,synthpop,Pop
b9a14217-3b3e-4205-8e85-3760607e878d,Waiting for the Man,Orchestral Manoeuvres in the Dark,6d072aa8-c851-49c5-92f9-cbca05f4bed9,synthpop,Pop
8b903766-7ef1-443f-be83-d166a475d2bf,Telegraph (extended version),Orchestral Manoeuvres in the Dark,6d072aa8-c851-49c5-92f9-cbca05f4bed9,synthpop,Pop
e76e4284-075e-461e-be9c-96ed5317efdd,Up All Night,Owl City,ad279295-653f-42e1-9aaa-b731df2e78ba,electropop,Pop
d238ba03-f610-4ae1-bcbe-4d7389a1203a,Deer in the Headlights,Owl City,ad279295-653f-42e1-9aaa-b731df2e78ba,electropop,Pop
3b46686a-809a-4737-a490-1d08c30a15bd,Dreams Don’t Turn to Dust,Owl City,ad279295-653f-42e1-9aaa-b731df2e78ba,electropop,Pop
258fb435-2780-4505-b5dd-ce4029f0e120,Kamikaze,Owl City,ad279295-653f-42e1-9aaa-b731df2e78ba,electropop,Pop
bb742daa-bd87-4fbf-b62b-8ba88538542f,The Real World,Owl City,ad279295-653f-42e1-9aaa-b731df2e78ba,electropop,Pop
faaec27c-dffb-4835-9b43-67b91ed39394,Shy Violet,Owl City,ad279295-653f-42e1-9aaa-b731df2e78ba,electropop,Pop
ccc6fb96-56b1-4932-a8a3-1a34e0f7f144,Angels,Owl City,ad279295-653f-42e1-9aaa-b731df2e78ba,electropop,Pop
947711ce-5810-4140-8fa8-e116fb3e2477,Theme From It's Happening (45 version),Paul Revere & the Raiders,7f6c83a6-f048-4895-99a1-94caf32a47ef,"pop/rock, contemporary pop/rock",Pop
dd3d80f7-462e-4afe-87db-ba3a2349fe92,The Great Airplane Strike (45 version),Paul Revere & the Raiders,7f6c83a6-f048-4895-99a1-94caf32a47ef,"pop/rock, contemporary pop/rock",Pop
4ea115e4-093b-4d5c-8c08-a1ad26354521,"Mr. Sun, Mr. Moon (45 mix)",Paul Revere & the Raiders,7f6c83a6-f048-4895-99a1-94caf32a47ef,"pop/rock, contemporary pop/rock",Pop
037c966e-36a2-4dd8-8b36-666c62c22dc1,Peace of Mind (45 version),Paul Revere & the Raiders,7f6c83a6-f048-4895-99a1-94caf32a47ef,"pop/rock, contemporary pop/rock",Pop
c13b0f0d-d7d2-4d20-8ebf-5064dbfb0e8d,Observation From Flight 285 (in3/4 time),Paul Revere & the Raiders,7f6c83a6-f048-4895-99a1-94caf32a47ef,"pop/rock, contemporary pop/rock",Pop
c4b08afb-365a-4f00-b5b4-738f083d242a,Friday on My Mind,Peter Frampton,638206ee-0e3d-47cf-9769-d73330b15a87,"pop rock, arena rock, pop/rock, contemporary pop/rock",Pop
b1d1a1f2-ec67-4bef-a641-56a80d8429b2,Dig What I Say,Peter Frampton,638206ee-0e3d-47cf-9769-d73330b15a87,"pop rock, arena rock, pop/rock, contemporary pop/rock",Pop
8b73f262-5087-4a0e-8b04-16acce29239c,You Kill Me,Peter Frampton,638206ee-0e3d-47cf-9769-d73330b15a87,"pop rock, arena rock, pop/rock, contemporary pop/rock",Pop
d7c922b4-8f71-4bc9-872d-51a3ac8bc7bb,Wasting the Night Away,Peter Frampton,638206ee-0e3d-47cf-9769-d73330b15a87,"pop rock, arena rock, pop/rock, contemporary pop/rock",Pop
46007fa4-0f95-43d7-92ed-647d9fc09b09,I Don’t Wanna Let You Go,Peter Frampton,638206ee-0e3d-47cf-9769-d73330b15a87,"pop rock, arena rock, pop/rock, contemporary pop/rock",Pop
f5df8ab4-a1f3-4390-9dc1-993e2e013963,Lost a Part of You,Peter Frampton,638206ee-0e3d-47cf-9769-d73330b15a87,"pop rock, arena rock, pop/rock, contemporary pop/rock",Pop
e6c3b4ed-0b83-4f8b-9825-2b3dbbe5f340,Rise Up,Peter Frampton,638206ee-0e3d-47cf-9769-d73330b15a87,"pop rock, arena rock, pop/rock, contemporary pop/rock",Pop
b551321c-6e04-47eb-8037-db4557672ad9,Breaking All the Rules,Peter Frampton,638206ee-0e3d-47cf-9769-d73330b15a87,"pop rock, arena rock, pop/rock, contemporary pop/rock",Pop
831f117e-8fc5-46dd-8864-61c0bbd3a21a,People Get Ready,Phil Collins,401c3991-b76b-499d-8082-9f2df958ef78,pop rock,Pop
77706af0-a5c6-42e1-ac94-a253902d01a9,Misunderstanding (demo),Phil Collins,401c3991-b76b-499d-8082-9f2df958ef78,"pop rock, pop/rock",Pop
485aa896-49fb-4351-956c-b59f613a73ea,Just Another Story,Phil Collins,401c3991-b76b-499d-8082-9f2df958ef78,"pop rock, pop/rock",Pop
ee8d725d-4401-4a11-91ba-92a8111b6d06,Misunderstanding (live),Phil Collins,401c3991-b76b-499d-8082-9f2df958ef78,"pop rock, pop/rock",Pop
57eda3bb-19a8-45e1-adab-7934e58b7d31,I Missed Again (live),Phil Collins,401c3991-b76b-499d-8082-9f2df958ef78,"pop rock, pop/rock",Pop
d4b82836-a3b0-4f7f-b930-29c2fee1af1a,We Wait and We Wonder,Phil Collins,401c3991-b76b-499d-8082-9f2df958ef78,"pop rock, pop/rock",Pop
1c18fabc-3da5-4921-a84d-9895b29319c0,Hand in Hand (live),Phil Collins,401c3991-b76b-499d-8082-9f2df958ef78,"pop rock, pop/rock",Pop
2fa5280c-43e8-446b-b7da-8a7175042660,I Don’t Care Anymore,Phil Collins,401c3991-b76b-499d-8082-9f2df958ef78,pop rock,Pop
2c4744c8-b2a0-49b7-b9f4-a391be83380c,Bestrafe mich,Rammstein,b2d122f9-eadb-4930-a196-8f221eeb0c66,pop/rock,Pop
ecf88f9a-9f8c-427f-abca-c2dc45a39c60,Sehnsucht,Rammstein,b2d122f9-eadb-4930-a196-8f221eeb0c66,pop/rock,Pop
c5ffca5e-3e9c-48ea-a301-ac826eace4c9,Du riechst so gut,Rammstein,b2d122f9-eadb-4930-a196-8f221eeb0c66,pop/rock,Pop
11f4051d-b268-47c2-996d-da9596dce7e7,Adios,Rammstein,b2d122f9-eadb-4930-a196-8f221eeb0c66,pop/rock,Pop
0ba5a82a-e92e-4fcc-9b48-a3c8ba0ce3ed,Zwitter,Rammstein,b2d122f9-eadb-4930-a196-8f221eeb0c66,pop/rock,Pop
810f2522-a80d-4572-b69a-0e99330706c2,The Morning After (part 1) / [drum solo],Ratt,e0827234-3be3-4973-be59-1aa9575b9c76,pop/rock,Pop
c4ec719a-51f5-4d3a-8608-0401ce13083c,Never Use Love,Ratt,e0827234-3be3-4973-be59-1aa9575b9c76,pop/rock,Pop
6e368b1d-3504-43d4-94ba-4029a8ebe489,You Should Know by Now,Ratt,e0827234-3be3-4973-be59-1aa9575b9c76,pop/rock,Pop
5c5e74c0-023a-4454-bde2-2c4bbc29efbf,[audience encore cheers] / Round and Round,Ratt,e0827234-3be3-4973-be59-1aa9575b9c76,pop/rock,Pop
ac894dde-bf4d-41eb-931c-a6340c611791,Sweet Cheater,Ratt,e0827234-3be3-4973-be59-1aa9575b9c76,pop/rock,Pop
dbbff1de-e14d-459f-a291-75466e0a9e0c,What You Give Is What You Get,Ratt,e0827234-3be3-4973-be59-1aa9575b9c76,pop/rock,Pop
87369ee8-096d-4b52-8ac1-81587a629567,In Your Direction,Ratt,e0827234-3be3-4973-be59-1aa9575b9c76,pop/rock,Pop
67506625-2ef9-47aa-8ac4-3b073392e6c6,Give It All,Ratt,e0827234-3be3-4973-be59-1aa9575b9c76,pop/rock,Pop
a7f7966f-f0a0-4286-b6a3-18642e24b4cc,Talkin' to Myself,Red Rider,a22d8a5d-1ca1-43cf-85a6-07f64a18273d,"pop/rock, contemporary pop/rock",Pop
dd0bc213-d1d8-46dd-b4bb-9766f019fcd5,One Way Out,Red Rider,a22d8a5d-1ca1-43cf-85a6-07f64a18273d,"pop/rock, contemporary pop/rock",Pop
cd988799-7026-40b1-861f-4f9134ce6ae4,Among the Ruins (I’ll Be Here),Red Rider,a22d8a5d-1ca1-43cf-85a6-07f64a18273d,"pop/rock, contemporary pop/rock",Pop
e558d6b7-26ec-420c-b4ce-28917e58bf73,Shake Monster,Red Rider,a22d8a5d-1ca1-43cf-85a6-07f64a18273d,"pop/rock, contemporary pop/rock",Pop
977cb961-ed27-40fa-818d-083ef13f9eb5,Hold Tight,Red Rider,a22d8a5d-1ca1-43cf-85a6-07f64a18273d,"pop/rock, contemporary pop/rock",Pop
059f6870-b75b-4bfc-bd2d-b9458578dd61,Iron in the Soul,Red Rider,a22d8a5d-1ca1-43cf-85a6-07f64a18273d,"pop/rock, contemporary pop/rock",Pop
85caa26a-89ae-4046-a6ae-4525f48f5ea6,Just the Way It Goes,Red Rider,a22d8a5d-1ca1-43cf-85a6-07f64a18273d,"pop/rock, contemporary pop/rock",Pop
46b590a7-1679-46e7-8c4a-ad092e597a89,Whipping Boy,Red Rider,a22d8a5d-1ca1-43cf-85a6-07f64a18273d,"pop/rock, contemporary pop/rock",Pop
a14b5610-e6ef-40ce-b248-03bc6f18daeb,La De Da,Ringo Starr,300c4c73-33ac-4255-9d57-4e32627f5e13,"pop/rock, contemporary pop/rock",Pop
5cd75434-9073-409f-9485-5b7a13e1b143,One,Ringo Starr,300c4c73-33ac-4255-9d57-4e32627f5e13,"pop/rock, contemporary pop/rock",Pop
97cb74b4-9a0f-4669-9f9d-9093fe62e537,Puppet,Ringo Starr,300c4c73-33ac-4255-9d57-4e32627f5e13,"pop/rock, contemporary pop/rock",Pop
6eea1397-bc80-4f67-b166-ebc62780390c,Drift Away,Ringo Starr,300c4c73-33ac-4255-9d57-4e32627f5e13,"pop/rock, contemporary pop/rock",Pop
25f7b65f-d430-41e7-826a-7c3eb019b948,No No Song/Skokiaan,Ringo Starr,300c4c73-33ac-4255-9d57-4e32627f5e13,"pop/rock, contemporary pop/rock",Pop
c09ff831-ee65-46ab-a007-2230d7940806,Without Understanding,Ringo Starr,300c4c73-33ac-4255-9d57-4e32627f5e13,"pop/rock, contemporary pop/rock",Pop
d41e9f54-6494-44fc-98e1-b06fa4fa8a8e,I Was Walkin’,Ringo Starr,300c4c73-33ac-4255-9d57-4e32627f5e13,"pop/rock, contemporary pop/rock",Pop
c3bfcbcc-3007-439d-aaad-33be41b9ac42,I’ll Be Fine Anywhere,Ringo Starr,300c4c73-33ac-4255-9d57-4e32627f5e13,"pop/rock, contemporary pop/rock",Pop
db1046c6-3e91-428e-8629-fe3a48b11cd1,I Love the Sound of Crashing Guitars,Roxette,d3b2711f-2baa-441a-be95-14945ca7e6ea,"rock, pop, power pop, pop rock, rock_pop rock_pop",Pop
bc78821c-e330-4d7e-b74f-af5292f22d7a,Do You Wanna Go the Whole Way?,Roxette,d3b2711f-2baa-441a-be95-14945ca7e6ea,"rock, pop, power pop, pop rock, rock_pop rock_pop",Pop
f7470b92-f085-4e86-a913-cabb76c93480,Lies,Roxette,d3b2711f-2baa-441a-be95-14945ca7e6ea,"rock, pop, power pop, pop rock, rock_pop rock_pop",Pop
4ef66885-41c3-4e50-944a-677e742b6611,The First Girl on the Moon,Roxette,d3b2711f-2baa-441a-be95-14945ca7e6ea,"rock, pop, power pop, pop rock, rock_pop rock_pop, pop/rock",Pop
2885502b-c535-4a20-b3a1-10b7fd8e249f,Happy Together,Roxette,d3b2711f-2baa-441a-be95-14945ca7e6ea,"pop, pop rock, pop/rock",Pop
3c563213-cd0a-4202-ab9b-78d28ea8d3e1,Place Your Love,Roxette,d3b2711f-2baa-441a-be95-14945ca7e6ea,"rock, pop, power pop, pop rock, rock_pop rock_pop",Pop
2c9e1762-bb7f-44c9-bcfe-5287d29f35ef,Out in Space,S.P.O.C.K,60497e76-7587-42b6-9cc5-f9882fdf1e90,synthpop,Pop
a393f7d3-e3ff-439f-8b1c-68b4cdc2c4b5,Force of Life,S.P.O.C.K,60497e76-7587-42b6-9cc5-f9882fdf1e90,synthpop,Pop
b815028a-dde1-4ce7-95c2-1e9f2da02763,All the Children Shall Lead,S.P.O.C.K,60497e76-7587-42b6-9cc5-f9882fdf1e90,synthpop,Pop
09aedc6f-a548-44b0-a0b0-8e78f143e714,Astrogirl’s Dilemma,S.P.O.C.K,60497e76-7587-42b6-9cc5-f9882fdf1e90,synthpop,Pop
dba49aa7-8786-42f3-88c7-4f261606bc7d,Spooky,S.P.O.C.K,60497e76-7587-42b6-9cc5-f9882fdf1e90,synthpop,Pop
30111f49-6e3a-4859-afa6-e62cc16a9e02,Space Seed,S.P.O.C.K,60497e76-7587-42b6-9cc5-f9882fdf1e90,synthpop,Pop
230472d2-8419-470b-ba56-0757cbdd3864,Zukunft,Schiller,75ebdfa0-4a8a-496a-a57f-e4bb93b14d4c,"synthpop, chillout",Pop
7fce603c-d351-4ccd-8f98-8a4d0780d553,Mittelerde,Schiller,75ebdfa0-4a8a-496a-a57f-e4bb93b14d4c,"synthpop, chillout",Pop
89047cc3-0acc-4f85-ac9c-f7427d53aca1,Willkommen,Schiller,75ebdfa0-4a8a-496a-a57f-e4bb93b14d4c,"synthpop, chillout",Pop
8eba5196-bb0c-46a2-8ab3-c9ff6e50dfbd,Vergangenheit,Schiller,75ebdfa0-4a8a-496a-a57f-e4bb93b14d4c,"synthpop, chillout",Pop
b966aa54-9eff-43ba-8989-c8e610e3f3bf,Dreiklang,Schiller,75ebdfa0-4a8a-496a-a57f-e4bb93b14d4c,"synthpop, chillout",Pop
56fe6b99-c210-4b2c-93ec-0549f05199cf,Einklang,Schiller,75ebdfa0-4a8a-496a-a57f-e4bb93b14d4c,"synthpop, chillout",Pop
2bbeee97-f2d6-4798-8989-df3c516f0637,Stille,Schiller,75ebdfa0-4a8a-496a-a57f-e4bb93b14d4c,"synthpop, chillout",Pop
bf7bc744-fd04-48e7-92fc-3f95e030ee59,Ausklang,Schiller,75ebdfa0-4a8a-496a-a57f-e4bb93b14d4c,"synthpop, chillout",Pop
51516a9b-8740-463a-af6c-3c54ebe4ce4b,The Last Days of Rome,Snog,d7a2ea77-0850-4480-8964-246c0a3d6efe,"electronic, synthpop, industrial",Pop
d8b41943-8127-4dad-b219-b2c44fb031f6,City,Snog,d7a2ea77-0850-4480-8964-246c0a3d6efe,"electronic, synthpop, industrial",Pop
13b46426-eefa-4885-8b7c-bc6421e49851,It's All Lies,Snog,d7a2ea77-0850-4480-8964-246c0a3d6efe,"electronic, synthpop, industrial",Pop
0fce449b-1d43-42b8-812a-e0ebb600f0d3,One Grain of Sand,Snog,d7a2ea77-0850-4480-8964-246c0a3d6efe,"electronic, synthpop, industrial",Pop
07eb0ee6-f8b6-4db5-8470-7ca1700eb29b,Whateverman,Snog,d7a2ea77-0850-4480-8964-246c0a3d6efe,"electronic, synthpop, industrial",Pop
d3c92ac7-8902-48bd-82be-5f6547049b8f,Christmas Everyday,Snog,d7a2ea77-0850-4480-8964-246c0a3d6efe,"electronic, synthpop, industrial",Pop
637b7ae3-5ac6-4275-8a68-9c830215870b,Lost at Sea,Snog,d7a2ea77-0850-4480-8964-246c0a3d6efe,"electronic, synthpop, industrial",Pop
2916747d-62da-4254-a852-3d91a5a1f8a1,Vaguely Melancholic,Snog,d7a2ea77-0850-4480-8964-246c0a3d6efe,"electronic, synthpop, industrial",Pop
e777ec0d-2e87-4fe6-9712-7cf2d1d1ee67,Hearing in Colour,Sophie Ellis‐Bextor,c4b87e45-c07a-460f-9c58-8d15328e2964,dance-pop,Pop
215834cb-775b-4d95-aba2-32fcdaf1b0fb,Love It Is Love,Sophie Ellis‐Bextor,c4b87e45-c07a-460f-9c58-8d15328e2964,dance-pop,Pop
4112ba46-1330-4717-898a-a1d101d56cb0,He’s a Dreamer,Sophie Ellis‐Bextor,c4b87e45-c07a-460f-9c58-8d15328e2964,"pop, pop rock, chamber pop",Pop
38228d66-277d-4c6d-9673-0313beb2c06d,Lost in the Sunshine,Sophie Ellis‐Bextor,c4b87e45-c07a-460f-9c58-8d15328e2964,"pop, pop rock, sophisti-pop",Pop
b7ec106d-3bf7-4ae2-9421-738f42d0e573,Beyond the Universe,Sophie Ellis‐Bextor,c4b87e45-c07a-460f-9c58-8d15328e2964,"pop, synth-pop, pop rock",Pop
b345fe77-f504-44a3-bc5f-9ff925ff14ac,Heartbreak in This City,Steps,19659aa7-cd3a-4bfe-bca0-6943e9e5c6e0,dance-pop,Pop
1404706b-cc75-43aa-8c8d-ba4449b74072,Neon Blue (7th Heaven radio edit),Steps,19659aa7-cd3a-4bfe-bca0-6943e9e5c6e0,dance-pop,Pop
ec728c61-9ee5-46fe-925e-1f4024573110,Tears on the Dancefloor (DJ David Strong 7th Heaven medley),Steps,19659aa7-cd3a-4bfe-bca0-6943e9e5c6e0,dance-pop,Pop
67e00aa1-3712-419f-8239-6816a89cb2b6,Beautiful Battlefield,Steps,19659aa7-cd3a-4bfe-bca0-6943e9e5c6e0,"electropop, europop",Pop
4e780998-aae6-48c3-86f2-d4d805e8df9f,A Hundred Years of Winter,Steps,19659aa7-cd3a-4bfe-bca0-6943e9e5c6e0,electropop,Pop
eafb1df2-36a0-41dd-b7c8-7e98a63d44a0,Tragedy,Steps,19659aa7-cd3a-4bfe-bca0-6943e9e5c6e0,dance-pop,Pop
d7561d23-5a6c-4b9c-8871-00bf27315091,I Will Love Again,Steps,19659aa7-cd3a-4bfe-bca0-6943e9e5c6e0,dance-pop,Pop
3cf66605-10fd-4494-9ffd-e6787a5b0174,Summer of Love,Steps,19659aa7-cd3a-4bfe-bca0-6943e9e5c6e0,dance-pop,Pop
41b4f48c-9210-42ef-b5c4-98aa9fb6c43d,I will ж My will,Swinging Popsicle,06e3e0fa-572f-4dab-8f56-8fa062731a9b,"pop, j-pop, indie pop",Pop
917c6162-3b0a-4bb0-943c-a90824465610,rainbounds,Swinging Popsicle,06e3e0fa-572f-4dab-8f56-8fa062731a9b,"pop, j-pop, indie pop",Pop
383f8e1e-1017-426c-abd8-6cbf5d3ba4fb,雨音 ~I wish you were here~,Swinging Popsicle,06e3e0fa-572f-4dab-8f56-8fa062731a9b,"pop, j-pop, indie pop",Pop
6bb825da-8800-455b-a3a3-29d7af7950b4,Chocolate Soul Music,Swinging Popsicle,06e3e0fa-572f-4dab-8f56-8fa062731a9b,"pop, j-pop, indie pop",Pop
2d865a50-acbd-46ed-9323-27009de9dc0a,殘像とノイズ,Swinging Popsicle,06e3e0fa-572f-4dab-8f56-8fa062731a9b,"pop, j-pop, indie pop",Pop
d4b25d4a-29c1-4852-8fd3-586e8d7a77fe,I’ll Wait (E-Smoove Hot mix),Taylor Dayne,c0cd3de7-4654-482b-913b-6fd7dc4ce9a4,synthpop_house_electronic,Pop
b9d3a268-08d6-4772-8b8f-bc1fa2bea67d,I'll Be Your Shelter,Taylor Dayne,c0cd3de7-4654-482b-913b-6fd7dc4ce9a4,synthpop_house_electronic,Pop
b3120c68-a05d-4b87-9518-22f79cb38bea,Heart of Stone,Taylor Dayne,c0cd3de7-4654-482b-913b-6fd7dc4ce9a4,synthpop_house_electronic,Pop
c2f0f7f9-8aea-47bf-94fc-a0625dc7739e,Say a Prayer (Vission Lorimer mix),Taylor Dayne,c0cd3de7-4654-482b-913b-6fd7dc4ce9a4,synthpop_house_electronic_synthpop_house,Pop
637edd59-9173-4214-b669-0955ebffd6e5,Say a Prayer (Morales mix),Taylor Dayne,c0cd3de7-4654-482b-913b-6fd7dc4ce9a4,synthpop_house_electronic,Pop
a47f30f9-53f4-4222-8b38-934f818b41d1,The Black Dog,Taylor Swift,20244d07-534f-4eff-b4d4-930878889970,"pop, synth-pop, pop rock, chamber pop",Pop
f40d709b-4e48-4e40-ab6b-4a02ec39498c,You Need to Calm Down,Taylor Swift,20244d07-534f-4eff-b4d4-930878889970,electropop,Pop
0ac1a42e-298d-41d6-b08f-817f27c730a3,imgonnagetyouback,Taylor Swift,20244d07-534f-4eff-b4d4-930878889970,"pop, synth-pop, pop rock, alternative pop",Pop
efe3d337-3729-4cb1-836d-936c2bdc2fcd,Peter,Taylor Swift,20244d07-534f-4eff-b4d4-930878889970,"pop, synth-pop, pop rock, alternative pop",Pop
2d68666c-9358-4a2d-b1ff-4e95fa11bb3e,Message in a Bottle (Fat Max G remix) (Taylor’s version),Taylor Swift,20244d07-534f-4eff-b4d4-930878889970,"electronic, electropop",Pop
3ccf8a2b-5255-4e62-850a-51f7655dc8d6,The Man,Taylor Swift,20244d07-534f-4eff-b4d4-930878889970,electropop,Pop
d9630f72-27df-4369-973d-537cf2eb2954,Who’s Afraid of Little Old Me?,Taylor Swift,20244d07-534f-4eff-b4d4-930878889970,"pop, synth-pop, pop rock, alternative pop, pop music",Pop
86c2568a-bb6f-4f9a-b491-d2ab09757849,So High School,Taylor Swift,20244d07-534f-4eff-b4d4-930878889970,"pop, synth-pop, pop rock, alternative pop",Pop
be84eecf-0cf0-4aae-92fe-f23d9be1006c,Pale Shelter,Tears for Fears,7c7f9c94-dee8-4903-892b-6cf44652e2de,synthpop,Pop
49532d5c-27a8-4869-a6ee-00a5be514929,Secrets,Tears for Fears,7c7f9c94-dee8-4903-892b-6cf44652e2de,synthpop,Pop
5027a7b5-5e4c-4b99-9cc3-0e212f470fea,Memories Fade,Tears for Fears,7c7f9c94-dee8-4903-892b-6cf44652e2de,synthpop,Pop
14db782d-9efa-451c-83dc-4d2765187211,Los reyes Católicos (reprise),Tears for Fears,7c7f9c94-dee8-4903-892b-6cf44652e2de,synthpop,Pop
4b3fe4d2-3076-4dce-b93b-59517aaf3c3b,The Hurting,Tears for Fears,7c7f9c94-dee8-4903-892b-6cf44652e2de,synthpop,Pop
150444f5-cf42-446a-b042-b67b7f9592c1,Me and My Big Ideas,Tears for Fears,7c7f9c94-dee8-4903-892b-6cf44652e2de,synthpop,Pop
f9a5936f-661d-4c0e-a11f-109039e35139,Mad World,Tears for Fears,7c7f9c94-dee8-4903-892b-6cf44652e2de,synthpop,Pop
5291882d-4287-48bb-99e5-92154f358dc3,I Choose You,Tears for Fears,7c7f9c94-dee8-4903-892b-6cf44652e2de,synthpop,Pop
3e3c4180-2ab8-4179-aacd-f881ea1fddfd,Good News,The 5th Dimension,4f1949ab-fefd-4bf3-9317-814084c29cc0,"pop, soul, sunshine pop, am pop, pop/rock, pop-soul",Pop
1bc70b61-95f7-47de-9323-7f85b2022379,It’ll Never Be the Same Again,The 5th Dimension,4f1949ab-fefd-4bf3-9317-814084c29cc0,"pop, soul, sunshine pop, am pop, pop/rock, pop-soul",Pop
fc5e6f97-4469-4db5-b220-9f8d5740e014,The Eleventh Song (What a Groovy Day!),The 5th Dimension,4f1949ab-fefd-4bf3-9317-814084c29cc0,"pop, soul, sunshine pop, am pop, pop/rock, pop-soul",Pop
2b32a8cc-b62a-462a-af86-d9f4e5104a92,It’s a Great Life,The 5th Dimension,4f1949ab-fefd-4bf3-9317-814084c29cc0,"pop, soul, sunshine pop, am pop, pop/rock, pop-soul",Pop
07777219-f042-465e-b211-bb881125e797,Never My Love,The 5th Dimension,4f1949ab-fefd-4bf3-9317-814084c29cc0,"pop, soul, pop rock, sunshine pop, am pop, pop/rock, pop-soul",Pop
2a00d642-a7ed-4e8c-98c0-d58e9500d8aa,Together Let’s Find Love,The 5th Dimension,4f1949ab-fefd-4bf3-9317-814084c29cc0,"pop, soul, pop rock, sunshine pop, am pop, pop/rock, pop-soul, pop/soul",Pop
1e31d889-7eee-49d3-ba8e-b592e0d3a3c3,Bobbie’s Blues (Who Do You Think Of?),The 5th Dimension,4f1949ab-fefd-4bf3-9317-814084c29cc0,"pop, soul, sunshine pop, am pop, pop/rock, pop-soul",Pop
302ffa9f-ced8-468e-91cf-c43a080fb7da,The Sailboat Song,The 5th Dimension,4f1949ab-fefd-4bf3-9317-814084c29cc0,"pop, soul, sunshine pop, am pop, pop/rock, pop-soul",Pop
a1cc79dc-4f93-4b8c-ad92-c671a3467531,I've Seen It All Before,The Bats,ab12633b-696e-461a-ac43-f68a26355fa5,pop rock,Pop
e9703caa-148a-4cbb-a19b-6f08e4c2b72f,You Have the Right,The Bats,ab12633b-696e-461a-ac43-f68a26355fa5,pop rock,Pop
a7c948f4-90fa-4ce6-af7d-6d0fd413cf18,Tragedy,The Bats,ab12633b-696e-461a-ac43-f68a26355fa5,pop rock,Pop
94bcf3e3-fb4f-450a-9ab4-1b8035c788d5,Too Much,The Bats,ab12633b-696e-461a-ac43-f68a26355fa5,pop rock,Pop
be0bfa59-0b37-4780-92f7-8e7c2caee6cd,Claudine,The Bats,ab12633b-696e-461a-ac43-f68a26355fa5,pop rock,Pop
488aabee-d12a-480e-a2b9-ee19fc00fd73,Peggy Sue,The Beach Boys,ebfc1398-8d96-47e3-82c3-f782abcdb13d,"pop, pop rock, pop/rock, contemporary pop/rock",Pop
1d0dc7d5-ae08-4e01-891d-80f9be6592d9,Kona Coast,The Beach Boys,ebfc1398-8d96-47e3-82c3-f782abcdb13d,"pop, pop rock, pop/rock, contemporary pop/rock",Pop
e69048f6-cb9f-4f6e-a6ef-b4afb8877db3,Belles of Paris,The Beach Boys,ebfc1398-8d96-47e3-82c3-f782abcdb13d,"pop, pop rock, pop/rock, contemporary pop/rock",Pop
98e8ed49-0775-4c9d-8260-f30b851cd822,Ganz allein (In My Room),The Beach Boys,ebfc1398-8d96-47e3-82c3-f782abcdb13d,pop/rock,Pop
5fefa207-6f21-4720-8861-fc4736c706a0,Pitter Patter,The Beach Boys,ebfc1398-8d96-47e3-82c3-f782abcdb13d,"pop, pop rock, pop/rock, contemporary pop/rock",Pop
d05e46b5-39ea-402e-a8b0-f3c8d948d9b7,My Diane,The Beach Boys,ebfc1398-8d96-47e3-82c3-f782abcdb13d,"pop rock, pop/rock, contemporary pop/rock",Pop
b4e11510-1c22-445b-846b-cf01cc34fb87,Wouldn't It Be Nice,The Beach Boys,ebfc1398-8d96-47e3-82c3-f782abcdb13d,"pop, classic pop",Pop
68d5021a-e5fd-4a93-ad53-9958791a3250,Hey Little Tomboy,The Beach Boys,ebfc1398-8d96-47e3-82c3-f782abcdb13d,"pop, pop rock, pop/rock, contemporary pop/rock",Pop
01d9566c-dfc4-4ea8-97ba-3b58e850ed53,Rollin’ and Tumblin’,The Gentrys,f0d08a81-44ad-4a86-b0ab-da357d07c047,pop rock,Pop
c36c24bf-2eda-432b-97ac-8b667b4b2de6,South Bound Train,The Gentrys,f0d08a81-44ad-4a86-b0ab-da357d07c047,pop rock,Pop
b3293b43-af1a-4897-9669-ef5be71417c7,Stroll On,The Gentrys,f0d08a81-44ad-4a86-b0ab-da357d07c047,pop rock,Pop
562ade8a-42ee-441d-a8fa-50383fae982c,I Need Love,The Gentrys,f0d08a81-44ad-4a86-b0ab-da357d07c047,pop rock,Pop
f80b3327-9c56-4a0b-906a-3bcf9d51ecf4,Why Should I Cry,The Gentrys,f0d08a81-44ad-4a86-b0ab-da357d07c047,pop rock,Pop
2e745f46-1695-4b62-80ed-bcaacd0d41f3,Cable Car,The Hollies,d4305549-6b4e-4a57-b24d-8af0743fe191,"pop, am pop, pop/rock, contemporary pop/rock, rock/pop",Pop
3b578443-29b2-4a1d-84b3-294231444c7d,Do You Believe in Love,The Hollies,d4305549-6b4e-4a57-b24d-8af0743fe191,"pop, am pop, pop/rock, contemporary pop/rock, rock/pop",Pop
766631fc-3f1e-410a-b30b-7ac7427a60f9,She Looked My Way,The Hollies,d4305549-6b4e-4a57-b24d-8af0743fe191,"pop, pop rock, rock/pop",Pop
22e95152-6741-4dfb-b519-6989d48e6d4b,Why Didn't You Believe?,The Hollies,d4305549-6b4e-4a57-b24d-8af0743fe191,"pop, am pop, pop/rock, contemporary pop/rock, rock/pop",Pop
9f92d4c3-c837-4716-a620-85335184559f,Goodbye Tomorrow,The Hollies,d4305549-6b4e-4a57-b24d-8af0743fe191,"pop, am pop, pop/rock, contemporary pop/rock, rock/pop",Pop
cbafa2ac-f294-4bc4-b2cf-8734682e3601,Long Dark Road,The Hollies,d4305549-6b4e-4a57-b24d-8af0743fe191,"pop, am pop, pop/rock, contemporary pop/rock, rock/pop",Pop
aa576127-7cf4-4363-8cd6-0525fb127b7a,Man With No Expression,The Hollies,d4305549-6b4e-4a57-b24d-8af0743fe191,"pop, pop rock, rock/pop",Pop
b4df319f-15de-4dcf-94e1-158d9962b3b3,Don’t Give Up Easily,The Hollies,d4305549-6b4e-4a57-b24d-8af0743fe191,"pop, am pop, pop/rock, contemporary pop/rock, rock/pop",Pop
171f26b6-38bf-4544-a6e2-41d83533b734,I'm a Hog for You Baby,The Kinks,17b53d9f-5c63-4a09-a593-dde4608e0db9,pop rock,Pop
e1487c97-9b64-41f0-8943-2564bad1bf6c,She's Got Everything,The Kinks,17b53d9f-5c63-4a09-a593-dde4608e0db9,pop rock,Pop
8609e31f-8c1e-4f93-8f52-f850d615c149,See My Friends,The Kinks,17b53d9f-5c63-4a09-a593-dde4608e0db9,pop rock,Pop
d6d70e26-4215-4fe8-9085-f41e70fa79c6,This I Know,The Kinks,17b53d9f-5c63-4a09-a593-dde4608e0db9,pop rock,Pop
7cb4c8d5-3529-4ac5-974c-a5923e16389b,All Night Stand,The Kinks,17b53d9f-5c63-4a09-a593-dde4608e0db9,pop rock,Pop
be6b8809-81bc-44e9-8e36-948d7cad3175,There's a New World Just Opening for Me,The Kinks,17b53d9f-5c63-4a09-a593-dde4608e0db9,pop rock,Pop
b2c609ee-78c7-4eb6-b225-d6b6f720b795,Tired of Waiting for You,The Kinks,17b53d9f-5c63-4a09-a593-dde4608e0db9,"pop rock, contemporary pop/rock",Pop
39ca073b-5995-4fe6-a173-946949b1d133,Dedicated Follower of Fashion,The Kinks,17b53d9f-5c63-4a09-a593-dde4608e0db9,pop rock,Pop
d2e302e1-96ac-4988-9b47-be7661deac63,Homineau,The Left Rights,a5d919fe-69ad-4f19-9642-98edd6172e63,pop/rock,Pop
f060ee01-88b3-4d9d-ad1c-6ef08fa2ae67,Horny,The Left Rights,a5d919fe-69ad-4f19-9642-98edd6172e63,pop/rock,Pop
421744ec-347c-4821-8db8-6b9e6132fb74,Friends,The Left Rights,a5d919fe-69ad-4f19-9642-98edd6172e63,pop/rock,Pop
7a913650-8c07-46a3-a0c8-5c10ed166710,Take a Shit,The Left Rights,a5d919fe-69ad-4f19-9642-98edd6172e63,pop/rock,Pop
97e9e39f-6ee5-4939-be20-c6fa651480b1,Place Disclaimer Here,The Left Rights,a5d919fe-69ad-4f19-9642-98edd6172e63,pop/rock,Pop
0fa42139-808e-4217-aeb0-4bc58a661650,Poo Out My Ass,The Left Rights,a5d919fe-69ad-4f19-9642-98edd6172e63,pop/rock,Pop
b57d031d-e5f1-4edd-9cf3-4c517d528a98,Word,The Left Rights,a5d919fe-69ad-4f19-9642-98edd6172e63,pop/rock,Pop
6d589a83-8d0c-471c-96ee-7947d4402701,Darling Be Home Soon,The Lovin’ Spoonful,abc08d4f-4e3c-4b5a-b1e8-d324cd6a2f92,"electronic, electropop",Pop
ecec3b90-bc0d-4ba5-9db2-649628fab56a,Barbara’s Theme,The Lovin’ Spoonful,abc08d4f-4e3c-4b5a-b1e8-d324cd6a2f92,"pop rock, pop/rock",Pop
b88452a1-7d78-4f50-83fd-b4bc1eb769e5,Alley Oop,The Lovin’ Spoonful,abc08d4f-4e3c-4b5a-b1e8-d324cd6a2f92,"rock, pop, pop rock, pop/rock, contemporary pop/rock",Pop
cdc760f8-6232-42d5-b830-93477c8767a9,"Girl, Beautiful Girl (Barbara’s Theme)",The Lovin’ Spoonful,abc08d4f-4e3c-4b5a-b1e8-d324cd6a2f92,"pop rock, pop/rock",Pop
6bb16399-2532-431e-9478-db717504bacd,Wash Her Away,The Lovin’ Spoonful,abc08d4f-4e3c-4b5a-b1e8-d324cd6a2f92,"pop rock, pop/rock",Pop
fc06d79b-b0ae-46ec-a7a3-4aa7df8a4f54,Dixieland – Big Boy Now,The Lovin’ Spoonful,abc08d4f-4e3c-4b5a-b1e8-d324cd6a2f92,"pop rock, pop/rock",Pop
e4d35c7c-239a-486d-bb1b-f16f9a2dc3cb,Blues in the Bottle (alternate vocal version),The Lovin’ Spoonful,abc08d4f-4e3c-4b5a-b1e8-d324cd6a2f92,"rock, pop, pop rock, pop/rock, contemporary pop/rock",Pop
f9015b84-4ff9-473c-99c5-1a700f497740,Wild About My Lovin’ (alternate vocal version),The Lovin’ Spoonful,abc08d4f-4e3c-4b5a-b1e8-d324cd6a2f92,"rock, pop, pop rock, pop/rock, contemporary pop/rock",Pop
f17ccf10-1ed1-4304-bb87-7c8be7b7f98d,My Bloody Mary,The Refreshments,f007e70c-40c7-406c-ae8f-27a380e8f7ee,pop/rock,Pop
5034e9d0-2fe0-409f-bd79-94b0cfb0804c,In the Back of a Pontiac,The Refreshments,f007e70c-40c7-406c-ae8f-27a380e8f7ee,pop/rock,Pop
14d96163-2620-4266-8422-a2d0c5e59331,"Easy to Pick Up, Hard to Put Down",The Refreshments,f007e70c-40c7-406c-ae8f-27a380e8f7ee,pop/rock,Pop
32fa9c01-db57-4a1c-aa65-f6b8a00eede9,Fair Share,The Refreshments,f007e70c-40c7-406c-ae8f-27a380e8f7ee,pop/rock,Pop
da255db9-ae72-4b67-8487-4894f3ee8f58,For You,The Refreshments,f007e70c-40c7-406c-ae8f-27a380e8f7ee,pop/rock,Pop
41c535e3-9a70-4983-9678-053f5d1e8acd,Love-Generator,The Refreshments,f007e70c-40c7-406c-ae8f-27a380e8f7ee,pop/rock,Pop
3b92ca94-9185-4b8a-9073-82c276acd7c0,Russian Roulette,The Refreshments,f007e70c-40c7-406c-ae8f-27a380e8f7ee,pop/rock,Pop
620fee5a-ab6b-4aa4-8776-1c112c09d8d9,Old Black Joe (I'm Coming Home),The Refreshments,f007e70c-40c7-406c-ae8f-27a380e8f7ee,pop/rock,Pop
1468ac28-6fff-458f-8fc0-eeccf9e65fe0,The Way We Were Goodnight,The Residents,8c9b336e-acc8-4e20-9195-6ed0634da9fc,pop/rock,Pop
67565ccc-df81-4987-afce-0268695d7cd5,The Way We Were,The Residents,8c9b336e-acc8-4e20-9195-6ed0634da9fc,pop/rock,Pop
db2bb189-0c7d-4c4a-b831-74356669a7be,Walter Westinghouse,The Residents,8c9b336e-acc8-4e20-9195-6ed0634da9fc,pop/rock,Pop
76c0285c-9916-473e-a1cb-121608edc5fe,Ninth Rain,The Residents,8c9b336e-acc8-4e20-9195-6ed0634da9fc,pop/rock,Pop
680a08f3-8ecf-4b3e-ae9b-f7c578cc0906,Deadwood,The Residents,8c9b336e-acc8-4e20-9195-6ed0634da9fc,pop/rock,Pop
481d6acb-9048-4340-b598-e3fd679abc44,Conceiving Ada Titles,The Residents,8c9b336e-acc8-4e20-9195-6ed0634da9fc,pop/rock,Pop
b4354fc0-36e1-4113-819c-aee41f304c1e,I Hear Ya Got Religion,The Residents,8c9b336e-acc8-4e20-9195-6ed0634da9fc,pop/rock,Pop
63eebf46-d6b6-4da0-87dc-3250a42c0df8,Shangri ’La,The Rubettes,af64d87b-4114-48e8-8c9a-b61b314a4bd4,pop/rock,Pop
2bbf1b10-5c60-411d-8b41-bb3e3ab47388,Truth of the Matter,The Rubettes,af64d87b-4114-48e8-8c9a-b61b314a4bd4,pop/rock,Pop
4d40d522-29e6-4230-a24e-4a43e6b7e4a0,Does It Gotta Be Rock ’n’ Roll,The Rubettes,af64d87b-4114-48e8-8c9a-b61b314a4bd4,pop/rock,Pop
eb1b4a18-c079-4cf1-800e-a3230efc2177,Sometime in Oldchurch,The Rubettes,af64d87b-4114-48e8-8c9a-b61b314a4bd4,pop/rock,Pop
b8264174-8ca9-4203-b639-ee6f6b564e43,No No Cherie,The Rubettes,af64d87b-4114-48e8-8c9a-b61b314a4bd4,pop/rock,Pop
58032165-c82a-4fc1-9b63-d67195fe8257,Come On Over,The Rubettes,af64d87b-4114-48e8-8c9a-b61b314a4bd4,pop/rock,Pop
22089b10-8be2-4b6f-a08b-39d4d22f218b,Together,The Troggs,4aec87a5-f33e-4bd6-89f2-0c96188c8372,"pop/rock, contemporary pop/rock",Pop
62c545ab-82de-461c-84ad-8fc5b1d7624e,Hot Stuff,The Troggs,4aec87a5-f33e-4bd6-89f2-0c96188c8372,"pop/rock, contemporary pop/rock",Pop
17d14ba5-a6cf-4036-936a-16c0b6500f15,Tuned Into Love,The Troggs,4aec87a5-f33e-4bd6-89f2-0c96188c8372,"pop/rock, contemporary pop/rock",Pop
fd2e628f-4d06-4ee7-ad88-94d392996e08,Crazy Annie,The Troggs,4aec87a5-f33e-4bd6-89f2-0c96188c8372,"pop/rock, contemporary pop/rock",Pop
cf9e9683-db3a-4d3e-ba6a-f2e940fc090b,Dust Bowl,The Troggs,4aec87a5-f33e-4bd6-89f2-0c96188c8372,"pop/rock, contemporary pop/rock",Pop
028ae216-1aee-4f6b-907e-5ed3c8597351,Cooler than Latch (Disclosure & Sam Smith vs. Mike Posner),The White Panda,899ecb73-4a66-426c-a602-49e2f1223172,"electropop, mashup",Pop
73b50089-382d-47d8-9ac4-6bd501cce31a,Radioactive Funeral (Imagine Dragons vs. Band of Horses),The White Panda,899ecb73-4a66-426c-a602-49e2f1223172,"electropop, mashup",Pop
4e32296f-77a3-4006-97d1-02d3f73d00ed,Firefly (Ellie Goulding vs. The Lumineers vs. A$AP Rocky),The White Panda,899ecb73-4a66-426c-a602-49e2f1223172,"electropop, mashup",Pop
0476ed52-15b5-4838-bfd4-db215df563d9,Cashin' Dreams (Ca$h Out vs. Smallpools),The White Panda,899ecb73-4a66-426c-a602-49e2f1223172,"electropop, mashup",Pop
91a69d7c-c912-4921-b731-2d1984aa8b3f,A Night Out Flying (Martin Solveig vs. Tom Petty),The White Panda,899ecb73-4a66-426c-a602-49e2f1223172,"electropop, mashup",Pop
0108cb34-d19f-4073-a58f-3609df3207ff,One Little Girl,Toad the Wet Sprocket,f70ee0c3-8ce0-4ca6-9208-06b60bc69e27,"pop/rock, contemporary pop/rock",Pop
aeebb1fb-f08a-4bd4-80c8-3b5f24b5da52,Scenes from a Vinyl Recliner,Toad the Wet Sprocket,f70ee0c3-8ce0-4ca6-9208-06b60bc69e27,"pop/rock, contemporary pop/rock",Pop
d42486b4-fdf0-4a53-acdc-5a3df60876ed,Hold Her Down,Toad the Wet Sprocket,f70ee0c3-8ce0-4ca6-9208-06b60bc69e27,"pop/rock, contemporary pop/rock",Pop
9cece3c1-bafb-4a66-8de2-83cf52bae85a,Jam,Toad the Wet Sprocket,f70ee0c3-8ce0-4ca6-9208-06b60bc69e27,"pop/rock, contemporary pop/rock",Pop
8953b455-d276-493b-bb48-123fd1f46758,Come Back Down,Toad the Wet Sprocket,f70ee0c3-8ce0-4ca6-9208-06b60bc69e27,"pop/rock, contemporary pop/rock",Pop
03d069d6-6257-4f27-b69f-c15d0857fe8a,OH YEAH,YUI,80d1d7e0-fdab-4009-8375-54bd63d74c0e,"pop, j-pop, pop rock",Pop
c655a42b-a29f-4c13-8205-b86a95cb7109,It’s all right,YUI,80d1d7e0-fdab-4009-8375-54bd63d74c0e,"pop, j-pop, pop rock",Pop
639ae8f3-8798-4a42-b051-b5a204887bf3,We will go,YUI,80d1d7e0-fdab-4009-8375-54bd63d74c0e,"pop, j-pop, pop rock",Pop
fc5ea5ca-b825-49ec-8595-df92f8434a77,Find me,YUI,80d1d7e0-fdab-4009-8375-54bd63d74c0e,"pop, j-pop, pop rock",Pop
2f890891-6818-4dee-ac38-045d6dc0903b,Laugh away,YUI,80d1d7e0-fdab-4009-8375-54bd63d74c0e,"pop, j-pop, pop rock",Pop
60afb89b-2bc4-4b9a-bd28-74f25dd31a47,Tuesday,Yazoo,42922db2-2e80-44b8-9cdf-0b3a6634c124,"electronic, synthpop, pop, new wave, synth-pop, electropop, synthpop_electronic_synthpop_electronic",Pop
d0b83b40-85e8-4d44-9b58-a9c280065ab9,Goodbye '70s,Yazoo,42922db2-2e80-44b8-9cdf-0b3a6634c124,"electronic, synthpop, pop, new wave, synth-pop, dance-pop, alternative dance, romantic, synth pop, synthpop_electronic_synthpop_electronic_synthpop_electronic_synthpop_electronic_synthpop_electronic_synthpop, pop/rock, alternative/indie rock, punk/new wave",Pop
e523895f-7a2f-481b-afdd-c1c3fc93e3de,Midnight,Yazoo,42922db2-2e80-44b8-9cdf-0b3a6634c124,"rock, electronic, synthpop, pop, new wave, synth-pop, electropop, dance-pop, alternative dance, synth pop, synthpop_electronic_synthpop_electronic_synthpop_electronic_synthpop_electronic_synthpop_electronic_synthpop, pop/rock, alternative/indie rock, punk/new wave",Pop
4a81146f-48b9-4ae2-a04f-e90ca7b32b0d,State Farm,Yazoo,42922db2-2e80-44b8-9cdf-0b3a6634c124,"electronic, synthpop, pop, synth-pop, synthpop_electronic_synthpop_electronic_synthpop_electronic_synthpop_electronic_synthpop_electronic_synthpop",Pop
5f914cef-0744-4796-a6bf-fd1bc3fcdec3,Ode to Boy,Yazoo,42922db2-2e80-44b8-9cdf-0b3a6634c124,"synthpop, synth-pop, synthpop_electronic_synthpop_electronic_synthpop_electronic_synthpop_electronic_synthpop_electronic_synthpop",Pop
5959c093-912a-431d-a3e5-8e6d18ef27e4,Nobody’s Diary,Yazoo,42922db2-2e80-44b8-9cdf-0b3a6634c124,"synthpop, new wave, synth-pop, synthpop_electronic_synthpop_electronic",Pop
6cf4adc4-a109-4a7f-b48f-cd2de638b333,Mr Blue,Yazoo,42922db2-2e80-44b8-9cdf-0b3a6634c124,"rock, electronic, synthpop, pop, new wave, synth-pop, synthpop_electronic_synthpop_electronic_synthpop_electronic_synthpop_electronic_synthpop_electronic_synthpop",Pop
29b5a955-8dfe-47f0-98cf-ce6d0817d8fc,Only You (1999 mix),Yazoo,42922db2-2e80-44b8-9cdf-0b3a6634c124,"electronic, synthpop, pop, new wave, synth-pop, electropop, synthpop_electronic_synthpop_electronic",Pop
20316fda-5864-455e-ad93-89ab26a9d22d,2084,Yot Club,7df45a14-19d1-4273-b073-c7292790a6a6,"pop, indie pop, alternative pop",Pop
4a3c8e69-f0a1-42ca-9058-8f23eb9d7042,New Day,Yot Club,7df45a14-19d1-4273-b073-c7292790a6a6,"pop, indie pop, alternative pop",Pop
852f7e9e-fbab-46f8-a188-252c42fdebaa,Nostalgia,Yot Club,7df45a14-19d1-4273-b073-c7292790a6a6,"pop, indie pop, alternative pop",Pop
fd5c2a51-10e4-4eb2-b9a8-0ba0b4496961,Pixel,Yot Club,7df45a14-19d1-4273-b073-c7292790a6a6,"pop, indie pop, alternative pop",Pop
90add391-d8d9-46da-a5ec-4e92a52209ae,Human Nature,Yot Club,7df45a14-19d1-4273-b073-c7292790a6a6,"pop, indie pop, alternative pop",Pop
c3b395a5-b654-422f-8953-fbfdad6d9ce9,Lazy Eyes,Yot Club,7df45a14-19d1-4273-b073-c7292790a6a6,"pop, indie pop, alternative pop",Pop
fb760170-8db8-4962-9461-8cf231e33625,Other World,Yot Club,7df45a14-19d1-4273-b073-c7292790a6a6,"pop, indie pop, alternative pop",Pop
d27d9be5-cf3e-40a7-97cc-1dc7ebeed343,Rufus,Yot Club,7df45a14-19d1-4273-b073-c7292790a6a6,"pop, indie pop, alternative pop",Pop
927526b6-51e8-494f-ab8d-2973266e5b21,Hell Ain't a Bad Place to Be,AC/DC,66c662b6-6e2f-4930-8610-912e24c63ed1,hard rock,Rock
f5c4e9af-d5de-4298-b283-e738eb1f7620,Thunderstruck,AC/DC,66c662b6-6e2f-4930-8610-912e24c63ed1,hard rock,Rock
509d10f1-c427-4689-ac12-1800997264d2,Shot Down in Flames,AC/DC,66c662b6-6e2f-4930-8610-912e24c63ed1,hard rock,Rock
9ca307b9-335c-4ca3-ad7c-b79e73dd7b03,That’s the Way I Wanna Rock ’n’ Roll,AC/DC,66c662b6-6e2f-4930-8610-912e24c63ed1,hard rock,Rock
7f634793-e781-40dd-adef-bd9aacb1bea8,Money Shot,AC/DC,66c662b6-6e2f-4930-8610-912e24c63ed1,hard rock,Rock
f8078370-28c4-4e6a-8285-cab42867f857,Safe in New York City,AC/DC,66c662b6-6e2f-4930-8610-912e24c63ed1,hard rock,Rock
e7749498-cc3d-4cad-a942-eb1a9fd97e90,T.N.T.,AC/DC,66c662b6-6e2f-4930-8610-912e24c63ed1,hard rock,Rock
0c960e21-e381-49ba-8d4f-1c409ebccf84,Nick of Time (live),AC/DC,66c662b6-6e2f-4930-8610-912e24c63ed1,hard rock,Rock
50044ab6-dabf-40d6-912a-ead5046948f3,Menschenlieder,ASP,8de149a4-bbdc-4d15-aeea-0d66773c9f80,"rock, goth rock, rock/goth rock",Rock
4bff61d7-db28-48e6-ab5a-cbdafeb5a8f1,Lykanthropie (Monozelle remix),ASP,8de149a4-bbdc-4d15-aeea-0d66773c9f80,"rock, goth rock, rock/goth rock",Rock
48c34d60-ca56-455e-aa3f-1cd0e275f9a4,Schwarzer Schmetterling (Götterfunken-Version),ASP,8de149a4-bbdc-4d15-aeea-0d66773c9f80,"rock, goth rock, rock/goth rock",Rock
1b84de8a-2153-47dc-946b-938a25df9ffe,Die kleine Ballade vom schwarzen Schmetterling (demo 1999),ASP,8de149a4-bbdc-4d15-aeea-0d66773c9f80,"rock, goth rock, rock/goth rock",Rock
84af4f98-2dbd-487a-ae41-bc741cc502f4,Sing Child (Dark Dance remix by Cenobita),ASP,8de149a4-bbdc-4d15-aeea-0d66773c9f80,"rock, goth rock, rock/goth rock",Rock
99440d42-38c3-48d8-ace5-f3685d699a89,Schwarzer Schmetterling (Evil Side remix by Siechtum),ASP,8de149a4-bbdc-4d15-aeea-0d66773c9f80,"rock, goth rock, rock/goth rock",Rock
2db18c8c-0525-4e14-8e5a-80ce3a1b4e41,Lykanthropie (Umbra et Imago remix),ASP,8de149a4-bbdc-4d15-aeea-0d66773c9f80,"rock, goth rock, rock/goth rock",Rock
356fd0a7-c078-4d15-aa65-7e0c3cfc1c51,She Wore Shadows (live),ASP,8de149a4-bbdc-4d15-aeea-0d66773c9f80,"rock, goth rock, rock/goth rock",Rock
7db315f9-d73a-4ebf-9dde-84a106b9c9b5,Before My Eyes,Aemen,df7ad911-c007-434b-8671-bcf7719e2a9f,"rock, goth rock, rock/goth rock",Rock
c78a8424-5728-424d-ad21-f37104522990,Sorry!,Aemen,df7ad911-c007-434b-8671-bcf7719e2a9f,"rock, goth rock, rock/goth rock",Rock
92307313-69dc-49a4-8324-fbeacb54e022,Awakening,Aemen,df7ad911-c007-434b-8671-bcf7719e2a9f,"rock, goth rock, rock/goth rock",Rock
4f4b0a91-b6e8-42be-8267-fb3e6d59731b,Ever Followed a Butterfly's Erratic Flight?,Aemen,df7ad911-c007-434b-8671-bcf7719e2a9f,"rock, goth rock, rock/goth rock",Rock
d17f0706-1ace-43da-a21f-718f99d3c3e8,How Are You Today?,Aemen,df7ad911-c007-434b-8671-bcf7719e2a9f,"rock, goth rock, rock/goth rock",Rock
ca2474eb-f1db-4d06-9c55-f18871d46b0a,Orange-Red,Aemen,df7ad911-c007-434b-8671-bcf7719e2a9f,"rock, goth rock, rock/goth rock",Rock
3fb0b9bc-5279-4e7e-947e-aafcc74b9b5a,The Christmas Song,Alex Chilton,18b2f43a-fc98-4aab-b69c-eaaba41fecbc,indie rock,Rock
07746ec8-f0c3-4aad-8c37-01eacedd175f,Funny (But I Still Love You),Alex Chilton,18b2f43a-fc98-4aab-b69c-eaaba41fecbc,indie rock,Rock
9a4f3fb0-178d-4119-9a82-61a63bafc603,There Will Never Be Another You,Alex Chilton,18b2f43a-fc98-4aab-b69c-eaaba41fecbc,indie rock,Rock
f0fb6185-11f7-43f3-bf04-b2ee71390623,B-A-B-Y,Alex Chilton,18b2f43a-fc98-4aab-b69c-eaaba41fecbc,alternative rock,Rock
23c6d880-5e3c-4a7a-a63c-d861e7c97f9b,Thank You John,Alex Chilton,18b2f43a-fc98-4aab-b69c-eaaba41fecbc,alternative rock,Rock
d51ea8c5-9548-4cac-8107-cf49c0c2e556,Gavotte,Alex Chilton,18b2f43a-fc98-4aab-b69c-eaaba41fecbc,indie rock,Rock
e62b6ceb-d522-4d42-9cb0-2871ddf66742,Dead Babies,Alice Cooper,4d7928cd-7ed2-4282-8c29-c0c9f966f1bd,hard rock,Rock
e005ff61-ef36-4127-a111-433b92e71f6c,Unfinished Sweet,Alice Cooper,4d7928cd-7ed2-4282-8c29-c0c9f966f1bd,hard rock,Rock
020d27c1-22e8-4306-8dfc-57be58e37c42,Up All Night,Alice Cooper,4d7928cd-7ed2-4282-8c29-c0c9f966f1bd,hard rock,Rock
a698416b-8c08-46c3-b39f-dd849549500b,Wild Ones,Alice Cooper,4d7928cd-7ed2-4282-8c29-c0c9f966f1bd,hard rock,Rock
d406b615-75b8-4b2e-b8e0-85c93384f3a1,Blood on the Sun,Alice Cooper,4d7928cd-7ed2-4282-8c29-c0c9f966f1bd,hard rock,Rock
db0900cf-6c45-406a-8133-5c3195a60474,"Solitude, My Friend",Angel Blake,6d4535d2-b4f0-4bd4-b675-31432ab3bf5a,"rock, goth rock, rock/goth rock",Rock
a4db99c3-1d26-4ff1-a487-de7ad63d3cee,...'til the End,Angel Blake,6d4535d2-b4f0-4bd4-b675-31432ab3bf5a,"rock, goth rock, rock/goth rock",Rock
f8c57a43-e60e-407f-952c-8d2267a85873,The Force,Angel Blake,6d4535d2-b4f0-4bd4-b675-31432ab3bf5a,"rock, goth rock, rock/goth rock",Rock
15bc9c38-f398-414a-b094-e8da1aef6388,Self-Terminate,Angel Blake,6d4535d2-b4f0-4bd4-b675-31432ab3bf5a,"rock, goth rock, rock/goth rock",Rock
0ac806b0-f5f3-44bb-944e-efbae3230fb9,Lycanthrope,Angel Blake,6d4535d2-b4f0-4bd4-b675-31432ab3bf5a,"rock, goth rock, rock/goth rock",Rock
7efeedb2-22b2-433d-9ab4-a77e6346c8c6,The Request,Artrosis,2f4375ea-6192-4263-b585-5b5c0c682fd8,"rock, goth rock, rock/goth rock",Rock
c759c4e9-a06c-4739-b081-1c961496c0e2,(,Artrosis,2f4375ea-6192-4263-b585-5b5c0c682fd8,"rock, goth rock, rock/goth rock",Rock
2c204788-844d-4310-8b13-6352caf167d7,Hypnosis,Artrosis,2f4375ea-6192-4263-b585-5b5c0c682fd8,"rock, goth rock, rock/goth rock",Rock
82ae5ae2-63ec-464c-a797-3c2ff0cba8a6,Towards the Top,Artrosis,2f4375ea-6192-4263-b585-5b5c0c682fd8,"rock, goth rock, rock/goth rock",Rock
3b9bd927-4e12-45e7-a010-d570bd6a5015,Hidden Dimension,Artrosis,2f4375ea-6192-4263-b585-5b5c0c682fd8,"rock, goth rock, rock/goth rock",Rock
d04febcf-0d73-4588-a51a-dc48dda009e4,Crazy,Artrosis,2f4375ea-6192-4263-b585-5b5c0c682fd8,"rock, goth rock, rock/goth rock",Rock
1a68cd40-fc6c-4829-93be-4ae7c85bcb73,Shake Your Heads,Atrocity,1e1ebd69-65e9-45aa-8a8f-0930a53cc7ee,"rock, goth rock, rock/goth rock",Rock
1d2df515-f158-4e39-a34d-e896ffdb800c,Godless Years,Atrocity,1e1ebd69-65e9-45aa-8a8f-0930a53cc7ee,"rock, goth rock, rock/goth rock",Rock
9627375f-5bff-4ed4-96f6-f70e1f118e49,Leichenfeier,Atrocity,1e1ebd69-65e9-45aa-8a8f-0930a53cc7ee,"rock, goth rock, rock/goth rock",Rock
1c3dbee5-7237-445b-b4e3-6b125bd44896,Taste of Sin (Atrocity remix),Atrocity,1e1ebd69-65e9-45aa-8a8f-0930a53cc7ee,"rock, goth rock, rock/goth rock",Rock
f8ba16ff-1d07-4fcf-8c4d-4f85dbabc78c,Gottes Tod,Atrocity,1e1ebd69-65e9-45aa-8a8f-0930a53cc7ee,"rock, goth rock, rock/goth rock",Rock
59ced6f6-d6e6-4c4e-aef9-a6ede98b1d78,Shotgun Rider,Bachman–Turner Overdrive,7a3b3f80-04b8-4968-b432-fbcd3f350716,"classic rock, aor classic rock",Rock
02c9dea7-d1e9-4663-9b36-e4ff1513a54b,Four Wheel Drive,Bachman–Turner Overdrive,7a3b3f80-04b8-4968-b432-fbcd3f350716,"classic rock, aor classic rock",Rock
8e2e22b1-69a2-423b-a23c-9032ca22e59a,Give It Time,Bachman–Turner Overdrive,7a3b3f80-04b8-4968-b432-fbcd3f350716,"classic rock, aor classic rock",Rock
a94f9e68-406b-429e-8df8-3140df4d3cc4,Welcome Home,Bachman–Turner Overdrive,7a3b3f80-04b8-4968-b432-fbcd3f350716,"classic rock, aor classic rock",Rock
6264a7b6-8f74-4f70-a234-f6194754315d,She’s Keepin’ Time,Bachman–Turner Overdrive,7a3b3f80-04b8-4968-b432-fbcd3f350716,classic rock,Rock
5467f5fc-f34e-4254-a7c8-062a9c3f5b56,Hold Back the Water,Bachman–Turner Overdrive,7a3b3f80-04b8-4968-b432-fbcd3f350716,"classic rock, aor classic rock",Rock
a231b16e-f8b3-4717-acaf-7a78f8841bc8,Don’t Let the Blues Get You Down,Bachman–Turner Overdrive,7a3b3f80-04b8-4968-b432-fbcd3f350716,"classic rock, aor classic rock",Rock
c9efda51-d2ec-49a9-9144-5ec1dd7a60b7,Thank You for the Feelin’,Bachman–Turner Overdrive,7a3b3f80-04b8-4968-b432-fbcd3f350716,"classic rock, aor classic rock",Rock
1c8773d0-843d-4252-afc1-6d230ad4da2a,When the Morning Comes,Black Country Communion,9ebaa4d9-d8ca-4783-a262-cd895c5ad168,classic rock,Rock
a14f0cad-29bb-4069-b272-d14c7c24720b,Over My Head,Black Country Communion,9ebaa4d9-d8ca-4783-a262-cd895c5ad168,classic rock,Rock
0393e093-0766-4be6-ad34-d77137de142c,Sway,Black Country Communion,9ebaa4d9-d8ca-4783-a262-cd895c5ad168,classic rock,Rock
6d1091de-707c-47b1-ac9e-9237c7eb0ebb,The Crow,Black Country Communion,9ebaa4d9-d8ca-4783-a262-cd895c5ad168,classic rock,Rock
1b845053-e7d8-4842-b3c6-c3ec930f91d8,Wanderlust,Black Country Communion,9ebaa4d9-d8ca-4783-a262-cd895c5ad168,classic rock,Rock
2bcc3126-2605-45d1-a9a6-9f5e42c9afa2,Fly at Night (reprise),Chilliwack,2c64e662-bca3-42f2-93d4-c826a05c2201,classic rock,Rock
9239dcd8-2891-485d-9c00-790024698203,Rain-O,Chilliwack,2c64e662-bca3-42f2-93d4-c826a05c2201,classic rock,Rock
d8ece923-6a24-4ac6-a4e3-e8663e148c95,You're Gonna Last,Chilliwack,2c64e662-bca3-42f2-93d4-c826a05c2201,hard rock,Rock
740bc90c-c2ae-412d-a06a-de9f84d77155,Seventeenth Summer,Chilliwack,2c64e662-bca3-42f2-93d4-c826a05c2201,classic rock,Rock
7ef72205-fce8-43fd-a8ed-56cd43889950,There's Something I Like About That,Chilliwack,2c64e662-bca3-42f2-93d4-c826a05c2201,classic rock,Rock
dd907a1b-d52f-4a4a-9e02-a7c7a0f89e84,Sundown,Chilliwack,2c64e662-bca3-42f2-93d4-c826a05c2201,classic rock,Rock
e8b33762-9d01-47ea-a9cf-f9d44ba89efc,London Town,Chris Spedding,74023430-99ac-4517-b7a6-f0cf0120a47d,classic rock,Rock
8f20a183-9520-45d7-a24b-a7cf27083678,Listen While I Sing My Song,Chris Spedding,74023430-99ac-4517-b7a6-f0cf0120a47d,classic rock,Rock
0dd2a8b7-454d-4cf3-b49f-7e9c5be5e57b,Should the Occasion Arise,Chris Spedding,74023430-99ac-4517-b7a6-f0cf0120a47d,classic rock,Rock
b7673648-9993-44f7-875c-d531e6bed125,The Dark End of the Street,Chris Spedding,74023430-99ac-4517-b7a6-f0cf0120a47d,classic rock,Rock
8247b403-1a93-4baa-bc8a-cb085864a066,She’s My Friend,Chris Spedding,74023430-99ac-4517-b7a6-f0cf0120a47d,classic rock,Rock
8601325c-2bd5-4a86-bbec-52a246dfe137,Good Time Crowd,Chuck Prophet,61568439-b790-4e96-9b4f-64503ce0ab12,alternative rock,Rock
9787d785-ea3d-493a-95cd-b0b6eec7920a,Somewhere Down the Road,Chuck Prophet,61568439-b790-4e96-9b4f-64503ce0ab12,alternative rock,Rock
2ceae0a1-d7fc-4512-86ee-71a934b81622,You Did (Bomp Shooby Dooby Bomp),Chuck Prophet,61568439-b790-4e96-9b4f-64503ce0ab12,alternative rock,Rock
92148b79-aae4-43c8-b60a-c01902190d55,I Couldn't Be Happier,Chuck Prophet,61568439-b790-4e96-9b4f-64503ce0ab12,alternative rock,Rock
e3b5e46b-4628-4552-b45d-6b6d1e65c70d,Shore Patrol,Chuck Prophet,61568439-b790-4e96-9b4f-64503ce0ab12,alternative rock,Rock
48f2cc34-edac-4ea3-9514-4123ddb60ed5,Hot Talk,Chuck Prophet,61568439-b790-4e96-9b4f-64503ce0ab12,alternative rock,Rock
83d431e2-6c06-4f9e-9657-2f2a5e3edfc1,I Bow Down and Pray to Every Woman I See,Chuck Prophet,61568439-b790-4e96-9b4f-64503ce0ab12,alternative rock,Rock
2c854eb9-7094-4af1-8d75-333b2f8e048c,Willie Mays Is Up at Bat,Chuck Prophet,61568439-b790-4e96-9b4f-64503ce0ab12,alternative rock,Rock
34c839fd-21f2-421a-bfa6-c3e00a69a21c,Mitten ins Herz,Coppelius,30c526fb-ccdc-4166-bcf3-a00e3ddb3753,"rock, goth rock, rock/goth rock",Rock
4e97f7b4-2e4e-4398-9d7b-d2b2620760f8,Keine Kamera,Coppelius,30c526fb-ccdc-4166-bcf3-a00e3ddb3753,"rock, goth rock, rock/goth rock",Rock
ae1e4b9b-5a8b-40a4-b311-7057a1cb2b1d,Glanz und Eleganz,Coppelius,30c526fb-ccdc-4166-bcf3-a00e3ddb3753,"rock, goth rock, rock/goth rock",Rock
06f06be5-d55a-45d6-bf56-654e349af273,"Bitten, danken, petitieren",Coppelius,30c526fb-ccdc-4166-bcf3-a00e3ddb3753,"rock, goth rock, rock/goth rock",Rock
e8ade9db-3c50-42a5-9929-1c8068bf5a3b,Butterblume,Coppelius,30c526fb-ccdc-4166-bcf3-a00e3ddb3753,"rock, goth rock, rock/goth rock",Rock
9ec6e164-fd3e-40fd-8f00-029d21df348e,I’d Change Everything,Coppelius,30c526fb-ccdc-4166-bcf3-a00e3ddb3753,"rock, goth rock, rock/goth rock",Rock
b88c175b-d720-4644-baaf-1b7372fdf221,Maria,Coppelius,30c526fb-ccdc-4166-bcf3-a00e3ddb3753,"rock, goth rock, rock/goth rock",Rock
d88d9429-fe59-4c9e-8b96-72e45f54a1ed,Reichtum,Coppelius,30c526fb-ccdc-4166-bcf3-a00e3ddb3753,"rock, goth rock, rock/goth rock",Rock
6657448e-7bb8-441b-9c1a-d7624f6a1829,American Baby,Dave Matthews Band,07e748f1-075e-428d-85dc-ce3be434e906,alternative rock,Rock
eae37af1-d686-4fa1-835a-db60117a7a6f,Everyday,Dave Matthews Band,07e748f1-075e-428d-85dc-ce3be434e906,alternative rock,Rock
d1242f05-ddb0-4b84-8262-e778c8ed3852,Warehouse,Dave Matthews Band,07e748f1-075e-428d-85dc-ce3be434e906,alternative rock,Rock
ac280665-4cab-40d1-8809-e04edb578aaf,Joy Ride,Dave Matthews Band,07e748f1-075e-428d-85dc-ce3be434e906,alternative rock,Rock
11e022f6-dad5-4ea6-a165-0e81bb03c73c,The Stone,Dave Matthews Band,07e748f1-075e-428d-85dc-ce3be434e906,alternative rock,Rock
534a2701-d6cd-420d-8b73-87148897e205,Typical Situation,Dave Matthews Band,07e748f1-075e-428d-85dc-ce3be434e906,alternative rock,Rock
4b53b0d9-efeb-467b-b9a5-f62652a63f92,One Sweet World,Dave Matthews Band,07e748f1-075e-428d-85dc-ce3be434e906,alternative rock,Rock
37189f06-3a24-4f5f-b72d-eb38a8c99df5,Everyone Says ‘Hi’ (Metro remix),David Bowie,5441c29d-3602-4898-b1a1-b77fa23b8e50,classic rock,Rock
9481cb51-201b-4226-84d3-75cb74eee930,All the Young Dudes,David Bowie,5441c29d-3602-4898-b1a1-b77fa23b8e50,classic rock,Rock
0f2b4264-ce9f-4bc4-8e33-1d0716287b10,Always Crashing in the Same Car,David Bowie,5441c29d-3602-4898-b1a1-b77fa23b8e50,classic rock,Rock
ce63011b-bdc9-4446-ab56-e4b1f33813fc,Fall Dog Bombs the Moon,David Bowie,5441c29d-3602-4898-b1a1-b77fa23b8e50,classic rock,Rock
c16bd013-774c-4edd-99a6-70996c92ae8e,Life on Mars?,David Bowie,5441c29d-3602-4898-b1a1-b77fa23b8e50,classic rock,Rock
263840b8-aaa0-4758-9701-b060ee55eb27,My Death,David Bowie,5441c29d-3602-4898-b1a1-b77fa23b8e50,classic rock,Rock
1cebe02d-c14e-4747-9b11-7f5e15c1bde0,Love You Till Tuesday,David Bowie,5441c29d-3602-4898-b1a1-b77fa23b8e50,classic rock,Rock
5825eb02-4a78-45fa-bfaf-9a47023005a6,Phil Solo,Def Leppard,7249b899-8db8-43e7-9e6e-22f1e736024e,hard rock,Rock
16036280-da66-4641-9f8f-69f0c8fc9cae,Hysteria,Def Leppard,7249b899-8db8-43e7-9e6e-22f1e736024e,classic rock,Rock
1340e9fc-e5c7-4016-8db4-b8706373264b,Gods of War,Def Leppard,7249b899-8db8-43e7-9e6e-22f1e736024e,hard rock,Rock
a97cf042-7ef4-41e9-91b8-325d29c82d64,Armageddon It,Def Leppard,7249b899-8db8-43e7-9e6e-22f1e736024e,hard rock,Rock
1a48e5db-cdc6-4285-b609-83f50f4d3e86,Foolin’,Def Leppard,7249b899-8db8-43e7-9e6e-22f1e736024e,hard rock,Rock
5ae26859-c774-49cf-933b-26a3a880631b,Hysteria,Def Leppard,7249b899-8db8-43e7-9e6e-22f1e736024e,classic rock,Rock
7e65e721-e940-49c0-b95d-db91683bcef5,Women,Def Leppard,7249b899-8db8-43e7-9e6e-22f1e736024e,classic rock,Rock
0feafb93-24da-4fd2-98e1-8e257ae1ab29,Rock of Ages,Def Leppard,7249b899-8db8-43e7-9e6e-22f1e736024e,hard rock,Rock
77e56892-5c3e-48a7-a8f0-ce07faf99704,Anew,Delight,4183764c-c68a-4492-8054-f19876d3fb18,"rock, goth rock, rock/goth rock",Rock
899ca87d-cc47-4340-be77-d1769e820cff,Backwards,Delight,4183764c-c68a-4492-8054-f19876d3fb18,"rock, goth rock, rock/goth rock",Rock
88827dec-f00d-4ace-aa5e-606a08c94a94,Revelation of a Sinner,Delight,4183764c-c68a-4492-8054-f19876d3fb18,"rock, goth rock, rock/goth rock",Rock
1ebf83dd-e8da-4c6c-8c0b-c2a1eedb4aec,Nymphaea,Delight,4183764c-c68a-4492-8054-f19876d3fb18,"rock, goth rock, rock/goth rock",Rock
bfa4626e-f79c-4460-b655-31efa7debc62,Orchard,Delight,4183764c-c68a-4492-8054-f19876d3fb18,"rock, goth rock, rock/goth rock",Rock
1786c194-6ced-4a92-b9ba-afd225c9fe0f,Great Words on the Altars,Delight,4183764c-c68a-4492-8054-f19876d3fb18,"rock, goth rock, rock/goth rock",Rock
82cc9f15-782b-4eda-83cf-91eab29f2f6c,Dajmonion,Delight,4183764c-c68a-4492-8054-f19876d3fb18,"rock, goth rock, rock/goth rock",Rock
311588db-1219-480a-ac49-340ec76a8db6,The Shapes and Shadows,Delight,4183764c-c68a-4492-8054-f19876d3fb18,"rock, goth rock, rock/goth rock",Rock
e101dd53-0d49-4531-baf0-370e600598fc,La Vie des poubelles,Dick Rivers,a539873a-bacd-4eea-a131-59a49679469c,classic rock,Rock
f4bc3c17-30fe-4b2e-af04-401c55e1c4d9,Sale combine (My Own Way to Rock),Dick Rivers,a539873a-bacd-4eea-a131-59a49679469c,classic rock,Rock
67a58bb2-4b6a-47de-bd23-44584d807c6d,Pretty Woman,Dick Rivers,a539873a-bacd-4eea-a131-59a49679469c,classic rock,Rock
f7aaa9ec-c315-4898-805e-f1216167f928,Y'en a marre de ce western (Rider in the Rain),Dick Rivers,a539873a-bacd-4eea-a131-59a49679469c,classic rock,Rock
c609e4d3-14ba-4a1c-8592-e2ea30cb0c37,Le Dernier d'la classe (New Kid in Town),Dick Rivers,a539873a-bacd-4eea-a131-59a49679469c,classic rock,Rock
fc62fae2-4207-4ac6-bc87-7450b80d5afd,Tunnel of Love (intro: The Carousel Waltz),Dire Straits,614e3804-7d34-41ba-857f-811bad7c2b7a,"rock, pop, blues rock, classic rock, rock_classic rock, rock_classic rock_rock_classic rock, rock/pop",Rock
ac2d4a0c-a587-4daf-a44d-825ee7bb1588,Telegraph Road,Dire Straits,614e3804-7d34-41ba-857f-811bad7c2b7a,"rock, pop, progressive rock, classic rock, rock_classic rock, rock_classic rock_rock_classic rock, rock/pop",Rock
73f6f66f-4abb-4bb9-a616-b91c9dcb4f66,Follow Me Home,Dire Straits,614e3804-7d34-41ba-857f-811bad7c2b7a,"rock, pop, blues rock, country rock, classic rock, general rock, soft rock, pop rock, rock_classic rock_general rock, rock_classic rock_rock_classic rock_general rock, spatial rock",Rock
20b1108a-eeb1-4af3-ba4d-c4a415260ebc,Portobello Belle,Dire Straits,614e3804-7d34-41ba-857f-811bad7c2b7a,"rock, pop, progressive rock, blues rock, country rock, classic rock, general rock, soft rock, pop rock, rock_classic rock_general rock, rock_classic rock_rock_classic rock_general rock",Rock
3698f146-cc40-4d66-b22b-e52ad18591e4,News,Dire Straits,614e3804-7d34-41ba-857f-811bad7c2b7a,"rock, pop, blues rock, country rock, classic rock, general rock, soft rock, pop rock, rock_classic rock_general rock, rock_classic rock_rock_classic rock_general rock",Rock
e396dab7-55fc-4052-ae75-c94b08fbaf2d,Love Over Gold,Dire Straits,614e3804-7d34-41ba-857f-811bad7c2b7a,"rock, pop, classic rock, soft rock, rock_classic rock, rock_classic rock_rock_classic rock",Rock
7e72b6fc-30c8-4bcb-a221-a12a24ca3804,Sultans of Swing,Dire Straits,614e3804-7d34-41ba-857f-811bad7c2b7a,"rock, pop, progressive rock, classic rock, rock_classic rock, rock_classic rock_rock_classic rock",Rock
99a9d1ca-aa98-472a-a613-8e90862227f7,Private Investigations,Dire Straits,614e3804-7d34-41ba-857f-811bad7c2b7a,"rock, pop, classic rock, soft rock, rock_classic rock, rock_classic rock_rock_classic rock, rock/pop",Rock
830ba38a-fd3f-4740-8ef6-71d5d3db27a7,Jane Below,Dover,74508b04-b376-4f38-966c-f16d53eab3de,hard rock,Rock
eb84c21f-274a-4712-b0ea-0bc33486a917,Three Cowboys,Dover,74508b04-b376-4f38-966c-f16d53eab3de,hard rock,Rock
8998fea3-937d-406c-9fed-90a5960fb97a,Angelus,Dover,74508b04-b376-4f38-966c-f16d53eab3de,hard rock,Rock
6fd5c61d-7133-4b1c-a48e-2c4922df3956,Serenade,Dover,74508b04-b376-4f38-966c-f16d53eab3de,"hard rock, general hard rock",Rock
5538b285-ea80-4618-807e-824599518394,Distortion She,Dover,74508b04-b376-4f38-966c-f16d53eab3de,hard rock,Rock
27ea49a5-79db-4141-bb66-3325efa94a3f,Neuer Horizont,Down Below,1bb6faa0-e4b3-4cf9-8429-c69ea09282fa,"rock, goth rock, rock/goth rock",Rock
51ae9e65-9726-496e-80f0-6c843a7a8cd9,Bruder,Down Below,1bb6faa0-e4b3-4cf9-8429-c69ea09282fa,"rock, goth rock, rock/goth rock",Rock
2dfabc71-b2af-4252-8b6b-449f7aca258b,Ketu,Down Below,1bb6faa0-e4b3-4cf9-8429-c69ea09282fa,"rock, goth rock, rock/goth rock",Rock
eb11b530-026a-42fb-8b76-5af7c2d47148,Abschied,Down Below,1bb6faa0-e4b3-4cf9-8429-c69ea09282fa,"rock, goth rock, rock/goth rock",Rock
1512b435-45ce-4810-aa1c-f0a4b61dd739,Nordstern,Down Below,1bb6faa0-e4b3-4cf9-8429-c69ea09282fa,"rock, goth rock, rock/goth rock",Rock
97d5313d-71e7-4ddc-b484-4d5988c66d3d,Zur Sonne – Zur Freiheit,Down Below,1bb6faa0-e4b3-4cf9-8429-c69ea09282fa,"rock, goth rock, rock/goth rock",Rock
eaf795b4-1254-4e00-8b3f-910ee57dbebb,Lauf,Down Below,1bb6faa0-e4b3-4cf9-8429-c69ea09282fa,"rock, goth rock, rock/goth rock",Rock
4e3224f2-4b17-4892-98b4-4be0212ae262,Meilenstein,Down Below,1bb6faa0-e4b3-4cf9-8429-c69ea09282fa,"rock, goth rock, rock/goth rock",Rock
9813b71f-28a0-4ce6-9148-ae348b867829,Keeka Smeeka,Dr. Feelgood,fcc0e623-435b-4a46-b9b3-73823e22e1ec,classic rock,Rock
f8963dbb-6d8a-45b6-88a8-36a662ed8c9a,Lights Out (live),Dr. Feelgood,fcc0e623-435b-4a46-b9b3-73823e22e1ec,classic rock,Rock
ea4ad926-23ec-4c42-addc-5b2437511f69,Homework (live),Dr. Feelgood,fcc0e623-435b-4a46-b9b3-73823e22e1ec,classic rock,Rock
8736d3c1-d026-4bf1-a8ca-2eed39ddd8fa,Great Balls of Fire (live),Dr. Feelgood,fcc0e623-435b-4a46-b9b3-73823e22e1ec,classic rock,Rock
c2b96479-f86a-4414-a229-286c7ccec134,Down at the (Other) Doctors,Dr. Feelgood,fcc0e623-435b-4a46-b9b3-73823e22e1ec,classic rock,Rock
c29631e9-945a-4167-b637-f64175b4e30d,She’s Got Her Eyes on You,Dr. Feelgood,fcc0e623-435b-4a46-b9b3-73823e22e1ec,classic rock,Rock
c6a6cbf6-da37-418b-8d20-3ea4977b13df,Suzie Q,Dr. Feelgood,fcc0e623-435b-4a46-b9b3-73823e22e1ec,classic rock,Rock
3b4310a4-6b23-4cad-b701-a2e3b2abbc8c,Take a Tip,Dr. Feelgood,fcc0e623-435b-4a46-b9b3-73823e22e1ec,classic rock,Rock
fb642542-1608-49fd-ae9c-aab45fbf8dfa,Land of a Thousand Dances,Eddie Money,0e990816-cb3e-4930-a2eb-77909e42cd66,hard rock,Rock
7d86e71a-4646-45fc-9c4f-f40e55662014,Let It Go,Eddie Money,0e990816-cb3e-4930-a2eb-77909e42cd66,hard rock,Rock
127e9f92-b039-4b7d-b80d-46ef409c5e69,Don’t Say No Tonight,Eddie Money,0e990816-cb3e-4930-a2eb-77909e42cd66,hard rock,Rock
d75a1720-cb93-4af1-8e2c-02da0ce6d65a,Broken Down Chevy (God Only Knows),Eddie Money,0e990816-cb3e-4930-a2eb-77909e42cd66,hard rock,Rock
f85d3a47-a05c-46f5-a32e-06128a8fa3ea,Can’t Go On,Eddie Money,0e990816-cb3e-4930-a2eb-77909e42cd66,hard rock,Rock
2e8c501d-2fb6-4f42-9d75-be8133969bf0,Jenny Take a Ride,Eddie Money,0e990816-cb3e-4930-a2eb-77909e42cd66,hard rock,Rock
72ff30fc-2c4a-497d-b3ca-32ce16634d3c,Baby Now That I Found You,Eddie Money,0e990816-cb3e-4930-a2eb-77909e42cd66,hard rock,Rock
33a4c9a5-4bdd-4e92-a010-88d84108a932,Ain’t No Mountain High Enough,Eddie Money,0e990816-cb3e-4930-a2eb-77909e42cd66,hard rock,Rock
ca013695-cf5f-4a54-b19d-66d68494ad44,Gemini,Eric Burdon & the Animals,8bc09ff5-3f2f-43b8-a388-0ccc17b33ae7,classic rock,Rock
ef503403-5061-498b-91bf-52872379a31b,As the Years Go Passing By,Eric Burdon & the Animals,8bc09ff5-3f2f-43b8-a388-0ccc17b33ae7,classic rock,Rock
9a4b262f-93a8-4387-a145-03e4f6bbdb05,I’m an Animal,Eric Burdon & the Animals,8bc09ff5-3f2f-43b8-a388-0ccc17b33ae7,classic rock,Rock
d6b371e2-4373-4f0d-8943-3e1182b1151b,"River Deep, Mountain High",Eric Burdon & the Animals,8bc09ff5-3f2f-43b8-a388-0ccc17b33ae7,classic rock,Rock
781fc000-0977-4f57-9259-f7c735627811,"River Deep, Mountain High (single version / stereo mix)",Eric Burdon & the Animals,8bc09ff5-3f2f-43b8-a388-0ccc17b33ae7,classic rock,Rock
68ad32f5-1f7f-4439-bd50-0589275fdd7d,R U Happy?,Everything Everything,251e10fb-4ed1-4a79-8655-7f22d461a689,indie rock,Rock
d97dfb73-8a01-41b6-b2a8-c9e733c52859,TV Dog,Everything Everything,251e10fb-4ed1-4a79-8655-7f22d461a689,indie rock,Rock
389757eb-922e-4865-870b-90b06e212a76,Enter the Mirror,Everything Everything,251e10fb-4ed1-4a79-8655-7f22d461a689,indie rock,Rock
09a0cd7f-311b-4050-b149-8b7c31f7a388,City Song,Everything Everything,251e10fb-4ed1-4a79-8655-7f22d461a689,indie rock,Rock
9668c67a-29d0-424f-af38-c68264fe8c97,"Buddy, Come Over",Everything Everything,251e10fb-4ed1-4a79-8655-7f22d461a689,indie rock,Rock
07091847-8b7f-43c6-9591-332fa416269a,Mercyground (Rhea's Obsession's mix),Faith and the Muse,f1019a9e-2937-42ea-b2be-291eb1003573,"rock, goth rock, rock/goth rock",Rock
ad7f1729-34c2-4f0c-8221-cba89caf4fc4,The Silver Circle (Gears & Teeth mix),Faith and the Muse,f1019a9e-2937-42ea-b2be-291eb1003573,"rock, goth rock, rock/goth rock",Rock
0463a0a0-4b69-420a-879c-53e4e30a30ac,Scars Flown Proud (Hong Kong Hotel mix),Faith and the Muse,f1019a9e-2937-42ea-b2be-291eb1003573,"rock, goth rock, rock/goth rock",Rock
5c17cf1f-44fc-4b51-b270-52a9eff41b7a,The Breath of a Kiss (demo),Faith and the Muse,f1019a9e-2937-42ea-b2be-291eb1003573,"rock, goth rock, rock/goth rock",Rock
478a77ef-1480-4550-a0b6-d2ab40d5fc56,The Silver Circle (live),Faith and the Muse,f1019a9e-2937-42ea-b2be-291eb1003573,"rock, goth rock, rock/goth rock",Rock
ff1284f9-ccc4-4b92-8f2b-ca8b14a3ce67,All Lovers Lost / Arianrhod (live),Faith and the Muse,f1019a9e-2937-42ea-b2be-291eb1003573,"rock, goth rock, rock/goth rock",Rock
c4222899-bf52-456a-95ad-5b524e341494,Scars Flown Proud (live),Faith and the Muse,f1019a9e-2937-42ea-b2be-291eb1003573,"rock, goth rock, rock/goth rock",Rock
ee814741-9a3e-40b9-995b-52c768b37f3b,Soul in Isolation (live),Faith and the Muse,f1019a9e-2937-42ea-b2be-291eb1003573,"rock, goth rock, rock/goth rock",Rock
695d7ac1-10b3-4795-aa15-bfb908b6f48b,Secrets (Cloak & Dagger mix),Fields of the Nephilim,a262543f-6ab4-4ac7-86f3-4fc09ff56f3b,"rock, goth rock, rock/goth rock",Rock
b0d47c8c-6464-42c5-996e-8d14c47c0364,Power (Powered Up mix),Fields of the Nephilim,a262543f-6ab4-4ac7-86f3-4fc09ff56f3b,"rock, goth rock, rock/goth rock",Rock
51eaa46d-ffd9-4ecf-b469-98126fd5502a,Power (Power Surge mix),Fields of the Nephilim,a262543f-6ab4-4ac7-86f3-4fc09ff56f3b,"rock, goth rock, rock/goth rock",Rock
0ae74ba3-3cf2-43fa-ac89-511621008506,The Tower (O’Higgins mix),Fields of the Nephilim,a262543f-6ab4-4ac7-86f3-4fc09ff56f3b,"rock, goth rock, rock/goth rock",Rock
775ec69f-c9bd-4954-afa6-61269733ee48,Dawnrazor (demo version),Fields of the Nephilim,a262543f-6ab4-4ac7-86f3-4fc09ff56f3b,"rock, goth rock, rock/goth rock",Rock
c0f21c83-6338-446c-b16d-1a8283880c41,Power (demo version),Fields of the Nephilim,a262543f-6ab4-4ac7-86f3-4fc09ff56f3b,"rock, goth rock, rock/goth rock",Rock
08c01b44-7cad-471b-8705-63071d28668a,How Many Tears Can You Hide,Frankie Miller,ad231dd9-d6ab-4da4-b4f2-a6807bc45f5a,classic rock,Rock
8738fb98-d0c5-4dba-8fa6-fc3bb1fb7944,You're a Puzzle I Can't Put Down,Frankie Miller,ad231dd9-d6ab-4da4-b4f2-a6807bc45f5a,classic rock,Rock
f992ae8f-8573-4493-a4b9-9e2920625456,Beggin' for Trouble (demo),Frankie Miller,ad231dd9-d6ab-4da4-b4f2-a6807bc45f5a,classic rock,Rock
00e63e49-6aad-423d-9a26-ddc0ad6a38ad,Lonely Eyes (demo),Frankie Miller,ad231dd9-d6ab-4da4-b4f2-a6807bc45f5a,classic rock,Rock
86c874d5-4048-4e23-87c0-81f7cffa2970,When Something Is Wrong With My Baby (live),Frankie Miller,ad231dd9-d6ab-4da4-b4f2-a6807bc45f5a,classic rock,Rock
f90b675e-91ab-4550-bc12-26eb05c8456a,Velvet Kiss,Funhouse,f2c3f301-ee1e-433e-9ec4-47f2437af33a,"rock, goth rock, rock/goth rock",Rock
6ff12885-2ee7-4e08-8f0a-aa2888ffd975,Happy,Funhouse,f2c3f301-ee1e-433e-9ec4-47f2437af33a,"rock, goth rock, rock/goth rock",Rock
b12f4c72-4931-47f0-876b-1ff2f1f1f32e,It Won't Happen Again,Funhouse,f2c3f301-ee1e-433e-9ec4-47f2437af33a,"rock, goth rock, rock/goth rock",Rock
1fdf2be6-a11a-4908-b9d4-b447f3a6b087,Forgive and Forget,Funhouse,f2c3f301-ee1e-433e-9ec4-47f2437af33a,"rock, goth rock, rock/goth rock",Rock
a6d013ad-3c2f-40fc-a4e1-28fcbc40a968,Whispered in the Wind,Funhouse,f2c3f301-ee1e-433e-9ec4-47f2437af33a,"rock, goth rock, rock/goth rock",Rock
2262baf4-3472-4059-832f-16e831e31edb,Believe or Be Leaving,Funhouse,f2c3f301-ee1e-433e-9ec4-47f2437af33a,"rock, goth rock, rock/goth rock",Rock
64b32688-0bd4-4492-bfc1-ad7a60b0af39,The End (Wish You Were Here),Funhouse,f2c3f301-ee1e-433e-9ec4-47f2437af33a,"rock, goth rock, rock/goth rock",Rock
3f2e4cad-2af7-4c63-af0f-e46918852457,Feel,Funhouse,f2c3f301-ee1e-433e-9ec4-47f2437af33a,"rock, goth rock, rock/goth rock",Rock
56b10551-61fe-4a2b-9da9-1343048d1f60,Bleak Horizon,Garden of Delight,beb88f79-6c9b-4d47-9c56-28a12fd1ada9,"rock, goth rock, rock/goth rock",Rock
737fe7d3-bd98-4722-9801-faae26da63f1,Last Day on Earth,Garden of Delight,beb88f79-6c9b-4d47-9c56-28a12fd1ada9,"rock, goth rock, rock/goth rock",Rock
e05d87e5-f7e5-4634-92e7-44ed0c3d6634,Omen,Garden of Delight,beb88f79-6c9b-4d47-9c56-28a12fd1ada9,"rock, goth rock, rock/goth rock",Rock
05ee4fa2-2ee7-46b4-9330-ec7a0347f39f,Ancient God,Garden of Delight,beb88f79-6c9b-4d47-9c56-28a12fd1ada9,"rock, goth rock, rock/goth rock",Rock
9421cf88-6396-4e4f-89f3-be11244f769d,Play Dead (Sanctus Fortis),Garden of Delight,beb88f79-6c9b-4d47-9c56-28a12fd1ada9,"rock, goth rock, rock/goth rock",Rock
87f10e1c-6bc1-41f3-b682-9d2ef57b3e07,Haunting Fear,Garden of Delight,beb88f79-6c9b-4d47-9c56-28a12fd1ada9,"rock, goth rock, rock/goth rock",Rock
a7aec314-8182-4655-8a8f-3751d0550c86,Oversoul,Garden of Delight,beb88f79-6c9b-4d47-9c56-28a12fd1ada9,"rock, goth rock, rock/goth rock",Rock
eab15a8c-7de2-445c-8f06-34837063f0f1,Saturation (Liber 1: Saturates the Will - Liber 2: The New Aeon),Garden of Delight,beb88f79-6c9b-4d47-9c56-28a12fd1ada9,"rock, goth rock, rock/goth rock",Rock
3b9be7e3-9e35-461f-a7c1-32e98773dd6e,I Only Have Eyes,Gitane DeMone,cdd36de9-031e-4188-ba6e-8785d8c0b76f,"rock, goth rock, rock/goth rock",Rock
d4815368-2238-4ad2-bfc8-b85887394b35,Golden Age (live),Gitane DeMone,cdd36de9-031e-4188-ba6e-8785d8c0b76f,"rock, goth rock, rock/goth rock",Rock
386afa99-4d50-490b-9cdf-0a5b5678e63f,Possession,Gitane DeMone,cdd36de9-031e-4188-ba6e-8785d8c0b76f,"rock, goth rock, rock/goth rock",Rock
efc96784-a785-49f0-be90-27db354e2b8e,Love for Sale (live),Gitane DeMone,cdd36de9-031e-4188-ba6e-8785d8c0b76f,"rock, goth rock, rock/goth rock",Rock
d0e692dd-fb32-4400-a565-425deb76823e,Cool Domina,Gitane DeMone,cdd36de9-031e-4188-ba6e-8785d8c0b76f,"rock, goth rock, rock/goth rock",Rock
1847250b-d3ab-4e47-8042-ff070b10b546,Little Birds (live),Gitane DeMone,cdd36de9-031e-4188-ba6e-8785d8c0b76f,"rock, goth rock, rock/goth rock",Rock
e91fc207-7078-405a-a6be-a65f1640f8be,My Town,Golden Earring,75336c3d-2833-46cb-8037-b835cd7d646d,hard rock,Rock
8eef7a53-51b8-4383-85d8-77b6d5f746be,Can Do That,Golden Earring,75336c3d-2833-46cb-8037-b835cd7d646d,hard rock,Rock
27216063-476f-4af4-8810-d5625368e75f,Against the Grain,Golden Earring,75336c3d-2833-46cb-8037-b835cd7d646d,hard rock,Rock
0e367535-ffa1-47ea-8998-1455f8ea644d,U‐Turn Time,Golden Earring,75336c3d-2833-46cb-8037-b835cd7d646d,hard rock,Rock
a853e458-63f6-4f72-b99f-bf621e4c96c2,Sleepwalkin’,Golden Earring,75336c3d-2833-46cb-8037-b835cd7d646d,hard rock,Rock
f5f65fb6-2c7e-48f8-bc99-a631378533db,Buddy Joe,Golden Earring,75336c3d-2833-46cb-8037-b835cd7d646d,hard rock,Rock
3ead8bdc-ff14-452f-b202-009b8136d120,By Routes,Golden Earring,75336c3d-2833-46cb-8037-b835cd7d646d,hard rock,Rock
67407176-4933-46d4-a54b-15860554cf6d,Don’t Close the Door,Golden Earring,75336c3d-2833-46cb-8037-b835cd7d646d,hard rock,Rock
52acf75f-c3b3-45a7-8cbd-0224c09f09f3,Every Time I Die,Gotthard,4a252ce3-5352-4e7d-bdf5-b75a67908a08,hard rock,Rock
9fdea609-7fac-4527-bb15-0a950d17295a,Another Last Time,Gotthard,4a252ce3-5352-4e7d-bdf5-b75a67908a08,hard rock,Rock
ea7cb675-9c2d-48a4-b578-3563ac49a900,My Oh My,Gotthard,4a252ce3-5352-4e7d-bdf5-b75a67908a08,hard rock,Rock
a50b85d3-a769-4344-8ab0-b9e6ea620d41,Only Love Is Real,Gotthard,4a252ce3-5352-4e7d-bdf5-b75a67908a08,hard rock,Rock
a10c8ad3-4912-43f3-95b2-7874d6dfde7a,Man on a Mission,Gotthard,4a252ce3-5352-4e7d-bdf5-b75a67908a08,hard rock,Rock
16992809-e749-4387-a50c-9a61207e1077,Unspoken Words,Gotthard,4a252ce3-5352-4e7d-bdf5-b75a67908a08,hard rock,Rock
404443af-75dc-424e-a6d0-bc530e6fd777,Right From Wrong,Gotthard,4a252ce3-5352-4e7d-bdf5-b75a67908a08,hard rock,Rock
5d079f86-0b37-4985-a146-a82bc36c2933,My Daddy Told Me,Gotthard,4a252ce3-5352-4e7d-bdf5-b75a67908a08,hard rock,Rock
7d293a68-e869-41f4-9323-46f5b2487a42,You’re Not an Airplane,Guided by Voices,6c85f4c3-026c-4c16-9a7c-f546f42ed0fb,indie rock,Rock
588afd55-8109-4234-b9d9-c406eaaad1a0,Kicker of Elves,Guided by Voices,6c85f4c3-026c-4c16-9a7c-f546f42ed0fb,indie rock,Rock
36824eaf-4b4b-46dc-91b1-59689c672f29,Over the Neptune / Mesh Gear Fox,Guided by Voices,6c85f4c3-026c-4c16-9a7c-f546f42ed0fb,indie rock,Rock
b43f2f79-0957-4aa9-ba97-fcdccd3a8c06,Yours to Keep,Guided by Voices,6c85f4c3-026c-4c16-9a7c-f546f42ed0fb,indie rock,Rock
0d27b0e1-b16c-42be-bbd6-fef9e278be52,Buzzards and Dreadful Crows,Guided by Voices,6c85f4c3-026c-4c16-9a7c-f546f42ed0fb,indie rock,Rock
a574cf44-b4b2-4bf8-87fe-53ae1599dfff,Particular Damaged,Guided by Voices,6c85f4c3-026c-4c16-9a7c-f546f42ed0fb,indie rock,Rock
931614f3-5d2c-402c-b165-fbb5a2e06c2a,Hot Freaks,Guided by Voices,6c85f4c3-026c-4c16-9a7c-f546f42ed0fb,indie rock,Rock
a422207a-9e64-41bd-af31-91b3b9affd8b,It Won’t Be Long (Heartbeat),Gun,4cf3cc48-f62d-4ff3-aa03-5e1014de16d7,hard rock,Rock
3e5a5f27-efdd-4795-ab92-9941cd171e1f,Yellow Cab Man,Gun,4cf3cc48-f62d-4ff3-aa03-5e1014de16d7,hard rock,Rock
327df025-a085-4d9c-af94-ab05ed5136f7,Dreams and Screams,Gun,4cf3cc48-f62d-4ff3-aa03-5e1014de16d7,hard rock,Rock
b39ef5ca-2d73-43fc-8f2a-48887503f7fa,Going Down,Gun,4507dabf-b525-4969-8d8a-c0fcf52f83b4,hard rock,Rock
720feb03-fa24-4fb7-915a-a3b056c23b5f,Money to Burn,Gun,4507dabf-b525-4969-8d8a-c0fcf52f83b4,hard rock,Rock
cbb31452-6efd-4bfd-8994-37c84c0e956a,Empire State,Guster,6cbe1e63-5895-4168-ac7e-f0d2836ba0c1,alternative rock,Rock
399231a8-304a-4307-b7ed-2a072e80ff26,C'mon,Guster,6cbe1e63-5895-4168-ac7e-f0d2836ba0c1,alternative rock,Rock
6e2e4f89-1e94-4d22-bcb3-39bbb03643d5,Ruby Falls,Guster,6cbe1e63-5895-4168-ac7e-f0d2836ba0c1,alternative rock,Rock
e8a5743a-ba0b-4ab5-92c0-1946500831bd,Lightning Rod,Guster,6cbe1e63-5895-4168-ac7e-f0d2836ba0c1,alternative rock,Rock
7e4b7201-0094-45ca-864a-b46146dc5fa9,The Beginning of the End,Guster,6cbe1e63-5895-4168-ac7e-f0d2836ba0c1,alternative rock,Rock
28705183-90b7-47ae-89f8-9df6010a4ae4,I Can’t Stand the Rain,Humble Pie,696989bc-c9a8-4ba8-a99b-b8015dba577f,classic rock,Rock
982662b1-12c3-4c97-a55b-378e5b5b9440,Honky Tonk Woman,Humble Pie,696989bc-c9a8-4ba8-a99b-b8015dba577f,classic rock,Rock
48e9f929-942f-44c4-9262-14b724cd2f9b,Get Down to It,Humble Pie,696989bc-c9a8-4ba8-a99b-b8015dba577f,classic rock,Rock
5c7a61d2-5c42-4d33-aaa2-0a4c42747f6c,30 Days in a Hole (live),Humble Pie,696989bc-c9a8-4ba8-a99b-b8015dba577f,classic rock,Rock
e8bad770-fd3d-4586-a611-d1fc984d06b5,Black Coffee,Humble Pie,696989bc-c9a8-4ba8-a99b-b8015dba577f,classic rock,Rock
8415d1b6-a361-4118-8d4f-cd9afd1a8253,Ice Cream Man,Jonathan Richman & The Modern Lovers,8a5dff84-c79f-4898-9e15-e100c53ebb58,alternative rock,Rock
c31dc618-3655-4521-8722-ade78a6dac8b,I Hear You Calling Me,Jonathan Richman & The Modern Lovers,8a5dff84-c79f-4898-9e15-e100c53ebb58,alternative rock,Rock
5810bb10-204c-4188-b497-91134f118473,I'm a Little Airplane,Jonathan Richman & The Modern Lovers,8a5dff84-c79f-4898-9e15-e100c53ebb58,alternative rock,Rock
c543d98b-db82-41fa-b21a-16b0f3182369,Dodge Veg-O-Matic,Jonathan Richman & The Modern Lovers,8a5dff84-c79f-4898-9e15-e100c53ebb58,alternative rock,Rock
e6debc37-e2a1-44f7-8dec-bc69abfa570c,Party in the Woods Tonight,Jonathan Richman & The Modern Lovers,8a5dff84-c79f-4898-9e15-e100c53ebb58,alternative rock,Rock
e189b1b9-8075-4b32-aa88-d55556a5966b,I’m Nature’s Mosquito,Jonathan Richman & The Modern Lovers,8a5dff84-c79f-4898-9e15-e100c53ebb58,alternative rock,Rock
91262942-31e6-47cc-877b-919dd93cf387,Hey There Little Insect,Jonathan Richman & The Modern Lovers,8a5dff84-c79f-4898-9e15-e100c53ebb58,alternative rock,Rock
17873f73-e1aa-4cd4-9fb4-1660c6ec1e4a,Astral Plane,Jonathan Richman & The Modern Lovers,8a5dff84-c79f-4898-9e15-e100c53ebb58,alternative rock,Rock
5055631a-ee5d-4e83-b1b1-9261f7a931c3,Moving Mountains,KO,726569ff-c1d0-4a8c-9153-acf7f921d51b,alternative rock,Rock
e738ea4c-bd5b-41dd-9a7c-063dea6e6bd0,Represent,KO,726569ff-c1d0-4a8c-9153-acf7f921d51b,alternative rock,Rock
eb7c5f0a-3237-4fc3-8576-b6883e6a8324,Miss U,KO,726569ff-c1d0-4a8c-9153-acf7f921d51b,alternative rock,Rock
7cae8caf-4545-418a-a95c-280d54496ff4,"Good Man, Bad Man",KO,726569ff-c1d0-4a8c-9153-acf7f921d51b,alternative rock,Rock
724266d2-179b-4f4c-8e3c-4419c5a617c4,Capable,KO,726569ff-c1d0-4a8c-9153-acf7f921d51b,alternative rock,Rock
5096fcc4-ee1b-40ff-b01c-4f324ff7d7bf,Ballad of Jimmy Roscoe,KO,726569ff-c1d0-4a8c-9153-acf7f921d51b,alternative rock,Rock
2a1f3868-d120-420a-9f66-75e563f12229,Toxic blod,Kaizers Orchestra,2c3bac0a-5158-442f-b50b-056aae52138c,alternative rock,Rock
6a532ed6-783a-42c1-9456-ae2cf24a4295,Sonny,Kaizers Orchestra,2c3bac0a-5158-442f-b50b-056aae52138c,alternative rock,Rock
f9ed6f61-a2d1-4b93-b9d7-4db9f28c8c8c,Gruvene på 16,Kaizers Orchestra,2c3bac0a-5158-442f-b50b-056aae52138c,alternative rock,Rock
6f04e520-96f0-4800-bfeb-b08b701761ad,Kalifornia,Kaizers Orchestra,2c3bac0a-5158-442f-b50b-056aae52138c,alternative rock,Rock
de138986-bc7a-4050-9bca-ea6bf6b89807,Svarte katter & flosshatter,Kaizers Orchestra,2c3bac0a-5158-442f-b50b-056aae52138c,alternative rock,Rock
0a3671e2-bf89-4b61-a565-e3a43365f61b,Kavalér,Kaizers Orchestra,2c3bac0a-5158-442f-b50b-056aae52138c,alternative rock,Rock
40913e81-6279-4447-87a1-643591caae61,Femtakt filosofi,Kaizers Orchestra,2c3bac0a-5158-442f-b50b-056aae52138c,alternative rock,Rock
9b325b1f-60ce-40c1-80f9-983acee5b2f2,Di grind,Kaizers Orchestra,2c3bac0a-5158-442f-b50b-056aae52138c,alternative rock,Rock
7edf68bb-046b-4de5-9b4b-230eb7b7628c,Steel City,Kazzer,ede5b4e1-38ba-4a4a-bcc8-b816afddb109,alternative rock,Rock
81578e14-a2b4-463a-bc25-d2cf39d6d026,Focused on Tomorrow,Kazzer,ede5b4e1-38ba-4a4a-bcc8-b816afddb109,alternative rock,Rock
47284ba3-9d46-4d9a-aa0b-b184873b3e7b,Violence,Kazzer,ede5b4e1-38ba-4a4a-bcc8-b816afddb109,alternative rock,Rock
e4fd8b9b-abab-4c12-802c-342a93e4e0e0,Look Me in the Eye,Kazzer,ede5b4e1-38ba-4a4a-bcc8-b816afddb109,alternative rock,Rock
e3ca975f-aabb-43a2-9ac8-f9766a6f53dd,Bury Me Alive,Kazzer,ede5b4e1-38ba-4a4a-bcc8-b816afddb109,alternative rock,Rock
c377751d-1f87-49fe-a28b-f81c71f8fc05,Gonna Lose Her,Kingdom Come,a9859125-d2c2-498e-a20b-b98dff2957a4,hard rock,Rock
9b141f5a-643a-4fc2-8a0c-ee1ab58c6287,Always on the Run,Kingdom Come,a9859125-d2c2-498e-a20b-b98dff2957a4,hard rock,Rock
9839ab89-14a2-47e4-90a1-424e363cab73,The Machine Inside,Kingdom Come,a9859125-d2c2-498e-a20b-b98dff2957a4,hard rock,Rock
abdb6199-c046-4dd1-8f0c-bfa8fc88984f,I’ve Been Trying,Kingdom Come,a9859125-d2c2-498e-a20b-b98dff2957a4,hard rock,Rock
e33446e6-6f55-4231-8345-88432eff9702,Can’t Deny,Kingdom Come,a9859125-d2c2-498e-a20b-b98dff2957a4,hard rock,Rock
379f4b0f-93d6-447b-a077-ad8ce94c297e,Can’t Let Go,Kingdom Come,a9859125-d2c2-498e-a20b-b98dff2957a4,hard rock,Rock
6587e1c7-2d15-4060-86c3-1e7e22d75a63,Seen Enough,Kingdom Come,a9859125-d2c2-498e-a20b-b98dff2957a4,hard rock,Rock
b6f75fad-1f26-4824-91c1-d8e58b1a8349,Pushing Hard,Kingdom Come,a9859125-d2c2-498e-a20b-b98dff2957a4,hard rock,Rock
5711ab38-e738-41d1-a2be-318785f043b4,Life Like This,Kurt Vile,e07a111e-4e8a-4651-a849-01ac60551ab2,indie rock,Rock
3ca7ef2d-b0ef-419a-8a09-1668d518adb4,Wild Imagination,Kurt Vile,e07a111e-4e8a-4651-a849-01ac60551ab2,indie rock,Rock
7ca50acd-5ad4-4f71-bf1e-2af25c092c2a,Kidding Around,Kurt Vile,e07a111e-4e8a-4651-a849-01ac60551ab2,indie rock,Rock
3b241cc6-86ef-472d-afcb-80694a91a8c5,All in a Daze Work,Kurt Vile,e07a111e-4e8a-4651-a849-01ac60551ab2,indie rock,Rock
c3708eca-a3ab-48f1-8426-8cbe6e7404c5,Dust Bunnies,Kurt Vile,e07a111e-4e8a-4651-a849-01ac60551ab2,indie rock,Rock
332a11d8-dd3b-4af5-9881-f5f64befbd02,"That’s Life, Tho (Almost Hate to Say)",Kurt Vile,e07a111e-4e8a-4651-a849-01ac60551ab2,indie rock,Rock
0c21e976-8ad7-407f-b137-c4c03b018988,Green,La’cryma Christi,d7d1746d-2085-4370-bd87-a8fd4c9ace4d,hard rock,Rock
aef686c8-69f9-446e-a943-d291ccb42873,Nothin' To Lose,La’cryma Christi,d7d1746d-2085-4370-bd87-a8fd4c9ace4d,hard rock,Rock
f5912484-72e9-4f45-996b-ae49a51bdebc,南国,La’cryma Christi,d7d1746d-2085-4370-bd87-a8fd4c9ace4d,hard rock,Rock
c76691b7-5fcf-465e-b16f-fc044acccd72,CANNONBALL,La’cryma Christi,d7d1746d-2085-4370-bd87-a8fd4c9ace4d,hard rock,Rock
7ec971b6-ba54-4186-9d7f-9f4a8c0959dd,Hysteric Style,La’cryma Christi,d7d1746d-2085-4370-bd87-a8fd4c9ace4d,hard rock,Rock
16682fa7-a5ac-4270-a194-6b9acffdbd8b,CANNONBALL (unvocal version),La’cryma Christi,d7d1746d-2085-4370-bd87-a8fd4c9ace4d,hard rock,Rock
f3ea576c-5d5e-4d6d-b666-b5e10ca4a5b4,Heart for Sale (Darkhaus remix),Lord of the Lost,8cf95123-5023-4257-933e-4d7ebbc5d8a2,"rock, goth rock, rock/goth rock",Rock
866efcb4-2bbe-4c7d-a17b-d7cea3a7fc33,Prologue (Mental Breakdown remix),Lord of the Lost,8cf95123-5023-4257-933e-4d7ebbc5d8a2,"rock, goth rock, rock/goth rock",Rock
80de0d8e-3c8b-4479-aaf1-16581ff41419,Eure Siege (Ost+Front version),Lord of the Lost,8cf95123-5023-4257-933e-4d7ebbc5d8a2,"rock, goth rock, rock/goth rock",Rock
c1897a8b-eff4-473e-ab5b-a578fb3f0cab,In a Perfect World,Lord of the Lost,8cf95123-5023-4257-933e-4d7ebbc5d8a2,"rock, goth rock, rock/goth rock",Rock
f3c7e3d0-7232-4e6e-8cce-ab3fd9e09538,Blood for Blood (A Life Divided club remix),Lord of the Lost,8cf95123-5023-4257-933e-4d7ebbc5d8a2,"rock, goth rock, rock/goth rock",Rock
731de7e9-5f18-4fd0-bba3-33b9a379f43d,Nothing Words Can Say (Noodlz remix),Lord of the Lost,8cf95123-5023-4257-933e-4d7ebbc5d8a2,"rock, goth rock, rock/goth rock",Rock
15c07ee5-292c-43ba-b473-619a526af6e4,Odium,Lord of the Lost,8cf95123-5023-4257-933e-4d7ebbc5d8a2,"rock, goth rock, rock/goth rock",Rock
32f5c86c-70dc-4459-a9c2-80f656a7215b,Bitch,Lord of the Lost,8cf95123-5023-4257-933e-4d7ebbc5d8a2,"rock, goth rock, rock/goth rock",Rock
c2651ed1-d12a-4550-9615-e4ff1c0d682f,Map on a Wall,Lucy Dacus,dbe7fdf7-81b2-418b-b3f6-81ae71532f40,indie rock,Rock
2c6b17b2-a198-4069-91c8-5c6edf06aef0,Triple Dog Dare,Lucy Dacus,dbe7fdf7-81b2-418b-b3f6-81ae71532f40,indie rock,Rock
096efe0a-43df-423b-b6af-caf1e737d262,Trust,Lucy Dacus,dbe7fdf7-81b2-418b-b3f6-81ae71532f40,indie rock,Rock
96c9cf96-6ff6-434b-be61-741bb9e3a87b,No Scholar,Lucy Dacus,dbe7fdf7-81b2-418b-b3f6-81ae71532f40,indie rock,Rock
4af0d421-c702-4e92-bf7a-a25cc944451a,Dream State…,Lucy Dacus,dbe7fdf7-81b2-418b-b3f6-81ae71532f40,indie rock,Rock
fd830326-b2a4-4a87-9bf2-682ff7dee1b5,Please Stay,Lucy Dacus,dbe7fdf7-81b2-418b-b3f6-81ae71532f40,indie rock,Rock
3230ee5a-69a3-4498-a5f6-59446f42f1b2,Oki Kumas Adventure,Machinae Supremacy,22cbe400-9906-4c47-973c-b7122b23840a,alternative rock,Rock
39ad325f-9af0-41ce-b684-1bab2e11e714,Rogue World Asylum,Machinae Supremacy,22cbe400-9906-4c47-973c-b7122b23840a,alternative rock,Rock
008a0f15-75fb-4206-ad4a-afcd4be52217,Ronin,Machinae Supremacy,22cbe400-9906-4c47-973c-b7122b23840a,alternative rock,Rock
847a23e9-a7eb-4c26-b0e9-96ffd8d7cb32,Kaori Stomp,Machinae Supremacy,22cbe400-9906-4c47-973c-b7122b23840a,alternative rock,Rock
ebdd7e59-0983-458a-99c3-a789542cd798,Elite,Machinae Supremacy,22cbe400-9906-4c47-973c-b7122b23840a,alternative rock,Rock
cd0c70d2-43dd-48bf-8bfc-f66961dbb39c,Seventeen,Machinae Supremacy,22cbe400-9906-4c47-973c-b7122b23840a,alternative rock,Rock
62f3ee6e-9d55-4811-9e9e-2ed9c0ce3695,Reanimator (March of the Undead III),Machinae Supremacy,22cbe400-9906-4c47-973c-b7122b23840a,alternative rock,Rock
cfb9bf20-bde7-43ea-93f7-b17a48cf9123,Without Love,Magnum,658ace70-7f4e-4464-bcb0-9a784c94a4a6,hard rock,Rock
f2b99521-2cca-41d1-a232-45edf06bdcf1,If I Ever Lose My Mind,Magnum,658ace70-7f4e-4464-bcb0-9a784c94a4a6,hard rock,Rock
fa0ea733-9f45-4bcb-a483-f01c99c67371,The Fall,Magnum,658ace70-7f4e-4464-bcb0-9a784c94a4a6,classic rock,Rock
beef0850-6cf3-4cd3-a010-e5054ec300ca,A Face in the Crowd,Magnum,658ace70-7f4e-4464-bcb0-9a784c94a4a6,hard rock,Rock
6657b680-1fdc-43e7-aa8e-0b2f9b1d5abd,The Face of an Enemy,Magnum,658ace70-7f4e-4464-bcb0-9a784c94a4a6,hard rock,Rock
f9ef4fec-3006-4c7e-a7c8-1d0e1cc4a5e0,Man,Magnum,658ace70-7f4e-4464-bcb0-9a784c94a4a6,hard rock,Rock
00a2b44c-c876-4d8c-8d19-bacc9f8744c2,Didn’t Like You Anyway,Magnum,658ace70-7f4e-4464-bcb0-9a784c94a4a6,hard rock,Rock
b75eda57-6d2e-44a5-bf92-50d7304672ca,The Visitation,Magnum,658ace70-7f4e-4464-bcb0-9a784c94a4a6,classic rock,Rock
83ce76c4-157e-4a64-9dc9-8c795f7cca8f,Dunkler Engel (piano version),Mantus,35a0344e-f843-44ba-a16a-0a52bc347c85,"rock, goth rock, rock/goth rock",Rock
8c7ac74b-dd91-46bb-80c4-c26feb1ade2d,Stumme Schreie,Mantus,35a0344e-f843-44ba-a16a-0a52bc347c85,"rock, goth rock, rock/goth rock",Rock
9d79f2d0-d1df-4962-9a14-bccb2c3a0bb4,Blatt im Wind (piano version),Mantus,35a0344e-f843-44ba-a16a-0a52bc347c85,"rock, goth rock, rock/goth rock",Rock
1302bbf4-1e2d-4e96-b099-f73a77f47680,Ich töte mich selbst,Mantus,35a0344e-f843-44ba-a16a-0a52bc347c85,"rock, goth rock, rock/goth rock",Rock
69cfff48-cb2b-4fb1-999a-73f1eb01d0c9,Eiswasser,Mantus,35a0344e-f843-44ba-a16a-0a52bc347c85,"rock, goth rock, rock/goth rock",Rock
23e75c90-d2e1-40f8-816b-88f1c84cc7d1,Sehnsucht (piano version),Mantus,35a0344e-f843-44ba-a16a-0a52bc347c85,"rock, goth rock, rock/goth rock",Rock
196a97ac-dd2b-4610-b101-6f801aad57a4,Megalithic Dreams,Merciful Nuns,f52d9622-2527-4b73-9e40-810f4d05f09b,"rock, goth rock, rock/goth rock",Rock
ea92e8fe-9495-4534-9dc2-0015beb4b468,Ceremonial Passage,Merciful Nuns,f52d9622-2527-4b73-9e40-810f4d05f09b,"rock, goth rock, rock/goth rock",Rock
40ab0d18-c4b9-4005-873c-a12ecd54e073,Phantom Wall,Merciful Nuns,f52d9622-2527-4b73-9e40-810f4d05f09b,"rock, goth rock, rock/goth rock",Rock
1076c86f-a612-4d24-9a09-c17f8331d511,The Equinox,Merciful Nuns,f52d9622-2527-4b73-9e40-810f4d05f09b,"rock, goth rock, rock/goth rock",Rock
220242e4-1f04-45cf-b492-0395783c2e20,Body of Light,Merciful Nuns,f52d9622-2527-4b73-9e40-810f4d05f09b,"rock, goth rock, rock/goth rock",Rock
4b4196ae-c593-468c-86a1-e1e9234d8952,Nunhood,Merciful Nuns,f52d9622-2527-4b73-9e40-810f4d05f09b,"rock, goth rock, rock/goth rock",Rock
ed721baa-91db-4d5b-bd32-d16480e89a28,Go Ahead and Cry,Metric,4449ccf6-c948-4d33-aa97-b6ad98ce4b5b,indie rock,Rock
74600ab5-b8d5-479e-a56d-f9ebbd867ac9,Just the Once,Metric,4449ccf6-c948-4d33-aa97-b6ad98ce4b5b,indie rock,Rock
b9cdb1f8-bdd3-4052-8db6-ce933993916e,Detour Up,Metric,4449ccf6-c948-4d33-aa97-b6ad98ce4b5b,indie rock,Rock
d8d16617-f1ed-4768-90e5-2307d9d5e6c4,Descendants,Metric,4449ccf6-c948-4d33-aa97-b6ad98ce4b5b,indie rock,Rock
98e36730-74bb-464d-855a-995497aded23,Suckers,Metric,4449ccf6-c948-4d33-aa97-b6ad98ce4b5b,indie rock,Rock
6a4cda12-3708-4d88-8ba5-a16c10ace30f,When the World Falls Down,Mick Ronson,5a150caa-fe13-4590-a50e-7778ee29b587,classic rock,Rock
9e48b7e9-7985-4cb1-a60f-cd910d4e5e5d,Angel No. 9,Mick Ronson,5a150caa-fe13-4590-a50e-7778ee29b587,classic rock,Rock
c6eb6fdc-4c8a-4f37-a863-45d23e95eb09,Woman,Mick Ronson,5a150caa-fe13-4590-a50e-7778ee29b587,classic rock,Rock
8b3559c7-e291-4dd2-95c6-61701b8c0113,I’d Rather Be Me,Mick Ronson,5a150caa-fe13-4590-a50e-7778ee29b587,classic rock,Rock
840eeb59-e084-40cf-a599-f23370a03ddc,You and Me,Mick Ronson,5a150caa-fe13-4590-a50e-7778ee29b587,classic rock,Rock
25e36c77-0a64-46c4-b6cc-265a3cf9c831,Colour Me,Mick Ronson,5a150caa-fe13-4590-a50e-7778ee29b587,classic rock,Rock
ad80bd96-ea09-42c0-9a03-b00c801b6552,Seven Days,Mick Ronson,5a150caa-fe13-4590-a50e-7778ee29b587,classic rock,Rock
f6d5d159-a375-4656-a043-a816114ee2bd,Life’s a River,Mick Ronson,5a150caa-fe13-4590-a50e-7778ee29b587,classic rock,Rock
94d2e32f-2bb0-4fae-a4fe-530668170343,Resurrection Man,Motorjesus,6a633a47-c9d8-4726-b7ae-b29b43e0f292,hard rock,Rock
709abab5-5a89-49a6-88b0-cadcf3a3fef4,Speed of the Beast,Motorjesus,6a633a47-c9d8-4726-b7ae-b29b43e0f292,hard rock,Rock
a982ca36-d431-4ba7-b202-3c39336935c1,The Run,Motorjesus,6a633a47-c9d8-4726-b7ae-b29b43e0f292,hard rock,Rock
3f85286d-37d4-4289-b09b-f7b2b85c99cc,Midnight Rider,Motorjesus,6a633a47-c9d8-4726-b7ae-b29b43e0f292,hard rock,Rock
26c7b72e-78ed-4dea-baca-61e33275d579,Trouble in Motor City,Motorjesus,6a633a47-c9d8-4726-b7ae-b29b43e0f292,hard rock,Rock
9fd2a3b1-3ae4-4d9c-be22-86c126ba2248,The Arrival (Intro),Motorjesus,6a633a47-c9d8-4726-b7ae-b29b43e0f292,hard rock,Rock
c2ee726e-4cce-48ca-87ac-234544249f57,Electric Revelation,Motorjesus,6a633a47-c9d8-4726-b7ae-b29b43e0f292,hard rock,Rock
4f7b539c-40f6-4add-b38c-dd4462dde778,The Warning,Motorjesus,6a633a47-c9d8-4726-b7ae-b29b43e0f292,hard rock,Rock
5b38aa1f-4629-4502-b3ed-3d9a330e951f,577,Motorpsycho,5d0764c8-b14a-47fb-adc7-2ba9fb5f0d76,alternative rock,Rock
74c94f7a-4811-466e-aa00-7fd7ede8d460,Vortex Surfer,Motorpsycho,5d0764c8-b14a-47fb-adc7-2ba9fb5f0d76,alternative rock,Rock
d8c2609e-b6e5-431f-b84d-21a7d1323ab8,Babylon,Motorpsycho,5d0764c8-b14a-47fb-adc7-2ba9fb5f0d76,alternative rock,Rock
245e18b5-c301-4ad8-aec6-2db821545f34,Landslide,Motorpsycho,5d0764c8-b14a-47fb-adc7-2ba9fb5f0d76,alternative rock,Rock
14b9889b-42f4-4cb2-8ba3-d450ed6c2fd8,Psychonaut,Motorpsycho,5d0764c8-b14a-47fb-adc7-2ba9fb5f0d76,alternative rock,Rock
0272d923-913c-4f55-8400-d7394b8a8648,Superstooge,Motorpsycho,5d0764c8-b14a-47fb-adc7-2ba9fb5f0d76,alternative rock,Rock
48aed920-8e1e-42b6-9610-8a5f86b43630,When You’re Dead,Motorpsycho,5d0764c8-b14a-47fb-adc7-2ba9fb5f0d76,alternative rock,Rock
72652185-3c6c-478a-bff8-faf3e8947914,The Slow Phaseout,Motorpsycho,5d0764c8-b14a-47fb-adc7-2ba9fb5f0d76,alternative rock,Rock
9053d5bb-231d-4687-919b-c625f7299414,In the Name of Tragedy,Motörhead,57961a97-3796-4bf7-9f02-a985a8979ae9,hard rock,Rock
d4ae8a4d-d1dc-49a8-9421-e7a02cc75fdc,The Chase Is Better Than the Catch,Motörhead,57961a97-3796-4bf7-9f02-a985a8979ae9,hard rock,Rock
102bc8b0-4da2-4d7d-9bdc-64f605cb17fc,One Night Stand,Motörhead,57961a97-3796-4bf7-9f02-a985a8979ae9,hard rock,Rock
7bdf36d0-ec5c-4e8a-a8d1-f6e4cb88675a,Metropolis,Motörhead,57961a97-3796-4bf7-9f02-a985a8979ae9,hard rock,Rock
2ea8c02a-26f9-42aa-8360-31650ebfc7ae,Rock Out,Motörhead,57961a97-3796-4bf7-9f02-a985a8979ae9,hard rock,Rock
e4419a3a-20a1-4836-b76c-203f0e428347,I Know How to Die,Motörhead,57961a97-3796-4bf7-9f02-a985a8979ae9,hard rock,Rock
e9bb0b2a-d181-4750-825a-7899a9640eaf,Going to Brazil,Motörhead,57961a97-3796-4bf7-9f02-a985a8979ae9,hard rock,Rock
da07331b-a813-4839-beaf-c6ec5cd91132,The Thousand Names of God,Motörhead,57961a97-3796-4bf7-9f02-a985a8979ae9,hard rock,Rock
c1f8f249-49a7-4103-afca-146208f5ca54,Greens,Nazareth,88f219d8-4140-4191-af4b-de81c7c587c4,hard rock,Rock
24cf6566-e092-4e64-8007-54e78c517b15,Razamanaz,Nazareth,88f219d8-4140-4191-af4b-de81c7c587c4,hard rock,Rock
83a269ba-bbc3-4fd3-9710-a8d33e683116,Where Are You Now,Nazareth,88f219d8-4140-4191-af4b-de81c7c587c4,hard rock,Rock
48bf78f9-f86f-4fb3-8d99-2dae2820ae35,Silver Dollar Forger (edited version),Nazareth,88f219d8-4140-4191-af4b-de81c7c587c4,hard rock,Rock
f4b373ed-73c7-478f-b8ea-5a27337eb338,Shanghai’d in Shanghai,Nazareth,88f219d8-4140-4191-af4b-de81c7c587c4,hard rock,Rock
57e81859-1164-4dc6-9928-8963d77aa714,エクジスタンシアリスム,Plastic Tree,4bd477e1-0144-4e2f-910a-829aa539b6b8,indie rock,Rock
87abd034-e2d7-4bfb-9781-fde4b7b723c6,光合成,Plastic Tree,4bd477e1-0144-4e2f-910a-829aa539b6b8,indie rock,Rock
28b3deee-7ab7-490c-b218-3fdcf6099012,3月5日。,Plastic Tree,4bd477e1-0144-4e2f-910a-829aa539b6b8,alternative rock,Rock
95db6df1-03db-4d5a-9874-241aaf2f87d3,ロム 〜Instrumental〜,Plastic Tree,4bd477e1-0144-4e2f-910a-829aa539b6b8,alternative rock,Rock
ea757669-92c9-492d-90a6-59f023026bb4,静脈,Plastic Tree,4bd477e1-0144-4e2f-910a-829aa539b6b8,indie rock,Rock
90bc2b4c-55a8-4514-9f72-3352e6e460b3,End of Last Year,Porridge Radio,e5aa5d68-311e-435e-a143-68165adb05ca,indie rock,Rock
a628186e-125e-48c7-9dbd-826ee5b57e0a,Flowers,Porridge Radio,e5aa5d68-311e-435e-a143-68165adb05ca,indie rock,Rock
c535714a-308a-48be-85b7-1381a4497ad7,Splintered,Porridge Radio,e5aa5d68-311e-435e-a143-68165adb05ca,indie rock,Rock
43c35de7-1e41-4291-8798-c7487dfa3750,Birthday Party,Porridge Radio,e5aa5d68-311e-435e-a143-68165adb05ca,indie rock,Rock
4019e663-6e90-4385-bb9c-23a3e36b7081,Rotten,Porridge Radio,e5aa5d68-311e-435e-a143-68165adb05ca,indie rock,Rock
b0aa57c4-aa88-4cb3-a56a-797e09c7dfb1,Trying,Porridge Radio,e5aa5d68-311e-435e-a143-68165adb05ca,indie rock,Rock
221fede4-02f1-4b3f-b7c6-29ebfaec790b,Seven Seas of Rhye… (Trident take 3),Queen,0383dadf-2a4e-4d10-a46a-e9e041da8eb3,hard rock,Rock
99f3ee18-53eb-4b54-9285-40b7f8a821aa,Great King Rat (live at the Rainbow – March 1974),Queen,0383dadf-2a4e-4d10-a46a-e9e041da8eb3,hard rock,Rock
1a35e5f5-9214-4da9-bfcb-6f749de399e0,See What a Fool I’ve Been (De Lane Lea test session),Queen,0383dadf-2a4e-4d10-a46a-e9e041da8eb3,hard rock,Rock
2ac97a9c-db22-4d79-a8bc-e82463d0d008,Son and Daughter (live at the Rainbow – March 1974),Queen,0383dadf-2a4e-4d10-a46a-e9e041da8eb3,hard rock,Rock
c824d153-ba0d-4e49-a262-3e361551a4e1,The Night Comes Down (backing track),Queen,0383dadf-2a4e-4d10-a46a-e9e041da8eb3,hard rock,Rock
951e4193-77df-47da-8112-32f7c1e96a20,My Fairy King (backing track),Queen,0383dadf-2a4e-4d10-a46a-e9e041da8eb3,hard rock,Rock
f4d5a934-3ade-4374-b207-9376d1e305b2,Hangman (live in San Diego – March 1976),Queen,0383dadf-2a4e-4d10-a46a-e9e041da8eb3,hard rock,Rock
5ac9dda7-f259-4f7b-8c8f-d6eb7aab75e6,Jesus,Queen,0383dadf-2a4e-4d10-a46a-e9e041da8eb3,classic rock,Rock
f267eeeb-5c14-4d8e-b7f1-7e9b2d75de60,Headache,Reytons,8b52e683-caa2-4460-b38c-ffbb5ae009d5,indie rock,Rock
c7d1d337-899f-4440-9273-1ccb2049c67e,Adrenaline,Reytons,8b52e683-caa2-4460-b38c-ffbb5ae009d5,indie rock,Rock
5f90ee4c-4308-4035-9216-0c125a071329,Who Were There?,Reytons,8b52e683-caa2-4460-b38c-ffbb5ae009d5,indie rock,Rock
74c9ee8f-d06c-4339-b2bb-5d4cf726150a,Cash in Hand & Fake Ids,Reytons,8b52e683-caa2-4460-b38c-ffbb5ae009d5,indie rock,Rock
e9eac574-02e2-4a4a-92b4-9f5ae640ab06,What a Fucking Journey for The…,Reytons,8b52e683-caa2-4460-b38c-ffbb5ae009d5,indie rock,Rock
6b9632a9-df9b-45e9-8cae-b6120b8020ba,Retro Emporium,Reytons,8b52e683-caa2-4460-b38c-ffbb5ae009d5,indie rock,Rock
6b96d6d3-586a-4cb3-a685-1403cde32806,Slice of Lime,Reytons,8b52e683-caa2-4460-b38c-ffbb5ae009d5,indie rock,Rock
5ce0c02a-b469-45ce-9c2c-c7cceea468a6,Let Me Breathe,Reytons,8b52e683-caa2-4460-b38c-ffbb5ae009d5,indie rock,Rock
a319206d-e674-445e-ad55-3f098a0b0996,Let The Music Play (Mono) (Bonus Track),Rick Derringer,9259284f-5f4e-4c77-ab33-faa5d8bed31b,classic rock,Rock
52f05323-8826-41ef-8f10-0a5735780360,Jenda,Rick Derringer,9259284f-5f4e-4c77-ab33-faa5d8bed31b,classic rock,Rock
0b284c4b-506c-4217-b81d-d315659e3eca,"Rock And Roll, Hoochie Koo (Mono)",Rick Derringer,9259284f-5f4e-4c77-ab33-faa5d8bed31b,classic rock,Rock
6bdd51bd-8e05-487f-9d29-c74cee0311dc,Man in the Middle,Rick Derringer,9259284f-5f4e-4c77-ab33-faa5d8bed31b,classic rock,Rock
cee050d8-5921-4ff7-88f9-6664da80cf50,Funny I Still Love You,Rick Derringer,9259284f-5f4e-4c77-ab33-faa5d8bed31b,classic rock,Rock
d30b8391-e87b-4c61-a51c-0cc887e2479b,Big City Loneliness,Rick Derringer,9259284f-5f4e-4c77-ab33-faa5d8bed31b,classic rock,Rock
61494021-2f3d-40de-a673-a92a1d43533f,I Want a Lover,Rick Derringer,9259284f-5f4e-4c77-ab33-faa5d8bed31b,classic rock,Rock
88d8888f-500e-4434-834c-905b819b73bc,Burn the Midnight Oil,Rick Derringer,9259284f-5f4e-4c77-ab33-faa5d8bed31b,classic rock,Rock
ad2ab423-be6c-4670-aa6d-645a317e397c,Second Nature,Rush,534ee493-bfac-4575-a44a-0ae41e2c3fe4,classic rock,Rock
44047e91-2553-46e2-8838-dcc7f59ae030,The Spirit of Radio,Rush,534ee493-bfac-4575-a44a-0ae41e2c3fe4,classic rock,Rock
c66a814a-538f-4076-91c0-e6effac9c34c,Tom Sawyer,Rush,534ee493-bfac-4575-a44a-0ae41e2c3fe4,classic rock,Rock
b4e47b01-bcef-464a-9ced-df4b9b83736c,Closer to the Heart,Rush,534ee493-bfac-4575-a44a-0ae41e2c3fe4,classic rock,Rock
b23dfadc-fbf3-4948-8a0f-ba04ab22b298,Witch Hunt,Rush,534ee493-bfac-4575-a44a-0ae41e2c3fe4,classic rock,Rock
64601a60-935a-4fee-a963-18787468e107,Fly by Night / In the Mood,Rush,534ee493-bfac-4575-a44a-0ae41e2c3fe4,classic rock,Rock
56acbc5c-73fb-46fd-83ab-75dfa2a3b4bf,Working Man / Finding My Way / Drum Solo,Rush,534ee493-bfac-4575-a44a-0ae41e2c3fe4,classic rock,Rock
0e4eaf5a-8cfb-4f34-b50e-53fcbfe03f2c,May I stay,SADS,37e9d194-6110-4e03-9042-79e718954e5f,hard rock,Rock
d7221582-87fc-4327-8b1a-8eff1586eb46,breathless,SADS,37e9d194-6110-4e03-9042-79e718954e5f,hard rock,Rock
4adf9e30-8ed6-426c-81d4-6c65e4b5265e,The Life Beyond Desperation,SADS,37e9d194-6110-4e03-9042-79e718954e5f,hard rock,Rock
8ebac712-4b03-4aeb-a91a-b5fe66cf5e95,The Life Beyond Desperation,SADS,37e9d194-6110-4e03-9042-79e718954e5f,hard rock,Rock
ff75ac8a-deb3-453c-85a7-f1cf84abf0cb,PORNO STAR,SADS,37e9d194-6110-4e03-9042-79e718954e5f,hard rock,Rock
cc70c773-8f85-45dd-8d50-b736b88da08e,Morgen Schon,Samsas Traum,c1f9719f-34bf-4243-b060-dbfa76cf8634,"rock, goth rock, rock/goth rock",Rock
397b4ad4-17b0-48c0-8970-499767fa34b8,Süßer Schlamm,Samsas Traum,c1f9719f-34bf-4243-b060-dbfa76cf8634,"rock, goth rock, rock/goth rock",Rock
62a25fa9-edf0-4068-a5de-c630b894078d,"Ingen, ingen annan själ än dig",Samsas Traum,c1f9719f-34bf-4243-b060-dbfa76cf8634,"rock, goth rock, rock/goth rock",Rock
8ebf9cac-2388-483b-9211-d3e80d11a657,Die Schönheit des Lebens zu Ehre,Samsas Traum,c1f9719f-34bf-4243-b060-dbfa76cf8634,"rock, goth rock, rock/goth rock",Rock
323dcacb-d239-401b-a621-64d6eaf01429,Deines Herzens regeln,Samsas Traum,c1f9719f-34bf-4243-b060-dbfa76cf8634,"rock, goth rock, rock/goth rock",Rock
f832fc82-f28c-4404-9e1f-851434d7dd8d,Der Flammen Glanz im Haar,Samsas Traum,c1f9719f-34bf-4243-b060-dbfa76cf8634,"rock, goth rock, rock/goth rock",Rock
335d650d-f0da-4214-a8ec-30cc4a7ae768,Dark Line (Theme),Secret Discovery,c3d081cd-4ffc-4fbf-a1b2-809a2199ab58,"rock, goth rock, rock/goth rock",Rock
c03b2160-6da0-4757-b3d1-afa8936d9c82,Feel the Time,Secret Discovery,c3d081cd-4ffc-4fbf-a1b2-809a2199ab58,"rock, goth rock, rock/goth rock",Rock
29a360a9-c3c7-4c14-93fd-de8f92e7a1a7,Last Try,Secret Discovery,c3d081cd-4ffc-4fbf-a1b2-809a2199ab58,"rock, goth rock, rock/goth rock",Rock
240e9e42-97d0-49d3-8a84-9e12c3e3403e,The Other Side,Secret Discovery,c3d081cd-4ffc-4fbf-a1b2-809a2199ab58,"rock, goth rock, rock/goth rock",Rock
64636355-208c-4e4a-a550-e175d44bc534,Daily Nightmare,Secret Discovery,c3d081cd-4ffc-4fbf-a1b2-809a2199ab58,"rock, goth rock, rock/goth rock",Rock
d5c43bf6-3313-44d4-ba8d-5617602e5cfe,Friday 13th,Secret Discovery,c3d081cd-4ffc-4fbf-a1b2-809a2199ab58,"rock, goth rock, rock/goth rock",Rock
9ea03a17-8beb-4083-aa50-87f36a1ce28f,Dream Retailer,Secret Discovery,c3d081cd-4ffc-4fbf-a1b2-809a2199ab58,"rock, goth rock, rock/goth rock",Rock
6ee946fe-e0f1-41be-a549-fc3b855ef5b5,Evil Feeling,Secret Discovery,c3d081cd-4ffc-4fbf-a1b2-809a2199ab58,"rock, goth rock, rock/goth rock",Rock
a42b2a12-5ac0-4c11-b28d-76d240e656c6,Dolphin (demo version),Shed Seven,4d8650ba-b4ed-4307-a6c8-368eb646210b,indie rock,Rock
35643e94-9a8a-4cce-8ed2-93daeaec480a,Kennel (demo version),Shed Seven,4d8650ba-b4ed-4307-a6c8-368eb646210b,indie rock,Rock
27c0c66e-53d1-4396-affd-62cbf4a908ca,Casino Girl,Shed Seven,4d8650ba-b4ed-4307-a6c8-368eb646210b,indie rock,Rock
c3c6b5a7-1dfa-406e-a499-da5f6f1bfc1b,Magic Streets (live),Shed Seven,4d8650ba-b4ed-4307-a6c8-368eb646210b,indie rock,Rock
59cfacd6-c702-4a64-b0b5-0891ec195af6,Why Can’t I Be You?,Shed Seven,4d8650ba-b4ed-4307-a6c8-368eb646210b,indie rock,Rock
0a184013-3451-48b2-af68-016701fc31e2,Dolphin,Shed Seven,4d8650ba-b4ed-4307-a6c8-368eb646210b,indie rock,Rock
87492401-bbac-49c9-8702-1c045cc3493a,Stars in Your Eyes,Shed Seven,4d8650ba-b4ed-4307-a6c8-368eb646210b,indie rock,Rock
2e066ee5-857e-4c4a-9913-d6dc1b533320,Rawhead and Bloody Bones,Siouxsie and the Banshees,78ea5ea1-3c4d-4b7e-ac5d-68900319ebe2,indie rock,Rock
249d46f5-a53d-4908-a9cc-126b5cee046e,Coal Mind (Kid Jensen session),Siouxsie and the Banshees,78ea5ea1-3c4d-4b7e-ac5d-68900319ebe2,indie rock,Rock
b3ff8824-33ad-4f6d-913e-2f1ec53829c9,Christine,Siouxsie and the Banshees,78ea5ea1-3c4d-4b7e-ac5d-68900319ebe2,indie rock,Rock
5a990caa-9d89-4a68-a701-2994c8863098,El Día de Los Muertos,Siouxsie and the Banshees,78ea5ea1-3c4d-4b7e-ac5d-68900319ebe2,indie rock,Rock
90494633-0483-49a7-aca8-f4cfe460ab8b,Shooting Sun (Janice Long session),Siouxsie and the Banshees,78ea5ea1-3c4d-4b7e-ac5d-68900319ebe2,indie rock,Rock
03cf57f9-8e00-44b5-b598-1378f4ffdc4c,Speaking Terms,Snail Mail,86cd4d38-857c-42bd-a5da-9acedcab1e01,indie rock,Rock
a36a66a7-161c-44f2-856c-6dd45190ed08,Full Control,Snail Mail,86cd4d38-857c-42bd-a5da-9acedcab1e01,indie rock,Rock
04d0a98d-b737-489b-bcf8-dcce9b7c60bf,Agony Freak,Snail Mail,86cd4d38-857c-42bd-a5da-9acedcab1e01,indie rock,Rock
e52032da-72d5-4197-9fd5-f531710255c6,Reverie,Snail Mail,86cd4d38-857c-42bd-a5da-9acedcab1e01,indie rock,Rock
aca7d480-466c-480f-9d23-d9736288c92c,Stick,Snail Mail,86cd4d38-857c-42bd-a5da-9acedcab1e01,indie rock,Rock
442cd884-8515-47f7-84b3-c59d5edba7d8,Everything I Want,Sneaky Feelings,98496167-52a8-448f-be51-1716261e1657,alternative rock,Rock
765457be-963c-4765-87cb-197a6ae9d0dd,Throwing Stones,Sneaky Feelings,98496167-52a8-448f-be51-1716261e1657,alternative rock,Rock
dfc56e0d-f66b-4b58-b50b-58f75faec53d,P.I.T. Song,Sneaky Feelings,98496167-52a8-448f-be51-1716261e1657,alternative rock,Rock
ed549d70-6cf0-4998-abec-8202fc63f97d,Maybe You Need to Come Back,Sneaky Feelings,98496167-52a8-448f-be51-1716261e1657,alternative rock,Rock
265fab4b-1742-472e-8963-9b484c8cce32,Someone Else's Eyes,Sneaky Feelings,98496167-52a8-448f-be51-1716261e1657,alternative rock,Rock
09cb1994-4301-4756-83ba-ace3a2543845,The Strange and Conflicting Feelings of Separation and Betrayal,Sneaky Feelings,98496167-52a8-448f-be51-1716261e1657,alternative rock,Rock
3ba87077-932c-4dea-9532-588cb345f742,The Sprawl,Sonic Youth,5cbef01b-cc35-4f52-af7b-d0df0c4f61b9,alternative rock,Rock
babb9d2a-df48-442a-a51f-1c9310ca799d,Electricity,Sonic Youth,5cbef01b-cc35-4f52-af7b-d0df0c4f61b9,alternative rock,Rock
c555fc7e-cd39-4813-b80c-ff8889d5b1da,Under the Influence of The Jesus and Mary Chain (live on Swiss Radio July ’87),Sonic Youth,5cbef01b-cc35-4f52-af7b-d0df0c4f61b9,indie rock,Rock
e51153bb-916f-4815-97e8-f2e4065c0061,Kissability,Sonic Youth,5cbef01b-cc35-4f52-af7b-d0df0c4f61b9,alternative rock,Rock
7c7623cb-99fb-43ce-93bc-6715c2eada55,The End of the End of the Ugly,Sonic Youth,5cbef01b-cc35-4f52-af7b-d0df0c4f61b9,alternative rock,Rock
52763d71-9fd1-4491-8959-dc3c969d94e6,Computer Age,Sonic Youth,5cbef01b-cc35-4f52-af7b-d0df0c4f61b9,alternative rock,Rock
0ea5d906-b78b-4379-a65b-78a99ffb3262,Seen That Look Before,Stereophonics,0bfba3d3-6a04-4779-bb0a-df07df5b0558,indie rock,Rock
71241837-b9ba-451e-ae34-33a65dbab0aa,Taken a Tumble,Stereophonics,0bfba3d3-6a04-4779-bb0a-df07df5b0558,indie rock,Rock
88de1d4b-0418-4231-afed-2623d451f65e,Carrot Cake and Wine,Stereophonics,0bfba3d3-6a04-4779-bb0a-df07df5b0558,indie rock,Rock
41452383-236f-4760-8e78-ca9c7c4537be,Jayne,Stereophonics,0bfba3d3-6a04-4779-bb0a-df07df5b0558,indie rock,Rock
6ba9fe9a-5a73-481e-a306-ee454c74dcfa,Madame Helga,Stereophonics,0bfba3d3-6a04-4779-bb0a-df07df5b0558,indie rock,Rock
94e5b35c-1887-4cd8-8954-34fafc5ea105,Do Ya Feel My Love,Stereophonics,0bfba3d3-6a04-4779-bb0a-df07df5b0558,indie rock,Rock
1a843e30-a09c-4f7f-a04b-342107fb7b25,You’re My Soul,Stereophonics,0bfba3d3-6a04-4779-bb0a-df07df5b0558,indie rock,Rock
b05bd052-66c4-451a-90f6-cfd296666632,Breaking Dawn,Stereophonics,0bfba3d3-6a04-4779-bb0a-df07df5b0558,indie rock,Rock
9c037227-7e5f-49b6-9aec-42f1b3fd3b32,Glaciers Down / Keep Them Still,Strange Boutique,0ee0668b-fa1d-4db1-ac8c-43a3ad1272c0,"rock, goth rock, rock/goth rock",Rock
d017bff2-104e-4312-b34e-70ddfe697e04,Hills Like White Elephants,Strange Boutique,0ee0668b-fa1d-4db1-ac8c-43a3ad1272c0,"rock, goth rock, rock/goth rock",Rock
53400417-0ae9-41db-b0fe-425a3cb346c4,In a Heaven,Strange Boutique,0ee0668b-fa1d-4db1-ac8c-43a3ad1272c0,"rock, goth rock, rock/goth rock",Rock
33c12827-1d57-4d37-97b8-03b73889f4ab,Unsettling,Strange Boutique,0ee0668b-fa1d-4db1-ac8c-43a3ad1272c0,"rock, goth rock, rock/goth rock",Rock
f6948326-5d54-44fa-a213-eba505830a92,Charm,Strange Boutique,0ee0668b-fa1d-4db1-ac8c-43a3ad1272c0,"rock, goth rock, rock/goth rock",Rock
0b5b314d-49ef-4ec1-8f63-6c790dda4346,345,Supergrass,6386ddff-0d13-4685-9f0a-a82bf022fb1c,"indie rock, rock and indie_rock_indie rock",Rock
dff398f7-ef13-4df2-b40d-329bf1714bb0,Diamond Hoo Ha Man,Supergrass,6386ddff-0d13-4685-9f0a-a82bf022fb1c,"indie rock, rock and indie_rock_indie rock",Rock
f8bf6dea-497c-4925-91f1-ca3780ed33d6,Ghost of a Friend,Supergrass,6386ddff-0d13-4685-9f0a-a82bf022fb1c,"indie rock, rock and indie_rock_indie rock",Rock
0f2ee436-c45f-4685-8d57-93c798eab1c2,When I Needed You,Supergrass,6386ddff-0d13-4685-9f0a-a82bf022fb1c,"indie rock, rock and indie_rock_indie rock",Rock
618c5ce3-0dee-49ae-8830-b89e5ace18dc,Butterfly,Supergrass,6386ddff-0d13-4685-9f0a-a82bf022fb1c,indie rock,Rock
34702246-e561-4cbd-849e-cc333d420ae3,Rebel in You,Supergrass,6386ddff-0d13-4685-9f0a-a82bf022fb1c,"indie rock, rock and indie_rock_indie rock",Rock
ca5e6086-69df-45cc-8d3d-98b7533c78ef,Outside,Supergrass,6386ddff-0d13-4685-9f0a-a82bf022fb1c,"indie rock, rock and indie_rock_indie rock",Rock
1bafc53d-23db-49f6-8c0f-ba3fac56036b,Rough Knuckles,Supergrass,6386ddff-0d13-4685-9f0a-a82bf022fb1c,"indie rock, rock and indie_rock_indie rock",Rock
98678e91-d91a-42c1-bc1f-b6b7630cf270,God Knows It's True,Teenage Fanclub,e6f8912b-7df9-4aae-b551-2cd03dc29588,indie rock,Rock
f9641561-12b5-4868-9321-276e425afcbb,Weedbreak,Teenage Fanclub,e6f8912b-7df9-4aae-b551-2cd03dc29588,indie rock,Rock
15cbb1c0-e506-4f78-a71d-1ca23e2a938d,Tears,Teenage Fanclub,e6f8912b-7df9-4aae-b551-2cd03dc29588,indie rock,Rock
c6030ebc-3a9c-491f-b157-0f4707e11257,Your Love Is the Place Where I Come From,Teenage Fanclub,e6f8912b-7df9-4aae-b551-2cd03dc29588,indie rock,Rock
20816c67-7b13-4200-b439-a83fd2fc7431,Verisimilitude,Teenage Fanclub,e6f8912b-7df9-4aae-b551-2cd03dc29588,indie rock,Rock
e1d13a1a-16bc-4f8f-a5b5-aa50129e8f90,About You,Teenage Fanclub,e6f8912b-7df9-4aae-b551-2cd03dc29588,indie rock,Rock
58f627f9-86e4-4383-98a5-0533df20d710,Copernicus,The Afghan Whigs,2feb192c-2363-46d6-b476-1c88a25cb294,alternative rock,Rock
bb7d2576-745d-4e2d-accd-ea7a51b657bc,Into the Floor,The Afghan Whigs,2feb192c-2363-46d6-b476-1c88a25cb294,alternative rock,Rock
209b07ac-5b6d-449e-964d-d0c3e6978b47,Mr. Superlove,The Afghan Whigs,2feb192c-2363-46d6-b476-1c88a25cb294,alternative rock,Rock
a1795be0-6bed-40a0-99b4-377b85bcfc0c,The Dark End of the Street,The Afghan Whigs,2feb192c-2363-46d6-b476-1c88a25cb294,alternative rock,Rock
64ac983b-0e6a-4519-9087-5d99ac8ddcfc,Arabian Heights,The Afghan Whigs,2feb192c-2363-46d6-b476-1c88a25cb294,alternative rock,Rock
b03d2dcd-b21a-4adc-b82a-b6be1f00652d,Sometime Around Midnight,The Airborne Toxic Event,892fb2e4-0af4-42be-9e60-22898de51d32,alternative rock,Rock
f41e81ea-803b-4d94-86f7-b35908c1f591,Do You Remember Rock 'N' Roll Radio?,The Airborne Toxic Event,892fb2e4-0af4-42be-9e60-22898de51d32,alternative rock,Rock
05a48304-04f5-485a-b1da-5c2ad53089fb,Gasoline,The Airborne Toxic Event,892fb2e4-0af4-42be-9e60-22898de51d32,alternative rock,Rock
24c5996c-2cee-4138-b590-60b1fc335d4c,Intro Marching Band,The Airborne Toxic Event,892fb2e4-0af4-42be-9e60-22898de51d32,alternative rock,Rock
89de3011-9c4a-48ad-9611-7de0862b4742,Happiness Is Overrated,The Airborne Toxic Event,892fb2e4-0af4-42be-9e60-22898de51d32,alternative rock,Rock
26bbdb08-7324-4677-bb9a-e76d1eb49f4f,All I Ever Wanted,The Airborne Toxic Event,892fb2e4-0af4-42be-9e60-22898de51d32,alternative rock,Rock
4ecd233e-d7e2-43b0-9cb6-b5c016ed3f59,Wishing Well,The Airborne Toxic Event,892fb2e4-0af4-42be-9e60-22898de51d32,alternative rock,Rock
98d45fdc-510e-4073-a526-6f1f3ec78ae6,A Letter to Georgia,The Airborne Toxic Event,892fb2e4-0af4-42be-9e60-22898de51d32,alternative rock,Rock
6aa131e2-a13f-49e9-95ed-ce95ead55202,What’s the #?,The Apples in Stereo,ea075268-e5ea-40f7-b9c3-68b039218a88,indie rock,Rock
6608332e-761f-4fc0-9093-e87447c59006,Coda,The Apples in Stereo,ea075268-e5ea-40f7-b9c3-68b039218a88,indie rock,Rock
011571ce-e460-4556-bbc8-2e77a079fe22,Shine a Light,The Apples in Stereo,ea075268-e5ea-40f7-b9c3-68b039218a88,indie rock,Rock
6188040f-7b93-4e5c-a801-574ae180729c,We’ll Come to Be,The Apples in Stereo,ea075268-e5ea-40f7-b9c3-68b039218a88,indie rock,Rock
08253475-5c62-45d9-b13d-759b723f9a05,"The Silvery Light of a Dream, Part 2",The Apples in Stereo,ea075268-e5ea-40f7-b9c3-68b039218a88,indie rock,Rock
5825bf07-0898-4c4f-a216-890505ce0816,Money Whipped,The Band,8c90ad8c-9150-4c51-a1eb-342232e99d06,classic rock,Rock
13d5aa8e-f0bc-4108-8bd9-6ea234d1ed5c,You Don’t Know Me,The Band,8c90ad8c-9150-4c51-a1eb-342232e99d06,classic rock,Rock
52854a00-ac0d-42ed-b785-62bbbde9d1f1,Never Again or Forever,The Band,8c90ad8c-9150-4c51-a1eb-342232e99d06,classic rock,Rock
8df7f932-059e-43cd-802c-e3d943fb8840,River of Honey,The Band,8c90ad8c-9150-4c51-a1eb-342232e99d06,classic rock,Rock
8aaad7b7-3e20-4bcb-9453-97b32d0ed56c,The High Price of Love,The Band,8c90ad8c-9150-4c51-a1eb-342232e99d06,classic rock,Rock
ba843a92-a2f9-4222-983e-140306731cf5,All Creation,The Band,8c90ad8c-9150-4c51-a1eb-342232e99d06,classic rock,Rock
7434b0b3-7bf5-47cb-9220-731aa9e4c0c7,Dialogue,The Beatles,b10bbbfc-cf9e-42e0-be17-e2c3e1d2600d,classic rock,Rock
8348da41-f2a6-4917-8e3b-5c5cf1de29ac,She’s Leaving Home (take 6 – instrumental),The Beatles,b10bbbfc-cf9e-42e0-be17-e2c3e1d2600d,classic rock,Rock
728124fc-4f14-43ab-9081-e389b17d4670,Strawberry Fields Forever (take 1),The Beatles,b10bbbfc-cf9e-42e0-be17-e2c3e1d2600d,classic rock,Rock
ec2bb226-fc20-4230-ad1a-21197fc6017a,A Day in the Life (orchestra overdub),The Beatles,b10bbbfc-cf9e-42e0-be17-e2c3e1d2600d,classic rock,Rock
629718cb-8257-45f9-9ff7-df60995ca0ca,A Day in the Life (take 1),The Beatles,b10bbbfc-cf9e-42e0-be17-e2c3e1d2600d,classic rock,Rock
8213c1b8-2846-449b-9a93-33fdd9c7b8f5,Getting Better (take 12),The Beatles,b10bbbfc-cf9e-42e0-be17-e2c3e1d2600d,classic rock,Rock
d8d054f4-ee08-42aa-8029-626a02f74413,Joe,The Cranberries,c98d40fd-f6cf-4b26-883e-eaa515ee2851,"rock, alternative rock, punk, alternative-rock, rock_alternative rock",Rock
9e096621-ddaf-4ca0-8ac8-1e487edf7d65,Ridiculous Thoughts,The Cranberries,c98d40fd-f6cf-4b26-883e-eaa515ee2851,"alternative rock, alternative-rock",Rock
0c62a275-cd0a-490e-b073-eed0a1f0fa97,Animal Instinct,The Cranberries,c98d40fd-f6cf-4b26-883e-eaa515ee2851,"alternative rock, alternative-rock",Rock
74ea1127-9821-466f-89bd-4d3b302835c8,Animal Instinct (acoustic version),The Cranberries,c98d40fd-f6cf-4b26-883e-eaa515ee2851,"alternative rock, indie, alternative-rock",Rock
85c09703-d521-4259-8b32-461db1a9577a,When You’re Gone (acoustic version),The Cranberries,c98d40fd-f6cf-4b26-883e-eaa515ee2851,"alternative rock, indie, alternative-rock",Rock
d599986d-34cd-461a-bf40-5e5aad17adc9,Ode to My Family (acoustic version),The Cranberries,c98d40fd-f6cf-4b26-883e-eaa515ee2851,"alternative rock, indie, alternative-rock",Rock
d4a9e9d4-aec8-4c96-9b9c-052b3ea68a72,Forever Yellow Skies,The Cranberries,c98d40fd-f6cf-4b26-883e-eaa515ee2851,"rock, alternative rock, punk, alternative-rock, rock_alternative rock",Rock
0f5f61d0-9226-4112-82fa-d05987b6c1f6,Hollywood,The Cranberries,c98d40fd-f6cf-4b26-883e-eaa515ee2851,"alternative rock, alternative-rock",Rock
b5189408-9c95-4972-abf0-c41ee0c6f5e5,Nirvana (instrumental),The Cult,8846e4ff-0c19-4af2-872b-7a8dc7497f68,alternative rock,Rock
2b0c4133-3d97-4168-8368-640f0d95f804,Brother Wolf; Sister Moon,The Cult,8846e4ff-0c19-4af2-872b-7a8dc7497f68,alternative rock,Rock
6cbf7fb2-4e01-482f-a575-6f55fb7e734a,Little Face,The Cult,8846e4ff-0c19-4af2-872b-7a8dc7497f68,alternative rock,Rock
90e176c1-4972-4c28-8e17-42d6846ec7bc,Big Neon Glitter,The Cult,8846e4ff-0c19-4af2-872b-7a8dc7497f68,alternative rock,Rock
3413e218-4238-40c6-8bf6-65f2f120ab40,Rain,The Cult,8846e4ff-0c19-4af2-872b-7a8dc7497f68,alternative rock,Rock
b8e3fc5b-7d9d-4ecc-816f-489dd60d6434,Electric Ocean (original version),The Cult,8846e4ff-0c19-4af2-872b-7a8dc7497f68,alternative rock,Rock
4097ff6c-bc3b-47dd-948e-43247b2a3683,Conquistador (radio session),The Cult,8846e4ff-0c19-4af2-872b-7a8dc7497f68,alternative rock,Rock
be298cda-a358-4cde-9bb4-16fe1c96b439,Big Neon Glitter,The Cult,8846e4ff-0c19-4af2-872b-7a8dc7497f68,alternative rock,Rock
3d926828-c262-4c23-a4c0-a9ed5d07a563,Before the Gold Rush,The Envy Corps,909726d2-f03d-4d93-a600-3f0686d39c3a,indie rock,Rock
17850b80-79b7-4569-91d5-f42773e4def1,Rhinemaidens,The Envy Corps,909726d2-f03d-4d93-a600-3f0686d39c3a,indie rock,Rock
154a55e9-f4a5-4b1c-9f38-0d6d3722d5bc,Walls,The Envy Corps,909726d2-f03d-4d93-a600-3f0686d39c3a,indie rock,Rock
8563a753-e8f7-4d09-b524-bb6afdd6009e,Sylvia (The Beekeeper),The Envy Corps,909726d2-f03d-4d93-a600-3f0686d39c3a,indie rock,Rock
7429260c-10f6-404c-8fa7-791208df2e01,Rooftop,The Envy Corps,909726d2-f03d-4d93-a600-3f0686d39c3a,indie rock,Rock
7184cdd4-36bb-4a62-8e68-c2c50675bdff,"Come On, React!",The Fireballs,742ac24e-d1cd-48c5-8a4b-684fd3d84ddb,classic rock,Rock
a12e5172-1e24-41e5-946f-e83bd9307afe,"Louie, Go Home",The Fireballs,742ac24e-d1cd-48c5-8a4b-684fd3d84ddb,classic rock,Rock
7a463a5f-5d1d-4c98-964e-6ae9385acadd,Mr. Reeves,The Fireballs,742ac24e-d1cd-48c5-8a4b-684fd3d84ddb,classic rock,Rock
109e4d71-4b41-46ad-9a27-369ce4b3e2f3,Light in the Window,The Fireballs,742ac24e-d1cd-48c5-8a4b-684fd3d84ddb,classic rock,Rock
16838819-303b-4a30-9fa0-de9f6d28c9a5,Codine,The Fireballs,742ac24e-d1cd-48c5-8a4b-684fd3d84ddb,classic rock,Rock
74682bf0-4f94-4126-bada-1dcea536f81c,Lonely Too Long,The Fireballs,742ac24e-d1cd-48c5-8a4b-684fd3d84ddb,classic rock,Rock
c82b45ff-adfc-49dc-afd4-57e63fd4a4b3,It's Easy for Me,The Fireballs,742ac24e-d1cd-48c5-8a4b-684fd3d84ddb,classic rock,Rock
91692c88-c335-41e8-b7e3-14b73aa0af08,Woman Help Me,The Fireballs,742ac24e-d1cd-48c5-8a4b-684fd3d84ddb,classic rock,Rock
c5f99dc1-c892-4dbe-a723-a27e6c216f9b,Upside Down,The Jesus and Mary Chain,e938a15c-b17e-4e7a-9f68-ff0d536cab44,alternative rock,Rock
d84e27bc-6d4b-48b4-a301-3de07c6087dc,Bo Diddley Is Jesus,The Jesus and Mary Chain,e938a15c-b17e-4e7a-9f68-ff0d536cab44,alternative rock,Rock
018e1e90-6533-4834-a47a-0fb0bda2ed8a,Taste of Cindy (live),The Jesus and Mary Chain,e938a15c-b17e-4e7a-9f68-ff0d536cab44,alternative rock,Rock
9ec533c1-f484-4ea2-a0be-8c3425959ec6,Blues From a Gun,The Jesus and Mary Chain,e938a15c-b17e-4e7a-9f68-ff0d536cab44,alternative rock,Rock
609bcd5b-4555-4261-a425-8734bef47b73,Sidewalking (extended version),The Jesus and Mary Chain,e938a15c-b17e-4e7a-9f68-ff0d536cab44,alternative rock,Rock
9b0ea1f8-6d54-48eb-8867-9652715590fa,Perfumed Lies,The Judybats,c3fc6493-eccf-411d-9e09-49ca6c198b01,alternative rock,Rock
d9e1b4aa-3f77-4a0a-9aa4-254a66c8c24f,In Like With You,The Judybats,c3fc6493-eccf-411d-9e09-49ca6c198b01,alternative rock,Rock
ea8525ec-20b4-4789-8bb7-c4e5dd0f8690,She Lives (In a Time of Her Own),The Judybats,c3fc6493-eccf-411d-9e09-49ca6c198b01,alternative rock,Rock
35c89256-4256-4b20-bec1-4b052a6beb13,Counting Sheep,The Judybats,c3fc6493-eccf-411d-9e09-49ca6c198b01,alternative rock,Rock
3005f1fc-86ba-4bb4-b717-fcbcce63979a,Woman in the Garden,The Judybats,c3fc6493-eccf-411d-9e09-49ca6c198b01,alternative rock,Rock
7a2d59a6-30bb-4c5f-a66b-a93900206d18,Waiting for the Rain,The Judybats,c3fc6493-eccf-411d-9e09-49ca6c198b01,alternative rock,Rock
ec305e08-03a2-4c03-9493-78dfb5cb1ede,Medley: Picture Book / People Take Pictures of Each Other (Preservation version – stereo mix),The Kinks,17b53d9f-5c63-4a09-a593-dde4608e0db9,classic rock,Rock
0384d558-4f4c-422c-9e9f-6d9d040726cc,The Village Green Preservation Society,The Kinks,17b53d9f-5c63-4a09-a593-dde4608e0db9,classic rock,Rock
b72c5fab-63d3-4cec-93d9-047bb77443ca,When I Turn Off the Living Room Light (mono mix),The Kinks,17b53d9f-5c63-4a09-a593-dde4608e0db9,classic rock,Rock
a9fdaa7d-0460-48c1-b192-281c27a7ed7d,Rosemary Rose (mono mix),The Kinks,17b53d9f-5c63-4a09-a593-dde4608e0db9,classic rock,Rock
c65e7d75-b136-44c8-9e6e-f26292c6fbef,Days (mono single mix),The Kinks,17b53d9f-5c63-4a09-a593-dde4608e0db9,classic rock,Rock
951e9fc9-9a63-4208-894f-6bcdc5c2cfd9,Polly (original stereo mix),The Kinks,17b53d9f-5c63-4a09-a593-dde4608e0db9,classic rock,Rock
c9ff9fa2-4695-4d8d-a562-20ca5fb58c86,The Village Green Preservation Society (Preservation version – stereo mix),The Kinks,17b53d9f-5c63-4a09-a593-dde4608e0db9,classic rock,Rock
ba9d6f4c-ec04-4bb8-bad5-5c907dc3dc58,Lavender Hill (mono mix),The Kinks,17b53d9f-5c63-4a09-a593-dde4608e0db9,classic rock,Rock
300e6218-68c0-49e8-914a-2091fb0d145e,Smoke Signals,The Magnetic Fields,3ff72a59-f39d-411d-9f93-2d4a86413013,alternative rock,Rock
f885bcfc-e924-4d12-b05c-11c899d30d2a,Railroad Boy,The Magnetic Fields,3ff72a59-f39d-411d-9f93-2d4a86413013,alternative rock,Rock
794180c1-f627-4d1f-9b90-1c00fd5bcd36,Old Orchard Beach,The Magnetic Fields,3ff72a59-f39d-411d-9f93-2d4a86413013,alternative rock,Rock
007e4530-7056-48d6-9c28-be1c30d296dd,[silence],The Magnetic Fields,3ff72a59-f39d-411d-9f93-2d4a86413013,alternative rock,Rock
9f09c3ad-9de3-466c-b9a5-d4731fa628d2,Dancing in Your Eyes,The Magnetic Fields,3ff72a59-f39d-411d-9f93-2d4a86413013,alternative rock,Rock
f5939391-a902-4a8b-bd16-4d705aa7cd96,When You Were My Baby,The Magnetic Fields,3ff72a59-f39d-411d-9f93-2d4a86413013,alternative rock,Rock
89ad1ba3-4e22-44d5-a4d5-779c38e3dd60,Little Faith,The National,664c3e0e-42d8-48c1-b209-1efca19c0325,indie rock,Rock
23748273-d812-491e-aa61-2c83ba6f3f73,Born to Beg,The National,664c3e0e-42d8-48c1-b209-1efca19c0325,indie rock,Rock
cf639964-eabb-4c40-9673-c2117e456ea5,Lemonworld,The National,664c3e0e-42d8-48c1-b209-1efca19c0325,indie rock,Rock
55196d5c-6308-48c6-8408-283546d3cdad,Sleep Well Beast,The National,664c3e0e-42d8-48c1-b209-1efca19c0325,indie rock,Rock
c9153a6a-2129-4388-b27c-4145e572a596,Day I Die,The National,664c3e0e-42d8-48c1-b209-1efca19c0325,indie rock,Rock
5e734385-96df-4cfc-9a67-c6da01713d68,I’ll Still Destroy You,The National,664c3e0e-42d8-48c1-b209-1efca19c0325,indie rock,Rock
969b6a0a-4d65-4789-be25-332646724413,Silence,The Parlotones,01ff95ee-0e52-4809-b67a-d6c26a944747,alternative rock,Rock
23819fbf-2907-4a6e-a544-5b810e216c74,Scary,The Parlotones,01ff95ee-0e52-4809-b67a-d6c26a944747,alternative rock,Rock
f51ad4ec-6896-4cb1-b487-609c109224d8,Beautiful,The Parlotones,01ff95ee-0e52-4809-b67a-d6c26a944747,alternative rock,Rock
ec8d07b3-e7bd-48b3-b890-8b419461b4f1,Dragonflies and Astronauts,The Parlotones,01ff95ee-0e52-4809-b67a-d6c26a944747,alternative rock,Rock
6d4bcef8-0374-4206-96d2-3e267001b37e,Martyr,The Parlotones,01ff95ee-0e52-4809-b67a-d6c26a944747,alternative rock,Rock
6a13183d-48df-488b-be92-5e64649392e1,Dangerous,The Parlotones,01ff95ee-0e52-4809-b67a-d6c26a944747,alternative rock,Rock
4d472a75-acc2-4b91-b31f-1e6686d4540f,Louder Than Bombs,The Parlotones,01ff95ee-0e52-4809-b67a-d6c26a944747,alternative rock,Rock
2a999a52-24c0-4866-a413-678085b4fb14,This Is an Emergency,The Pigeon Detectives,2e04a82f-9118-43b1-a918-bf84f122f7fc,indie rock,Rock
ba3165fd-d0bd-4567-847e-4b323204e1bb,Lovers Come and Lovers Go (acoustic version),The Pigeon Detectives,2e04a82f-9118-43b1-a918-bf84f122f7fc,indie rock,Rock
73846695-a445-4f14-8f1b-a6192a64a303,Lovers Come and Lovers Go,The Pigeon Detectives,2e04a82f-9118-43b1-a918-bf84f122f7fc,"indie rock, indie-rock",Rock
2e11caaf-7baf-4da1-a721-f80ee5fb9365,TV Show (acoustic version),The Pigeon Detectives,2e04a82f-9118-43b1-a918-bf84f122f7fc,indie rock,Rock
9a59433a-5d53-4517-9ef5-51c43c408090,I’m Not Sorry (alternative version),The Pigeon Detectives,2e04a82f-9118-43b1-a918-bf84f122f7fc,indie-rock,Rock
ff81ceea-6830-4438-baa5-47cedb726575,Hard to Love,The Pigeon Detectives,2e04a82f-9118-43b1-a918-bf84f122f7fc,indie rock,Rock
9749a9c8-3d9e-450f-8759-36bc92335426,Falling to Pieces,The Pigeon Detectives,2e04a82f-9118-43b1-a918-bf84f122f7fc,"indie rock, indie-rock",Rock
a58e2983-eeae-4769-9c98-cc427b4357de,Falling to Pieces (acoustic version),The Pigeon Detectives,2e04a82f-9118-43b1-a918-bf84f122f7fc,indie rock,Rock
f75cb779-5925-43f8-ab8f-cc41be4bcd53,Monthly Subscription,The Reytons,8b52e683-caa2-4460-b38c-ffbb5ae009d5,indie rock,Rock
ab932329-908b-4851-b2f6-f1ad246e3a18,Let Me Breathe,The Reytons,8b52e683-caa2-4460-b38c-ffbb5ae009d5,indie rock,Rock
31d62ef7-51ba-4b83-973c-b687636ca02b,Little Bastards,The Reytons,8b52e683-caa2-4460-b38c-ffbb5ae009d5,indie rock,Rock
8b032959-58a6-4684-bdc2-8e8ecd417605,Car Crash,The Reytons,8b52e683-caa2-4460-b38c-ffbb5ae009d5,indie rock,Rock
d6f0b98e-9fe8-409f-a4f1-e6d57803dd53,Slice of Lime,The Reytons,8b52e683-caa2-4460-b38c-ffbb5ae009d5,indie rock,Rock
93500e29-bf11-4719-af35-f7895254693a,It’s a Fuck About,The Reytons,8b52e683-caa2-4460-b38c-ffbb5ae009d5,indie rock,Rock
63889c46-dc69-45a3-afe0-47838c4b2e1c,Knees Up,The Reytons,8b52e683-caa2-4460-b38c-ffbb5ae009d5,indie rock,Rock
5e0296c8-caa7-4155-8260-e7d7e539b1fa,Shoebox,The Reytons,8b52e683-caa2-4460-b38c-ffbb5ae009d5,indie rock,Rock
4e4f0785-8ed6-4707-8a66-800fa8d2609c,Terrifying (12″ remix),The Rolling Stones,b071f9fa-14b0-4217-8e97-eb41da73f598,classic rock,Rock
35970f2c-3aef-4ab4-9e79-1f149e171116,Emotional Rescue,The Rolling Stones,b071f9fa-14b0-4217-8e97-eb41da73f598,classic rock,Rock
64267fee-196f-48b0-965c-3dcb7a5d3bd6,Gimme Shelter (live),The Rolling Stones,b071f9fa-14b0-4217-8e97-eb41da73f598,classic rock,Rock
8dc21767-6736-4a4f-be58-bad5e7f7870c,Never Stop a.k.a. Start Me Up,The Rolling Stones,b071f9fa-14b0-4217-8e97-eb41da73f598,classic rock,Rock
7bdeda67-34db-4862-a391-5064bd103be8,Some Girls,The Rolling Stones,b071f9fa-14b0-4217-8e97-eb41da73f598,classic rock,Rock
ddeef86e-82c4-4f48-9107-92776b62996b,Anybody Seen My Baby? (Soul Solution remix edit),The Rolling Stones,b071f9fa-14b0-4217-8e97-eb41da73f598,classic rock,Rock
293a8c54-f47e-45e0-83ea-0bd139e5fca1,Before They Make Me Run (take 4),The Rolling Stones,b071f9fa-14b0-4217-8e97-eb41da73f598,classic rock,Rock
a1785d87-2552-4cc4-a5df-59186885ff3c,Sympathy for the Devil (live),The Rolling Stones,b071f9fa-14b0-4217-8e97-eb41da73f598,classic rock,Rock
932c7669-3d36-4c71-8319-eb0e9c9f3a44,Luis Miller,The Tiger Lillies,3ad4f6ec-253f-4050-8849-ca26266edfb8,indie rock,Rock
819bbb6a-6a38-46c4-abe8-522865f28986,Pressganged,The Tiger Lillies,3ad4f6ec-253f-4050-8849-ca26266edfb8,indie rock,Rock
7a86ee5b-4bc9-489d-88b4-d34293c2ecee,Heaven to Hell,The Tiger Lillies,3ad4f6ec-253f-4050-8849-ca26266edfb8,indie rock,Rock
f39bcf52-ee2d-4079-bd48-a1eace0ec1e2,Arthur,The Tiger Lillies,3ad4f6ec-253f-4050-8849-ca26266edfb8,indie rock,Rock
d2c566b3-8f21-4344-88d7-1adeba680d55,Jackie's Bar,The Tiger Lillies,3ad4f6ec-253f-4050-8849-ca26266edfb8,indie rock,Rock
36e1e43b-4f71-48b9-a4b1-250711212cdd,It’s Hard,The Who,9fdaa16b-a6c4-4831-b87c-bc9ca8ce7eaa,classic rock,Rock
279f213b-e9e3-44f2-91b5-a5177403d8e5,Long Live Rock,The Who,9fdaa16b-a6c4-4831-b87c-bc9ca8ce7eaa,classic rock,Rock
10804b29-7229-4076-a69e-5ad0ca409eca,Tommy Can You Hear Me?,The Who,9fdaa16b-a6c4-4831-b87c-bc9ca8ce7eaa,classic rock,Rock
b3c7a15c-e5d4-4d4e-b77a-8e752a4afede,Twist and Shout,The Who,9fdaa16b-a6c4-4831-b87c-bc9ca8ce7eaa,classic rock,Rock
dadbf0e8-d706-4633-978f-997f76408294,Naked Eye,The Who,9fdaa16b-a6c4-4831-b87c-bc9ca8ce7eaa,classic rock,Rock
6eaff702-3260-426a-9850-dcbee23c11d1,How Can You Do It Alone,The Who,9fdaa16b-a6c4-4831-b87c-bc9ca8ce7eaa,classic rock,Rock
e51db6b4-8baa-4253-a2ee-9f91a74134fc,Boris the Spider,The Who,9fdaa16b-a6c4-4831-b87c-bc9ca8ce7eaa,classic rock,Rock
d502f5b4-5dde-44b5-957f-8e2b472c479d,Daily Records,The Who,9fdaa16b-a6c4-4831-b87c-bc9ca8ce7eaa,classic rock,Rock
dc0da1d0-1b0d-477b-a9d4-2e5f51999081,Warriors (BBC session),Thin Lizzy,6a726ac6-019e-455c-8bbb-571a77bed52e,classic rock,Rock
224a7420-4333-4181-83f3-9fd05c278b5e,Thunder & Lightning,Thin Lizzy,6a726ac6-019e-455c-8bbb-571a77bed52e,classic rock,Rock
a71dd02d-712f-49d6-a8d5-2a91a51b5f9f,Fight or Fall (extended version / rough mix),Thin Lizzy,6a726ac6-019e-455c-8bbb-571a77bed52e,classic rock,Rock
8c40ef72-4fe0-4d92-90bd-539bed252335,Jailbreak (remix),Thin Lizzy,6a726ac6-019e-455c-8bbb-571a77bed52e,classic rock,Rock
8bac8544-4020-4491-b2a1-cc4f9ced548e,Black Boys on the Corner,Thin Lizzy,6a726ac6-019e-455c-8bbb-571a77bed52e,classic rock,Rock
fc878466-862b-4bc3-bba2-8046cc89f7e5,Derby Blues (early version of “Cowboy Song”),Thin Lizzy,6a726ac6-019e-455c-8bbb-571a77bed52e,classic rock,Rock
1fd35b81-263a-40b5-8a4c-3fd958e9afb5,Fools Gold (BBC session 11/10/1976),Thin Lizzy,6a726ac6-019e-455c-8bbb-571a77bed52e,classic rock,Rock
56a8dfef-ecd8-4055-bbc5-57789b0b5833,Breakdown,Tom Petty,5ca3f318-d028-4151-ac73-78e2b2d6cdcc,classic rock,Rock
4753ab0b-078d-4f29-b3a6-2068f45971e2,For What It’s Worth,Tom Petty,5ca3f318-d028-4151-ac73-78e2b2d6cdcc,classic rock,Rock
0616a6bf-d6c6-4e57-80f8-9e6423f49bac,Change of Heart,Tom Petty,5ca3f318-d028-4151-ac73-78e2b2d6cdcc,classic rock,Rock
dd345f3c-1a91-479a-b3ae-a4fd344e4810,Refugee,Tom Petty,5ca3f318-d028-4151-ac73-78e2b2d6cdcc,classic rock,Rock
9642cce1-74c7-4fca-9460-962400d92e68,Can't Judge a Book by It's Cover,Tom Petty,5ca3f318-d028-4151-ac73-78e2b2d6cdcc,classic rock,Rock
9c29b729-f57c-4116-a2b1-3e820402ac37,Runaway Trains,Tom Petty,5ca3f318-d028-4151-ac73-78e2b2d6cdcc,classic rock,Rock
e7c8ff89-0f3d-4db6-8366-46f4f2ec5528,Loretta,Trooper,5a85b5d9-5e6b-436c-9e13-a1cda395eb95,classic rock,Rock
7be65496-aaa5-4e64-879a-64af3a851b84,I'm in Trouble Again,Trooper,5a85b5d9-5e6b-436c-9e13-a1cda395eb95,classic rock,Rock
10cffb20-1599-46f0-9e62-b20495f22a13,We’re Here for a Good Time (Not a long Time),Trooper,5a85b5d9-5e6b-436c-9e13-a1cda395eb95,classic rock,Rock
21206c3a-ed15-487e-8323-2a3498319053,Ready,Trooper,5a85b5d9-5e6b-436c-9e13-a1cda395eb95,classic rock,Rock
b41d01f6-795e-4e37-8205-5bcea9099f99,Drivin’ Crazy,Trooper,5a85b5d9-5e6b-436c-9e13-a1cda395eb95,classic rock,Rock
bd5dbfc7-ab42-4e61-9efb-d8b26445204b,You Look So Good,Trooper,5a85b5d9-5e6b-436c-9e13-a1cda395eb95,classic rock,Rock
1f533de4-bcbd-48df-8488-b7e7ca77137b,I Miss You Already,Trooper,5a85b5d9-5e6b-436c-9e13-a1cda395eb95,classic rock,Rock
8d108ccf-8f76-458d-a17f-1f2f27a2f7ee,Battle of the Elements,UK Decay,fb45d074-81e4-42e6-a735-4e66b4c72cfb,"rock, goth rock, rock/goth rock",Rock
c58b0cd4-fbf6-4665-b9e6-d2611e561a0b,Dorian,UK Decay,fb45d074-81e4-42e6-a735-4e66b4c72cfb,"rock, goth rock, rock/goth rock",Rock
96917203-58d5-40bd-843e-69f08c262ea4,Mayday Malady,UK Decay,fb45d074-81e4-42e6-a735-4e66b4c72cfb,"rock, goth rock, rock/goth rock",Rock
fddbf6ae-2f7e-46ec-af1d-232b40895956,Duel,UK Decay,fb45d074-81e4-42e6-a735-4e66b4c72cfb,"rock, goth rock, rock/goth rock",Rock
41ab71a8-81c3-4dfe-b3ed-64abbca9e8bb,Decadence,UK Decay,fb45d074-81e4-42e6-a735-4e66b4c72cfb,"rock, goth rock, rock/goth rock",Rock
64e964a0-1cd9-4b6a-812c-87100ac10ed9,Last in the House of Flames,UK Decay,fb45d074-81e4-42e6-a735-4e66b4c72cfb,"rock, goth rock, rock/goth rock",Rock
bc63544c-8ffa-4b79-a50d-bd6680cc0027,Stage Struck,UK Decay,fb45d074-81e4-42e6-a735-4e66b4c72cfb,"rock, goth rock, rock/goth rock",Rock
2069d5f2-0dbc-4333-b257-8ba0a36a50c1,Der Rabe,Untoten,391cff40-5df5-4db4-9faf-88fca9e53aca,"rock, goth rock, rock/goth rock",Rock
5c6955f8-3527-499a-a580-d941f8013fe1,Nur du allein,Untoten,391cff40-5df5-4db4-9faf-88fca9e53aca,"rock, goth rock, rock/goth rock",Rock
70e65f5a-43cc-4e7b-924f-6a2eb2da41f9,Nibelungen Treue,Untoten,391cff40-5df5-4db4-9faf-88fca9e53aca,"rock, goth rock, rock/goth rock",Rock
294f68d4-9705-43ad-9c90-8eca4c4a17db,Wolfsblut,Untoten,391cff40-5df5-4db4-9faf-88fca9e53aca,"rock, goth rock, rock/goth rock",Rock
d1df2438-981b-46d1-b744-d7fa361ec2b8,Waldgänger,Untoten,391cff40-5df5-4db4-9faf-88fca9e53aca,"rock, goth rock, rock/goth rock",Rock
22aa9664-8fcf-4234-8c23-83b6706e01f8,Runenlied,Untoten,391cff40-5df5-4db4-9faf-88fca9e53aca,"rock, goth rock, rock/goth rock",Rock
12de7f42-eff2-43a9-b8b4-3dccd9433f0c,Different World,Uriah Heep,f1548c5b-329e-4036-921c-02213a04b525,hard rock,Rock
9a9260c4-d937-4923-9955-328ced938133,Wonderworld,Uriah Heep,f1548c5b-329e-4036-921c-02213a04b525,hard rock,Rock
49690ba8-3fa1-49b7-8186-f9f4a5161d18,The Easy Road,Uriah Heep,f1548c5b-329e-4036-921c-02213a04b525,hard rock,Rock
1ef16902-1cd8-4cef-aca9-651921a5d6d6,Between Two Worlds,Uriah Heep,f1548c5b-329e-4036-921c-02213a04b525,hard rock,Rock
038b2640-f074-4872-a08b-acec7ff53362,Why Did You Go,Uriah Heep,f1548c5b-329e-4036-921c-02213a04b525,hard rock,Rock
19e541a5-3e9c-48bd-bf2c-2deec269f260,Universal Wheels,Uriah Heep,f1548c5b-329e-4036-921c-02213a04b525,hard rock,Rock
d0391e92-a112-4165-8fb1-1ca027c93c22,Easy Livin’,Uriah Heep,f1548c5b-329e-4036-921c-02213a04b525,classic rock,Rock
a85a15df-6975-41f0-a79c-1315a43fd2dc,Come Back to Me,Uriah Heep,f1548c5b-329e-4036-921c-02213a04b525,hard rock,Rock
9877d6bd-03a8-4083-a3aa-797b9e6d998d,Quick Step to Love,Vain,1a348b26-dad5-4d21-ac02-7a4c5ea442c4,hard rock,Rock
b3105f91-c193-40ab-ad26-309248b389a4,Crumpled Glory,Vain,1a348b26-dad5-4d21-ac02-7a4c5ea442c4,hard rock,Rock
bae4ef10-2ff7-4755-b905-ceb6ec3cc92e,Ivy's Dream,Vain,1a348b26-dad5-4d21-ac02-7a4c5ea442c4,hard rock,Rock
2e8cf027-b79b-43be-bfba-5e3e360581f0,Shooting Star,Vain,1a348b26-dad5-4d21-ac02-7a4c5ea442c4,hard rock,Rock
b5f5f27a-0024-4429-97d5-caf256a934cb,Languish,Vain,1a348b26-dad5-4d21-ac02-7a4c5ea442c4,hard rock,Rock
09e8b469-9f7e-427b-8419-157c066c627e,Friday Night,Vandenberg,103b58fb-26ef-4c66-9b48-6eda02763fc8,hard rock,Rock
032ac62e-f6b6-46ab-afbd-334498ffc296,Fighting Against the World,Vandenberg,103b58fb-26ef-4c66-9b48-6eda02763fc8,hard rock,Rock
3ae322f3-3603-4b94-9c8c-c8d9b6346a9d,Skyfall,Vandenberg,103b58fb-26ef-4c66-9b48-6eda02763fc8,hard rock,Rock
c1aace65-479f-40a2-b2a4-d97ebc9ca273,Ride Like the Wind,Vandenberg,103b58fb-26ef-4c66-9b48-6eda02763fc8,hard rock,Rock
380fc3a4-0f3b-4de4-a0b9-71fd7518edfe,Ready for You,Vandenberg,103b58fb-26ef-4c66-9b48-6eda02763fc8,hard rock,Rock
3d378f2e-f6e3-437a-9421-72b6e5043d97,Time Will Tell,Vandenberg,103b58fb-26ef-4c66-9b48-6eda02763fc8,hard rock,Rock
358b56a8-0b36-4b45-804d-4ff1653f35d6,Different Worlds,Vandenberg,103b58fb-26ef-4c66-9b48-6eda02763fc8,hard rock,Rock
c3c379b8-1472-4e68-a521-f9ea7c050b80,How Long,Vandenberg,103b58fb-26ef-4c66-9b48-6eda02763fc8,hard rock,Rock
758c5a36-93a3-47ad-8e63-4323451a90cd,Heads Up,Warpaint,cf82a38f-9413-4333-bacb-ca5b6db95794,indie rock,Rock
ae85dbe5-ba8f-431a-8377-0dfef6ffa660,Whiteout,Warpaint,cf82a38f-9413-4333-bacb-ca5b6db95794,indie rock,Rock
f6d49808-6643-452c-bab4-b675bef3b871,Don’t Wanna,Warpaint,cf82a38f-9413-4333-bacb-ca5b6db95794,indie rock,Rock
0ed870f9-e726-477a-958b-5f240b481ebb,By Your Side,Warpaint,cf82a38f-9413-4333-bacb-ca5b6db95794,indie rock,Rock
5d8809bf-a35e-4a03-bf8b-42e02c357153,Don’t Let Go,Warpaint,cf82a38f-9413-4333-bacb-ca5b6db95794,indie rock,Rock
30e522c3-a79e-4e70-8683-a17dddeb0d2e,Being in Love,Wet Leg,90744b3e-363a-458e-8da1-e3e392a489c4,indie rock,Rock
bbc96a22-5aa7-4ac6-9199-4c1282ea4faf,Wet Dream,Wet Leg,90744b3e-363a-458e-8da1-e3e392a489c4,indie rock,Rock
4cecbd69-fe33-4586-a88c-7a62aeab56c3,Chaise Longue,Wet Leg,90744b3e-363a-458e-8da1-e3e392a489c4,indie rock,Rock
2a53a6de-9714-4fd3-9d5b-2b04b8207808,I Don’t Wanna Go Out,Wet Leg,90744b3e-363a-458e-8da1-e3e392a489c4,indie rock,Rock
932cd901-05aa-4d72-885e-1f62eaf7bd61,It’s Not Fun,Wet Leg,90744b3e-363a-458e-8da1-e3e392a489c4,indie rock,Rock
6db86b8e-db34-479f-874f-b48cf3ed6a65,Best Years,Whitesnake,5dedf5cf-a598-4408-9556-3bf3f149f3ba,hard rock,Rock
822206e8-1e8b-421a-b9de-a28365cb0ef2,Crying in the Rain (reprise),Whitesnake,5dedf5cf-a598-4408-9556-3bf3f149f3ba,hard rock,Rock
bf8d9b0f-d274-4f7a-bf6d-dda76794993a,Still of the Night,Whitesnake,5dedf5cf-a598-4408-9556-3bf3f149f3ba,hard rock,Rock
6c69b42e-7d6d-4afe-8ec5-6eb9cb6413b6,Good to Be Bad (acoustic version),Whitesnake,5dedf5cf-a598-4408-9556-3bf3f149f3ba,hard rock,Rock
ad4973a9-56e7-4406-bc22-30f16ac9c6e2,Slow an’ Easy,Whitesnake,5dedf5cf-a598-4408-9556-3bf3f149f3ba,hard rock,Rock
c3fb0863-e8a3-4b5e-9764-1951023ad736,Fool for Your Loving (live),Whitesnake,5dedf5cf-a598-4408-9556-3bf3f149f3ba,hard rock,Rock
b038f8c7-0c93-456c-8b55-2a338b8b67d2,Lie Down… I Think I Love You (A Modern Love Song),Whitesnake,5dedf5cf-a598-4408-9556-3bf3f149f3ba,hard rock,Rock
e8b586bf-6478-483f-8215-d28c4541cb30,Is This Love,Whitesnake,5dedf5cf-a598-4408-9556-3bf3f149f3ba,hard rock,Rock
33a60e64-494a-492d-85be-911ab57c6ebf,Lifeline,Wishbone Ash,406f1b42-0c9e-4427-aeb7-02f78e188ec4,classic rock,Rock
0e0e491a-06f6-4c4f-81ec-82be96ce699a,Hard Times,Wishbone Ash,406f1b42-0c9e-4427-aeb7-02f78e188ec4,classic rock,Rock
11246721-fdb3-49e3-a4f3-6b38bd26b20a,Insomnia,Wishbone Ash,406f1b42-0c9e-4427-aeb7-02f78e188ec4,classic rock,Rock
f7778b5e-8c87-42ba-92e6-98797515de52,Give It Up,Wishbone Ash,406f1b42-0c9e-4427-aeb7-02f78e188ec4,classic rock,Rock
912825a8-a955-402f-9e0d-0c84321b6fba,Searching for Satellites,Wishbone Ash,406f1b42-0c9e-4427-aeb7-02f78e188ec4,classic rock,Rock
6e69a9e9-3304-48f9-a811-b33cd4d12e80,Warm Tears,Wishbone Ash,406f1b42-0c9e-4427-aeb7-02f78e188ec4,classic rock,Rock
136a8e07-0edb-40c1-a947-f7195a8065e4,Tick (four track demo),Yeah Yeah Yeahs,584c04d2-4acc-491b-8a0a-e63133f4bfc4,indie rock,Rock
019b7dd4-d6e3-433e-b2b1-dcbda1d4a1cd,It's the Year to Be Hated (Interview),Yeah Yeah Yeahs,584c04d2-4acc-491b-8a0a-e63133f4bfc4,alternative rock,Rock
bc982de7-8367-4040-be4d-047c95d183d6,Maps (early four track demo),Yeah Yeah Yeahs,584c04d2-4acc-491b-8a0a-e63133f4bfc4,indie rock,Rock
be7713d1-f616-4506-91b0-c92de194f12d,Maps (iTunes Originals version) (acoustic),Yeah Yeah Yeahs,584c04d2-4acc-491b-8a0a-e63133f4bfc4,alternative rock,Rock
610d1377-c111-452c-9ee4-da623b798e87,Modern Things,Yeah Yeah Yeahs,584c04d2-4acc-491b-8a0a-e63133f4bfc4,indie rock,Rock
5381e3a9-6d25-44e2-b1ed-21b49b5082f0,Boogers,Yeah Yeah Yeahs,584c04d2-4acc-491b-8a0a-e63133f4bfc4,indie rock,Rock
8064eb26-20b3-4cd2-b3ac-7cf052179030,Graveyard,Yeah Yeah Yeahs,584c04d2-4acc-491b-8a0a-e63133f4bfc4,indie rock,Rock
a9b1b032-a9be-4df4-b5b0-a9e09f7499df,Maps (live),Yeah Yeah Yeahs,584c04d2-4acc-491b-8a0a-e63133f4bfc4,indie rock,Rock
17610e1b-d791-4ffd-b7f9-80b7542d9055,Demon Driver,Yngwie Malmsteen,8fa5d80d-37e8-4133-9d5c-6bad446c63f0,hard rock,Rock
cdf7e308-d768-49ff-b34c-f9a3f6953c6f,Making Love,Yngwie Malmsteen,8fa5d80d-37e8-4133-9d5c-6bad446c63f0,hard rock,Rock
6eae4e88-4ba8-42de-b0e8-638ea2f79c88,Devil in Disguise,Yngwie Malmsteen,8fa5d80d-37e8-4133-9d5c-6bad446c63f0,hard rock,Rock
5b9d0b12-c0f5-4ee1-addd-1cd63a695613,What Do You Want,Yngwie Malmsteen,8fa5d80d-37e8-4133-9d5c-6bad446c63f0,hard rock,Rock
abec597c-307f-4386-8d81-7fef36cfbae2,Motherless Child,Yngwie Malmsteen,8fa5d80d-37e8-4133-9d5c-6bad446c63f0,hard rock,Rock
31cafe1f-b51b-490b-9954-1c704d347a68,Bedroom Eyes,Yngwie Malmsteen,8fa5d80d-37e8-4133-9d5c-6bad446c63f0,hard rock,Rock
2acb1572-6cda-44e3-8f63-b82e911588e1,Sea Urchins,Yo La Tengo,3f542031-b054-454d-b57b-812fa2a81b11,indie rock,Rock
213e98a4-c0bc-40ac-8fd2-7139b2b9cfea,Five Cornered Drone (Crispy Duck),Yo La Tengo,3f542031-b054-454d-b57b-812fa2a81b11,indie rock,Rock
04c444bd-38cd-451d-8dce-a451fc299a2a,Satellite,Yo La Tengo,3f542031-b054-454d-b57b-812fa2a81b11,indie rock,Rock
9e4c24ce-0fd2-4818-ab2d-d611cebad891,Always Something,Yo La Tengo,3f542031-b054-454d-b57b-812fa2a81b11,indie rock,Rock
1696e4a6-393f-46ca-aeb5-856d4e1c7ef8,Five‐Cornered Drone (Crispy Duck),Yo La Tengo,3f542031-b054-454d-b57b-812fa2a81b11,indie rock,Rock
74b07e6f-b932-41f4-8248-af11c1179d6e,Outsmartener,Yo La Tengo,3f542031-b054-454d-b57b-812fa2a81b11,alternative rock,Rock
3106602b-e864-4936-9c02-dd5e86f5942c,Shrimp Stories,Yo La Tengo,3f542031-b054-454d-b57b-812fa2a81b11,indie rock,Rock
ec9b1550-29d4-45ad-959f-2545042797f1,How Some Jellyfish Are Born,Yo La Tengo,3f542031-b054-454d-b57b-812fa2a81b11,indie rock,Rock
b79cde79-dae9-4604-8fe7-03576b3862a0,Entrance of the Devil,Zior,9efdcae4-33a2-43c6-ab11-2a16bf2e2a8e,hard rock,Rock
30bc6a55-9c59-498f-9c51-b6c7f2b2a5cd,Za Za Za Zilda,Zior,9efdcae4-33a2-43c6-ab11-2a16bf2e2a8e,hard rock,Rock
243cf0e6-cabc-4e9f-93ef-090f3e106d4f,Love's Desire,Zior,9efdcae4-33a2-43c6-ab11-2a16bf2e2a8e,hard rock,Rock
1cfa7e03-923d-4e80-9937-7adb1585172f,Evolution,Zior,9efdcae4-33a2-43c6-ab11-2a16bf2e2a8e,hard rock,Rock
87195867-b34b-4108-babe-3822b278aea5,Every Inch a Man,Zior,9efdcae4-33a2-43c6-ab11-2a16bf2e2a8e,hard rock,Rock
f26834d8-8953-42e0-a27e-0848e78121ef,I Was Fooling,Zior,9efdcae4-33a2-43c6-ab11-2a16bf2e2a8e,hard rock,Rock
3f51555f-fed9-4080-a6fb-25bceb61cc17,Oh Mariya,Zior,9efdcae4-33a2-43c6-ab11-2a16bf2e2a8e,hard rock,Rock
c35bee99-98e9-464c-b6c2-1167dadd9dd5,New Land,Zior,9efdcae4-33a2-43c6-ab11-2a16bf2e2a8e,hard rock,Rock
83a1f546-d545-47f4-bfec-b4b3552e495e,Not Ready Yet,eels,14387b0f-765c-4852-852f-135335790466,indie rock,Rock
d24d9df3-b593-44b3-8616-ed5a12e8a469,Everything’s Gonna Be Cool This Christmas,eels,14387b0f-765c-4852-852f-135335790466,indie rock,Rock
d84d98c1-402e-460d-b23a-6ca6205709a4,Cancer for the Cure,eels,14387b0f-765c-4852-852f-135335790466,indie rock,Rock
a9f57070-4e03-45b0-bcd9-4dc971f601fd,"Going to Your Funeral, Part I",eels,14387b0f-765c-4852-852f-135335790466,indie rock,Rock
8e898fae-3d9d-43a3-a5d6-a3bb67a9a511,"Souljacker, Part I",eels,14387b0f-765c-4852-852f-135335790466,indie rock,Rock
7efdc1ec-c8ea-41fc-8fb4-850026979426,Стоя на этой лестнице,Пикник,eabd8df4-03cd-4644-8ad1-f50fb952c567,"rock, goth rock, rock/goth rock",Rock
6069df1b-5ab0-43b4-9be1-1753d98081c1,Всё остальное — дым,Пикник,eabd8df4-03cd-4644-8ad1-f50fb952c567,"rock, goth rock, rock/goth rock",Rock
e9c8fb09-2167-4e07-b13a-cdcb674079d1,"Клянись же, ешь землю!",Пикник,eabd8df4-03cd-4644-8ad1-f50fb952c567,"rock, goth rock, rock/goth rock",Rock
e6dc9599-10ca-4556-9248-8ff113d19bd6,Иероним,Пикник,eabd8df4-03cd-4644-8ad1-f50fb952c567,"rock, goth rock, rock/goth rock",Rock
94684204-ab6b-4d54-a34a-12ea353ec9dc,Дикие игры,Пикник,eabd8df4-03cd-4644-8ad1-f50fb952c567,"rock, goth rock, rock/goth rock",Rock
13ca092e-80bf-42e0-b0e1-6e763f8651ee,Grew Up,50 Cent,8e68819d-71be-4e7d-b41d-f1df81b01d3f,"rap, gangsta rap",Hip-Hop/Rap
4bfd32e2-bb0b-42cd-83bd-234719e9a3d7,Ski Mask Way (Eminem remix),50 Cent,8e68819d-71be-4e7d-b41d-f1df81b01d3f,gangsta rap,Hip-Hop/Rap
6c3d33cd-62bc-4de4-9315-a41fbdf4c73a,Ski Mask Way (Eminem remix),50 Cent,8e68819d-71be-4e7d-b41d-f1df81b01d3f,gangsta rap,Hip-Hop/Rap
68b2783c-3742-41f4-ba56-c7e67b1cf41f,9 Shots,50 Cent,8e68819d-71be-4e7d-b41d-f1df81b01d3f,"hip hop, gangsta rap",Hip-Hop/Rap
db351e4e-2a4c-4bdf-a6c2-63d838e3884c,Sandbox Interlude,50 Cent,8e68819d-71be-4e7d-b41d-f1df81b01d3f,"hip hop, gangsta rap",Hip-Hop/Rap
c3ff3617-9d7c-429c-b02f-81fbdf852239,Gotta Get Mine,50 Cent,8e68819d-71be-4e7d-b41d-f1df81b01d3f,"hip hop, gangsta rap",Hip-Hop/Rap
6b61bc98-ddc8-4f80-a50f-1c388c6e06d6,Heat: The Street Version,50 Cent,8e68819d-71be-4e7d-b41d-f1df81b01d3f,gangsta rap,Hip-Hop/Rap
120564b8-55d8-4fed-9faa-c3b156cfa908,Pimpin',50 Cent,8e68819d-71be-4e7d-b41d-f1df81b01d3f,"hip hop, gangsta rap",Hip-Hop/Rap
0126a583-d2cc-41a2-86cc-77b18f67fdc8,Wanna Live Like Us,504 Boyz,3038ea0d-1cad-458c-a08b-b11276b27619,"rap, gangsta rap, hardcore rap",Hip-Hop/Rap
b0347f0b-edb0-4846-986c-ac336f58dc8e,Commercial,504 Boyz,3038ea0d-1cad-458c-a08b-b11276b27619,"rap, gangsta rap, hardcore rap",Hip-Hop/Rap
19f56e08-aeec-4ec2-af24-fafbc56b1c69,Who Run This,504 Boyz,3038ea0d-1cad-458c-a08b-b11276b27619,"rap, gangsta rap, hardcore rap",Hip-Hop/Rap
dcf268e3-c615-48c7-9500-56e8a0825b1e,My Life Is Sweet,504 Boyz,3038ea0d-1cad-458c-a08b-b11276b27619,"rap, gangsta rap, hardcore rap",Hip-Hop/Rap
bc6f27fc-30b1-4b20-80ad-bbdb68a0bc56,I Gotta Have That There,504 Boyz,3038ea0d-1cad-458c-a08b-b11276b27619,"rap, gangsta rap, hardcore rap",Hip-Hop/Rap
406fe511-530b-4b56-a7f3-68b0a76e6aef,Look at Me Now,504 Boyz,3038ea0d-1cad-458c-a08b-b11276b27619,"rap, gangsta rap, hardcore rap",Hip-Hop/Rap
a5be92cd-a23c-4c83-97db-1d98d96b96d0,Get Back,504 Boyz,3038ea0d-1cad-458c-a08b-b11276b27619,"rap, gangsta rap, hardcore rap",Hip-Hop/Rap
89cbbd7d-7a56-46a6-99fd-897964658224,Tell Me,504 Boyz,3038ea0d-1cad-458c-a08b-b11276b27619,"rap, gangsta rap, hardcore rap",Hip-Hop/Rap
c505fb92-78f2-4791-9fa6-1093c9f2c4a3,A Playerz Analysis,AMG,428e927a-e69e-43c4-acaf-c69b632a01da,"rap, gangsta rap, hardcore rap",Hip-Hop/Rap
73e29fbe-696c-4ed4-80b0-56b658da789b,Bitch 2001,AMG,428e927a-e69e-43c4-acaf-c69b632a01da,"rap, gangsta rap",Hip-Hop/Rap
ced21e09-83ff-4ad5-83ac-c1f5f5a56e43,Yo Luv,AMG,428e927a-e69e-43c4-acaf-c69b632a01da,"rap, gangsta rap",Hip-Hop/Rap
089cba48-c696-4947-b0f3-07941ad63f27,Ballin' Outta Control,AMG,428e927a-e69e-43c4-acaf-c69b632a01da,"rap, gangsta rap, hardcore rap",Hip-Hop/Rap
3ca719c2-4ec0-4045-8d21-2c7fa90c5f48,Pimp the World,AMG,428e927a-e69e-43c4-acaf-c69b632a01da,"rap, gangsta rap",Hip-Hop/Rap
750b2316-72e1-4cd8-86d4-b17526086a28,Soak Me Baby,AMG,428e927a-e69e-43c4-acaf-c69b632a01da,"rap, gangsta rap",Hip-Hop/Rap
b8e760ed-841e-4b6d-8480-3e9d7df764d2,Bounce,AMG,428e927a-e69e-43c4-acaf-c69b632a01da,"rap, gangsta rap",Hip-Hop/Rap
b7fe198a-111f-4c31-853b-047d785a3a2f,304 Thang,AMG,428e927a-e69e-43c4-acaf-c69b632a01da,"rap, gangsta rap, hardcore rap",Hip-Hop/Rap
8e78c04c-5161-4098-89cf-390414559be0,Mr. Outsider,Aceyalone,dbd1b11b-0ab2-4afd-8264-c2909237b6fb,"hip-hop, hip hop, alternative hip hop",Hip-Hop/Rap
e475374b-2e88-4c73-bb54-b44f14e1e52d,Headaches and Woes,Aceyalone,dbd1b11b-0ab2-4afd-8264-c2909237b6fb,"hip-hop, hip hop, alternative hip hop",Hip-Hop/Rap
db82d6bf-4822-4656-a7ad-63b65e7b84ca,I Think,Aceyalone,dbd1b11b-0ab2-4afd-8264-c2909237b6fb,"hip-hop, hip hop, underground hip hop",Hip-Hop/Rap
2b619b34-689f-483a-b675-eae434637258,Arythamaticulas,Aceyalone,dbd1b11b-0ab2-4afd-8264-c2909237b6fb,"hip-hop, hip hop, alternative hip hop",Hip-Hop/Rap
26254dbb-59f2-4714-acdd-c925bc76de2c,Keep It True,Aceyalone,dbd1b11b-0ab2-4afd-8264-c2909237b6fb,"hip-hop, hip hop, alternative hip hop",Hip-Hop/Rap
18ab0d99-7501-423e-8f0c-2f862c865ae1,Annallillia?,Aceyalone,dbd1b11b-0ab2-4afd-8264-c2909237b6fb,"hip-hop, hip hop, alternative hip hop",Hip-Hop/Rap
d2184871-e8bb-4744-b25b-78f63c81f28a,B-Boy Kingdom,Aceyalone,dbd1b11b-0ab2-4afd-8264-c2909237b6fb,"hip-hop, hip hop, alternative hip hop",Hip-Hop/Rap
bb49126b-3c5b-4025-b8a1-9de0d61c20cd,Deep and Wide,Aceyalone,dbd1b11b-0ab2-4afd-8264-c2909237b6fb,"hip-hop, hip hop, alternative hip hop",Hip-Hop/Rap
6d88c7ad-5e99-4eb6-9e6e-1914886c94a2,Crazy Rap,Afroman,8c332797-2784-45a7-9b5c-3b86f07a03de,"rap, underground rap, alternative rap, comedy rap",Hip-Hop/Rap
7f03b49b-a66c-4efc-92bb-9e45b6143d6d,Pimp Church Skit,Afroman,8c332797-2784-45a7-9b5c-3b86f07a03de,"rap, underground rap, alternative rap, comedy rap",Hip-Hop/Rap
fcc34534-eac9-415b-9cb7-f715cd6b21bd,Death to the World,Afroman,8c332797-2784-45a7-9b5c-3b86f07a03de,"hip-hop, hip hop",Hip-Hop/Rap
aa0cf9ae-b3a0-4139-847e-cc9aeb575a05,Everyday I Party,Afroman,8c332797-2784-45a7-9b5c-3b86f07a03de,"rap, underground rap, alternative rap, comedy rap",Hip-Hop/Rap
2ab99bb5-8cc5-4870-8d5c-8117dcb525b9,I Don't Wanna Leave,Afroman,8c332797-2784-45a7-9b5c-3b86f07a03de,"rap, underground rap, alternative rap, comedy rap",Hip-Hop/Rap
ea448595-68d6-49b7-ae15-4f4dc3f98f23,Couple Next Door,Afroman,8c332797-2784-45a7-9b5c-3b86f07a03de,"rap, underground rap, alternative rap, comedy rap",Hip-Hop/Rap
aeb056a9-8f2f-4598-b8d1-2d2edaa6a6b3,Negativity News Skit,Afroman,8c332797-2784-45a7-9b5c-3b86f07a03de,"rap, underground rap, alternative rap, comedy rap",Hip-Hop/Rap
be19f979-7c1d-4877-ad6f-7035e75519ba,Back on the Bus,Afroman,8c332797-2784-45a7-9b5c-3b86f07a03de,"hip-hop, hip hop",Hip-Hop/Rap
dc8d8314-74c2-46bb-b1a6-cc182fd69356,Coroné,Anuel AA,87a75fc3-59e7-4598-925c-8e230bce5db9,trap latino,Hip-Hop/Rap
5a97945f-daec-42f3-a6ea-2ffbcf91ed2b,Tiraera pa' Almighty,Anuel AA,87a75fc3-59e7-4598-925c-8e230bce5db9,trap latino,Hip-Hop/Rap
d35ae216-3a4e-4bec-911a-6079314a1ad5,Narcos,Anuel AA,87a75fc3-59e7-4598-925c-8e230bce5db9,trap latino,Hip-Hop/Rap
467d0dfe-007c-4819-898d-aa09bf85ff26,Anuel & Emmanuel,Anuel AA,87a75fc3-59e7-4598-925c-8e230bce5db9,trap latino,Hip-Hop/Rap
19c45ebe-a36d-488e-bddc-c40776fc323d,¿Los hombres no lloran?,Anuel AA,87a75fc3-59e7-4598-925c-8e230bce5db9,trap latino,Hip-Hop/Rap
3b324a8a-8067-4489-a16f-fd1c738ec218,Hope,Automato,2fd46891-f1d1-459d-a42e-1686b0cea51f,"hip-hop, hip hop, conscious hip hop",Hip-Hop/Rap
31a5d3af-f8ad-40e1-9525-c5da2c5b63d4,How to Read a Person Like a Book,Automato,2fd46891-f1d1-459d-a42e-1686b0cea51f,"hip-hop, hip hop, conscious hip hop",Hip-Hop/Rap
be59ae72-08ae-4e87-a95e-b334a2eef432,Gold of Desert Kings,Automato,2fd46891-f1d1-459d-a42e-1686b0cea51f,"hip-hop, hip hop, conscious hip hop",Hip-Hop/Rap
d8b487a6-315b-4461-bd79-5fff34b77a81,Capes Billowing,Automato,2fd46891-f1d1-459d-a42e-1686b0cea51f,"hip-hop, hip hop, conscious hip hop",Hip-Hop/Rap
10d31ac5-2174-4248-b794-d3d3548ab917,My Casio,Automato,2fd46891-f1d1-459d-a42e-1686b0cea51f,"hip-hop, hip hop, conscious hip hop",Hip-Hop/Rap
e24e6705-df82-4d56-8f9c-373e5f4adf34,Hollywood and Vine,Automato,2fd46891-f1d1-459d-a42e-1686b0cea51f,"hip-hop, hip hop, conscious hip hop",Hip-Hop/Rap
2e87c4b4-1845-437d-80b1-587372d28cc3,The Let Go,Automato,2fd46891-f1d1-459d-a42e-1686b0cea51f,"hip-hop, hip hop, conscious hip hop",Hip-Hop/Rap
9a5c39d2-e850-4422-a806-9244cd507a9a,MAGIC,Baauer,61a54a1e-3fa1-4ccc-bfc2-86c1a27e27de,trap,Hip-Hop/Rap
1bf72acc-d170-4b69-9960-245e78cca899,TRIBAL HIT,Baauer,61a54a1e-3fa1-4ccc-bfc2-86c1a27e27de,trap,Hip-Hop/Rap
b19629b5-9ea6-4497-a748-99e21bced44f,PLANCK,Baauer,61a54a1e-3fa1-4ccc-bfc2-86c1a27e27de,trap,Hip-Hop/Rap
29175635-cd4e-49c2-a9b4-c549a54d14ad,COOL ONE SEVEN ONE,Baauer,61a54a1e-3fa1-4ccc-bfc2-86c1a27e27de,trap,Hip-Hop/Rap
3e44ba69-ec1f-433b-be27-b73031abefa4,GROUP,Baauer,61a54a1e-3fa1-4ccc-bfc2-86c1a27e27de,trap,Hip-Hop/Rap
aac5bf26-0229-4bb2-be1a-83112c45206e,Set It Off,Big Daddy Kane,8e75d270-4d53-4a4a-bc14-e3ace37ebd4e,"hip-hop, hip hop",Hip-Hop/Rap
3c9ea4f0-822e-4648-af5c-7ce1d17648be,The Day You’re Mine,Big Daddy Kane,8e75d270-4d53-4a4a-bc14-e3ace37ebd4e,"hip-hop, hip hop",Hip-Hop/Rap
9db7e956-bfe7-4082-8a66-58c6ac43d2cf,I’ll Take You There,Big Daddy Kane,8e75d270-4d53-4a4a-bc14-e3ace37ebd4e,"hip-hop, hip hop",Hip-Hop/Rap
2ef1a8f5-de25-42d1-b725-66df898c7680,Mister Cee’s Master Plan,Big Daddy Kane,8e75d270-4d53-4a4a-bc14-e3ace37ebd4e,"hip-hop, hip hop",Hip-Hop/Rap
85876eb0-0bbd-4639-9105-40892fc17a52,Word to the Mother (Land),Big Daddy Kane,8e75d270-4d53-4a4a-bc14-e3ace37ebd4e,"hip-hop, hip hop",Hip-Hop/Rap
00230490-4208-4d05-9f62-252676f38f46,Blow You Out the Frame,Blade,f5b171c9-f6f0-4ee6-bc3f-57d349f92d73,"hip-hop, hip hop, conscious hip hop",Hip-Hop/Rap
0a5d9167-61e6-4b4b-ab2e-dcc5aaed5e3e,I Wonder,Blade,f5b171c9-f6f0-4ee6-bc3f-57d349f92d73,"hip-hop, hip hop, conscious hip hop",Hip-Hop/Rap
67547112-c724-4edc-9d86-7821fbe0d719,Storms Are Brewing,Blade,f5b171c9-f6f0-4ee6-bc3f-57d349f92d73,"hip-hop, hip hop, conscious hip hop",Hip-Hop/Rap
c62f9ca3-ef08-4960-a1bb-6de094f9b3ac,What Have We Done,Blade,f5b171c9-f6f0-4ee6-bc3f-57d349f92d73,"hip-hop, hip hop, conscious hip hop",Hip-Hop/Rap
00b4f4a7-c043-4803-9f3d-c43ff17c874f,The Journey / [untitled],Blade,f5b171c9-f6f0-4ee6-bc3f-57d349f92d73,"hip-hop, hip hop, conscious hip hop",Hip-Hop/Rap
c360a3a2-896d-44a7-b1f7-650badc54335,Breathe,Blade,f5b171c9-f6f0-4ee6-bc3f-57d349f92d73,"hip-hop, hip hop, conscious hip hop",Hip-Hop/Rap
e6dfbb5f-3954-4889-a3aa-354b0aab5482,Rink,Blade,f5b171c9-f6f0-4ee6-bc3f-57d349f92d73,"hip-hop, hip hop, conscious hip hop",Hip-Hop/Rap
cc8b50ab-097b-45eb-b9ac-839137303bce,Reflection,Blade,f5b171c9-f6f0-4ee6-bc3f-57d349f92d73,"hip-hop, hip hop, conscious hip hop",Hip-Hop/Rap
2a3cff62-2cbc-447f-b3ad-5eb67997f5bd,Man kann nicht alles haben,Blumentopf,3eab4de9-a578-4327-8909-f90ffc1b8ae5,"hip-hop, hip hop, german hip hop",Hip-Hop/Rap
95e46b6e-86b4-4d60-a356-542ef56a56e1,Medizin,Blumentopf,3eab4de9-a578-4327-8909-f90ffc1b8ae5,"hip-hop, hip hop, conscious hip hop",Hip-Hop/Rap
28b33b12-f7d3-4a36-abf3-02e8ea5d0bd1,Autos und Frauen,Blumentopf,3eab4de9-a578-4327-8909-f90ffc1b8ae5,"hip-hop, hip hop",Hip-Hop/Rap
b5d64503-3b7f-4049-9cd5-b2a5cf6b7a99,Macht Platz,Blumentopf,3eab4de9-a578-4327-8909-f90ffc1b8ae5,"hip-hop, hip hop, german hip hop",Hip-Hop/Rap
49060352-2489-4fed-8ca4-52a399500837,Das Eine,Blumentopf,3eab4de9-a578-4327-8909-f90ffc1b8ae5,"hip-hop, hip hop, german hip hop",Hip-Hop/Rap
e09f56f2-2913-41b5-a8fe-343b4219367b,Magic Disco,Blumentopf,3eab4de9-a578-4327-8909-f90ffc1b8ae5,"hip-hop, hip hop, german hip hop",Hip-Hop/Rap
24f2c47a-f0b9-4848-a249-ff486a30bc12,Jeder Zweite linkt Dich,Blumentopf,3eab4de9-a578-4327-8909-f90ffc1b8ae5,"hip-hop, hip hop",Hip-Hop/Rap
b20d50d1-37dc-44a9-bd3e-ac33d037a65e,Interlude,Blumentopf,3eab4de9-a578-4327-8909-f90ffc1b8ae5,"hip-hop, hip hop, conscious hip hop",Hip-Hop/Rap
145bee16-a1f5-47c2-96d7-89d76c902f09,Legends,Boo‐Yaa T.R.I.B.E.,253ba930-9c4c-4f99-b2bf-87b84cefb8f0,"hip hop, gangsta rap",Hip-Hop/Rap
80a6a1da-5378-4c85-b2c6-ffa915f51121,Gangstas of Industry,Boo‐Yaa T.R.I.B.E.,253ba930-9c4c-4f99-b2bf-87b84cefb8f0,"hip hop, gangsta rap",Hip-Hop/Rap
e2236d94-6745-4809-bea4-6a9a75ef3fe4,New Funky Nation,Boo‐Yaa T.R.I.B.E.,253ba930-9c4c-4f99-b2bf-87b84cefb8f0,"hip hop, gangsta rap",Hip-Hop/Rap
a7cdd1b5-09c0-4faf-a3a7-23541769e922,Devil Can’t Have Me,Boo‐Yaa T.R.I.B.E.,253ba930-9c4c-4f99-b2bf-87b84cefb8f0,"hip hop, gangsta rap",Hip-Hop/Rap
3db6fc3b-1566-43a9-acca-4650779b0ab5,Walk the Line,Boo‐Yaa T.R.I.B.E.,253ba930-9c4c-4f99-b2bf-87b84cefb8f0,"hip hop, gangsta rap",Hip-Hop/Rap
a8b5a3f5-a2ea-4b6f-b7b1-c2db8695e0fa,Rated R,Boo‐Yaa T.R.I.B.E.,253ba930-9c4c-4f99-b2bf-87b84cefb8f0,"hip hop, gangsta rap",Hip-Hop/Rap
3851bb8e-72e6-4230-9153-2f378992b9d7,Been That Way,Bryson Tiller,d8fd8d9b-473b-4f06-83c8-869b1bb9de89,"r&b, trap",Hip-Hop/Rap
248cec13-e00c-4739-898d-25a086158168,7:00,Bryson Tiller,d8fd8d9b-473b-4f06-83c8-869b1bb9de89,"r&b, trap",Hip-Hop/Rap
57aa482a-25cc-4efc-9c7c-b7e33a9f076a,Don't (J-Louis remix),Bryson Tiller,d8fd8d9b-473b-4f06-83c8-869b1bb9de89,"r&b, trap",Hip-Hop/Rap
4b67dcab-eadb-4642-a7c2-6bf1adbd4b24,Keep Doing What You’re Doing,Bryson Tiller,d8fd8d9b-473b-4f06-83c8-869b1bb9de89,"r&b, trap",Hip-Hop/Rap
96eb9583-1e0c-49d8-be51-609f44b1e84b,Things Change,Bryson Tiller,d8fd8d9b-473b-4f06-83c8-869b1bb9de89,"r&b, trap",Hip-Hop/Rap
a48e2d3d-812f-46ce-b65a-eaaf6828ebc3,Timeless Interlude Pt. II,Bryson Tiller,d8fd8d9b-473b-4f06-83c8-869b1bb9de89,"r&b, trap",Hip-Hop/Rap
ffee9baf-81ba-465d-a283-74c04c10fde0,Loosemobile,Coolio,cc30e630-8c75-4d78-b205-8e2edc6bdaa7,"hip hop, gangsta rap",Hip-Hop/Rap
4ecd007e-4704-4b55-8b85-f1607ab73198,Outro,Coolio,cc30e630-8c75-4d78-b205-8e2edc6bdaa7,"hip hop, gangsta rap",Hip-Hop/Rap
a373a20a-d376-4bff-8a93-cb97f4bc2ab8,West Coast Anthem,Coolio,cc30e630-8c75-4d78-b205-8e2edc6bdaa7,"hip hop, gangsta rap",Hip-Hop/Rap
5270d194-55f1-4ad4-8987-9eb035a62263,187% WRPM,Coolio,cc30e630-8c75-4d78-b205-8e2edc6bdaa7,"hip hop, gangsta rap",Hip-Hop/Rap
a2d24962-9ee7-4466-8d6d-937b186fde51,Intro,Coolio,cc30e630-8c75-4d78-b205-8e2edc6bdaa7,"hip hop, gangsta rap",Hip-Hop/Rap
69d4c6c5-7c45-4e9c-a1d1-f3ab8232307a,"1, 2, 3, 4 (Sumpin’ New) (Timber mix, extended version)",Coolio,cc30e630-8c75-4d78-b205-8e2edc6bdaa7,"hip hop, gangsta rap",Hip-Hop/Rap
28cac867-37ac-411f-a1d5-229e4cf54f7b,They Don’t Know,Coolio,cc30e630-8c75-4d78-b205-8e2edc6bdaa7,"hip hop, gangsta rap",Hip-Hop/Rap
7bb80254-4aec-4959-8a83-d7c0edb6f744,SAD SHIT,DaBaby,87ae83df-6173-40cc-a0f2-bad543faa6aa,trap,Hip-Hop/Rap
6f59e980-3719-4f84-b015-b664ddda44b9,AMAZING GRACE,DaBaby,87ae83df-6173-40cc-a0f2-bad543faa6aa,trap,Hip-Hop/Rap
d5dc5aa4-f29c-42e3-949d-4134c07bd2f4,BLAME IT ON BABY,DaBaby,87ae83df-6173-40cc-a0f2-bad543faa6aa,trap,Hip-Hop/Rap
29805d0f-aa2a-4379-9eb4-8b0868615121,CHAMPION,DaBaby,87ae83df-6173-40cc-a0f2-bad543faa6aa,trap,Hip-Hop/Rap
84f45750-c585-469b-9cc2-0bcc57a2c80a,CAN’T STOP,DaBaby,87ae83df-6173-40cc-a0f2-bad543faa6aa,trap,Hip-Hop/Rap
e6ceaa0b-6165-4ac1-af52-4389c9e68128,TALK ABOUT IT,DaBaby,87ae83df-6173-40cc-a0f2-bad543faa6aa,trap,Hip-Hop/Rap
0cb63a89-f1f8-4fc7-864a-8db3ee104139,Drifting,Drag‐On,3cd1c04b-288c-41dd-8886-7110efaddc5c,"hip hop, gangsta rap",Hip-Hop/Rap
fe55b64f-5ccf-4e0d-89f4-c4ba41e69f96,Interlude,Drag‐On,3cd1c04b-288c-41dd-8886-7110efaddc5c,"hip hop, gangsta rap",Hip-Hop/Rap
ecb68ade-5bfb-4f83-9bfb-f131a245a22e,The Strip,Drag‐On,3cd1c04b-288c-41dd-8886-7110efaddc5c,"hip hop, gangsta rap",Hip-Hop/Rap
c47904d9-9636-4cf7-856a-086020a90d9f,Shoe Box,Drag‐On,3cd1c04b-288c-41dd-8886-7110efaddc5c,"hip hop, gangsta rap",Hip-Hop/Rap
7c31ae48-de5b-4581-a3e1-7f61e5fa3c02,Shots,Drag‐On,3cd1c04b-288c-41dd-8886-7110efaddc5c,"hip hop, gangsta rap",Hip-Hop/Rap
f53d0f89-1ce3-4a47-b393-e84c5d5ec7c6,24 Hrs. to Live,Eazy‐E,c3009d7a-51ac-4c9c-888a-04f5c3c4be0c,gangsta rap,Hip-Hop/Rap
522f06b2-0c76-4a12-be94-220fe68bc225,Boyz‐N‐The Hood,Eazy‐E,c3009d7a-51ac-4c9c-888a-04f5c3c4be0c,gangsta rap,Hip-Hop/Rap
1b0bcc6c-0f9e-444c-8c35-b10f34a55b64,Eazy‐Duz‐It,Eazy‐E,c3009d7a-51ac-4c9c-888a-04f5c3c4be0c,gangsta rap,Hip-Hop/Rap
81f99f28-a52f-45ef-80f9-3a5ea8cf2538,2 Hard Mutha’s,Eazy‐E,c3009d7a-51ac-4c9c-888a-04f5c3c4be0c,gangsta rap,Hip-Hop/Rap
874709f7-eeb0-4e05-a6ec-db8633adc8ee,Black Nigga Killa,Eazy‐E,c3009d7a-51ac-4c9c-888a-04f5c3c4be0c,gangsta rap,Hip-Hop/Rap
5c489d1e-2adc-4404-91de-dd2bb92bd5b0,Ticking Away,Everlast,ca39d50f-9885-420e-88d6-9c3f64038773,"rap, alternative rap, hardcore rap, rap-rock",Hip-Hop/Rap
97acd26b-8506-4fe2-a2e6-01053c5857db,Sad Girl,Everlast,ca39d50f-9885-420e-88d6-9c3f64038773,"rap, alternative rap, hardcore rap, rap-rock",Hip-Hop/Rap
1a92728e-6312-4852-8e06-6917a5c0459b,Pain,Everlast,ca39d50f-9885-420e-88d6-9c3f64038773,"rap, alternative rap, hardcore rap, rap-rock",Hip-Hop/Rap
f8d9430f-b408-47f4-97af-ab01019c19f6,Angel,Everlast,ca39d50f-9885-420e-88d6-9c3f64038773,"rap, alternative rap, hardcore rap, rap-rock",Hip-Hop/Rap
58139635-943a-41ed-a11e-f743ca20f342,2 Pieces of Drama,Everlast,ca39d50f-9885-420e-88d6-9c3f64038773,"rap, alternative rap, hardcore rap, rap-rock",Hip-Hop/Rap
a80e171b-37dd-4dfb-9dac-84f27704badc,Lonely Road,Everlast,ca39d50f-9885-420e-88d6-9c3f64038773,"rap, alternative rap, hardcore rap, rap-rock",Hip-Hop/Rap
b7bccd1c-f9b2-4006-a364-c51e4f847836,Soul Music,Everlast,ca39d50f-9885-420e-88d6-9c3f64038773,"rap, alternative rap, hardcore rap, rap-rock",Hip-Hop/Rap
51ee3bab-40d0-4018-82f7-a4ba7c2e24b8,Sleepin’ Alone,Everlast,ca39d50f-9885-420e-88d6-9c3f64038773,"rap, alternative rap, hardcore rap, rap-rock",Hip-Hop/Rap
70f44be5-1bb1-4299-8ec0-ceeb2e9b59b2,Ansprache Frau Herzog,Fünf Sterne deluxe,1491e2b8-23bf-41a8-8184-cccd7e98a23c,"hip-hop, hip hop",Hip-Hop/Rap
36fb1f7e-05aa-4d09-ad36-de13dbdbf65d,Besser als der Erste,Fünf Sterne deluxe,1491e2b8-23bf-41a8-8184-cccd7e98a23c,"hip-hop, hip hop",Hip-Hop/Rap
c9f546e0-1e05-4b36-a18d-1fd516ff5a50,Intro,Fünf Sterne deluxe,1491e2b8-23bf-41a8-8184-cccd7e98a23c,"hip-hop, hip hop",Hip-Hop/Rap
9c2f8436-e4fc-4e42-9beb-25d4047ff119,Discotizer,Fünf Sterne deluxe,1491e2b8-23bf-41a8-8184-cccd7e98a23c,"hip-hop, hip hop",Hip-Hop/Rap
6c1156b4-9ec1-4934-a5a2-3b0c7b8aa186,Nirvana,Fünf Sterne deluxe,1491e2b8-23bf-41a8-8184-cccd7e98a23c,"hip-hop, hip hop",Hip-Hop/Rap
ae13e6a3-9b12-4d6c-81ac-9e605645599c,Hip Hop Clowns & Party Rapper,Fünf Sterne deluxe,1491e2b8-23bf-41a8-8184-cccd7e98a23c,"hip-hop, hip hop",Hip-Hop/Rap
b1698fbd-a20e-4838-ab86-15ace3546d91,Sillium,Fünf Sterne deluxe,1491e2b8-23bf-41a8-8184-cccd7e98a23c,"hip-hop, hip hop",Hip-Hop/Rap
e6240b08-2c01-457d-859e-32bee2064990,Ich liebe dieses Lied,Fünf Sterne deluxe,1491e2b8-23bf-41a8-8184-cccd7e98a23c,"hip-hop, hip hop",Hip-Hop/Rap
3086d945-909c-47a5-9762-e50f60621d06,Straight Gangstaism,Geto Boys,a78ca453-3a53-4b19-8b2d-61b10dd45558,"hip hop, gangsta rap",Hip-Hop/Rap
936ad71f-52e7-48ac-a760-805f8af7d5d3,One Time Freestyle,Geto Boys,a78ca453-3a53-4b19-8b2d-61b10dd45558,"hip hop, gangsta rap",Hip-Hop/Rap
ec144029-5bfa-4e27-adee-02fc6a67258f,City Under Siege,Geto Boys,a78ca453-3a53-4b19-8b2d-61b10dd45558,"hip hop, gangsta rap",Hip-Hop/Rap
09bc9a9a-0de8-4b54-bdbf-2da3940d6264,Read These Nikes,Geto Boys,a78ca453-3a53-4b19-8b2d-61b10dd45558,"hip hop, gangsta rap",Hip-Hop/Rap
48300321-f791-41e5-92b4-008f4481069b,Do It Like a G.O.,Geto Boys,a78ca453-3a53-4b19-8b2d-61b10dd45558,"hip hop, gangsta rap",Hip-Hop/Rap
cab7a57f-e13b-4350-a65b-0e9ea4afaee3,I’ll Be the Shooter,G‐Unit,3a212655-d7d5-4570-9d31-4b7b1ef02629,gangsta rap,Hip-Hop/Rap
330a42d4-8350-46dc-a7f6-b88f179df6c9,Nah I’m Talking ’Bout,G‐Unit,3a212655-d7d5-4570-9d31-4b7b1ef02629,gangsta rap,Hip-Hop/Rap
6db1a2dd-c6df-4c27-8442-6c7b48063423,Cross My Path,G‐Unit,3a212655-d7d5-4570-9d31-4b7b1ef02629,"hip hop, gangsta rap",Hip-Hop/Rap
adf0c185-25ae-4409-8965-be6fdfef8a57,Say What You Want About Me,G‐Unit,3a212655-d7d5-4570-9d31-4b7b1ef02629,gangsta rap,Hip-Hop/Rap
6ff2db41-8921-4c43-9a9d-a258e9292698,Nah I’m Talking ’Bout,G‐Unit,3a212655-d7d5-4570-9d31-4b7b1ef02629,gangsta rap,Hip-Hop/Rap
f15c57c7-c9de-4d1f-9370-606a94c07eeb,’Round Here,G‐Unit,3a212655-d7d5-4570-9d31-4b7b1ef02629,gangsta rap,Hip-Hop/Rap
9a88849b-0caa-4f08-818d-f52b91b64503,2 n the Morning (instrumental),Ice Cube,1d11e2a1-4531-4d61-a8c7-7b5c6a608fd2,"hip hop, gangsta rap",Hip-Hop/Rap
102990fb-9d6e-4a39-ae65-86f27af7b5e4,You Know How We Do It,Ice Cube,1d11e2a1-4531-4d61-a8c7-7b5c6a608fd2,"hip hop, gangsta rap",Hip-Hop/Rap
f5e8b32c-c16f-4d41-b232-4be6f76606d2,Wicked,Ice Cube,1d11e2a1-4531-4d61-a8c7-7b5c6a608fd2,"gangsta rap, happy",Hip-Hop/Rap
d679ceca-bed3-40c3-a0bf-3eaf95501d30,It Was a Good Day,Ice Cube,1d11e2a1-4531-4d61-a8c7-7b5c6a608fd2,gangsta rap,Hip-Hop/Rap
1b2496f8-ab6a-4fe8-bdca-61d91292fd4a,"Make It Ruff, Make It Smooth",Ice Cube,1d11e2a1-4531-4d61-a8c7-7b5c6a608fd2,"gangsta rap, happy",Hip-Hop/Rap
08263e52-0167-4034-b61a-9bcf37371380,Rap Is Fake,Ice T,8a75ce0d-1df3-47cc-b076-ce2f4e8250f0,"rap, gangsta rap",Hip-Hop/Rap
b79a0917-f09f-4f93-82f7-3fdd5c664772,Return of the Real,Ice T,8a75ce0d-1df3-47cc-b076-ce2f4e8250f0,"rap, gangsta rap",Hip-Hop/Rap
9877b58b-6cab-4735-8c3e-af8b8cefbe9c,Alotta Niggas (insert),Ice T,8a75ce0d-1df3-47cc-b076-ce2f4e8250f0,"rap, gangsta rap",Hip-Hop/Rap
1c4fdc65-deda-4e3e-b1ed-2ac4164844dd,Bouncin’ Down the Strezeet,Ice T,8a75ce0d-1df3-47cc-b076-ce2f4e8250f0,"rap, gangsta rap",Hip-Hop/Rap
e0bbc88d-7b74-43f7-a4ab-8b3e6d05ef1c,The Lane,Ice T,8a75ce0d-1df3-47cc-b076-ce2f4e8250f0,"rap, gangsta rap",Hip-Hop/Rap
baa61ec8-fc3e-4538-a391-323e21f33dc0,Where the Shit Goes Down,Ice T,8a75ce0d-1df3-47cc-b076-ce2f4e8250f0,"rap, gangsta rap",Hip-Hop/Rap
afabfb29-0789-4214-aa2c-f62458d08896,How Does It Feel,Ice T,8a75ce0d-1df3-47cc-b076-ce2f4e8250f0,"rap, gangsta rap",Hip-Hop/Rap
c347e4b0-44fb-49a8-bae6-047d015ec931,Dear Homie,Ice T,8a75ce0d-1df3-47cc-b076-ce2f4e8250f0,"rap, gangsta rap",Hip-Hop/Rap
7ed00e38-ef85-4698-a4ef-c3b17a1f0cbf,City of Industry,Jehst,ee8dbba0-b236-4847-9162-c5f1ff2c6567,"hip-hop, hip hop, uk hip hop",Hip-Hop/Rap
e6560483-48f6-4685-a552-de2ff2709fcd,The Return of the Drifter,Jehst,ee8dbba0-b236-4847-9162-c5f1ff2c6567,"hip-hop, hip hop, uk hip hop",Hip-Hop/Rap
348170b6-25c4-44d6-9001-e056c9c5bf05,Alcoholic Author,Jehst,ee8dbba0-b236-4847-9162-c5f1ff2c6567,"hip-hop, hip hop, uk hip hop",Hip-Hop/Rap
6690943b-3b1c-4c7e-a8c5-ffc7be0e49df,Bluebells,Jehst,ee8dbba0-b236-4847-9162-c5f1ff2c6567,"hip-hop, hip hop, uk hip hop",Hip-Hop/Rap
13026d0d-a395-43e3-9ec0-377a826036b6,1979,Jehst,ee8dbba0-b236-4847-9162-c5f1ff2c6567,"hip-hop, hip hop, uk hip hop",Hip-Hop/Rap
5497dece-94a1-4bff-ba13-ef0357bed8d1,Stay High,Juice WRLD,4e4ebde4-0c56-4dec-844b-6c73adcdd92d,"trap, emo trap",Hip-Hop/Rap
86430a68-11ee-4711-89a7-6d8dc9c0f1c6,Blood on My Jeans,Juice WRLD,4e4ebde4-0c56-4dec-844b-6c73adcdd92d,trap,Hip-Hop/Rap
0a198d19-63ad-4114-93a4-f7a06317d710,Righteous,Juice WRLD,4e4ebde4-0c56-4dec-844b-6c73adcdd92d,"grime, trap, emo trap",Hip-Hop/Rap
5f7fecdb-e3d8-47ee-8a4d-99a96bc7e61b,Fighting Demons,Juice WRLD,4e4ebde4-0c56-4dec-844b-6c73adcdd92d,"trap, emo trap",Hip-Hop/Rap
5c3512b0-810b-49b5-91de-9ac19ad830e3,Bad Energy,Juice WRLD,4e4ebde4-0c56-4dec-844b-6c73adcdd92d,"trap, emo trap",Hip-Hop/Rap
d5a70488-a96c-49af-9505-a2195e626964,Screw Juice,Juice WRLD,4e4ebde4-0c56-4dec-844b-6c73adcdd92d,"trap, emo trap",Hip-Hop/Rap
bfe0743c-69c0-459e-8026-8f62a485be40,Titanic,Juice WRLD,4e4ebde4-0c56-4dec-844b-6c73adcdd92d,"trap, emo trap",Hip-Hop/Rap
17a9634d-f9bc-4be2-8156-b839c2ac7bdd,Can’t Die,Juice WRLD,4e4ebde4-0c56-4dec-844b-6c73adcdd92d,"trap, emo trap",Hip-Hop/Rap
187dcd73-25f2-4b42-8306-6abdd3c25bfe,Brother Man Get Hip,Kid ’n Play,21a230d9-5133-4367-9f50-ae4a3511952a,"rap, pop-rap, party rap",Hip-Hop/Rap
7c33c70a-6f59-412d-baf1-271c860a6e75,Hype,Kid ’n Play,21a230d9-5133-4367-9f50-ae4a3511952a,"rap, pop-rap, party rap",Hip-Hop/Rap
4f3d1023-4c59-4cc9-8a65-492f37f1598c,Rollin’ With Kid ’n Play,Kid ’n Play,21a230d9-5133-4367-9f50-ae4a3511952a,"rap, pop-rap, party rap",Hip-Hop/Rap
685046d2-3f9e-4968-9607-d6a4b0061ad1,Soul Man,Kid ’n Play,21a230d9-5133-4367-9f50-ae4a3511952a,"rap, pop-rap, party rap",Hip-Hop/Rap
7fd8e2f7-ed42-4462-ad60-8c0c82bcca39,Do This My Way,Kid ’n Play,21a230d9-5133-4367-9f50-ae4a3511952a,"rap, pop-rap, party rap",Hip-Hop/Rap
a3b6fd04-da17-44f4-8751-39df4ec8fa3c,Do the Kid ’n Play Kick Step,Kid ’n Play,21a230d9-5133-4367-9f50-ae4a3511952a,"rap, pop-rap, party rap",Hip-Hop/Rap
8f615acc-0d39-430c-9e1d-478eacce478e,Dead Wrong,Krizz Kaliko,eacc6d9c-199e-45fb-960b-e21fa503f82b,"rap, underground rap, midwest rap",Hip-Hop/Rap
f9285111-dbd1-4b29-8931-438efad85a7b,Love You 2 Death,Krizz Kaliko,eacc6d9c-199e-45fb-960b-e21fa503f82b,"rap, underground rap, midwest rap",Hip-Hop/Rap
0011d508-1810-4b2e-bd5c-654b46a109e6,Genius,Krizz Kaliko,eacc6d9c-199e-45fb-960b-e21fa503f82b,"rap, underground rap, midwest rap",Hip-Hop/Rap
3d302ebd-4b82-4031-977b-4dcfe090de80,Intro,Krizz Kaliko,eacc6d9c-199e-45fb-960b-e21fa503f82b,"rap, underground rap, midwest rap",Hip-Hop/Rap
3e16afd7-14c7-4e00-881e-4dda7c990bb3,The Chemical,Krizz Kaliko,eacc6d9c-199e-45fb-960b-e21fa503f82b,"rap, underground rap, midwest rap",Hip-Hop/Rap
18056123-8457-4ea0-8e2e-eee530385fec,Back Pack,Krizz Kaliko,eacc6d9c-199e-45fb-960b-e21fa503f82b,"rap, underground rap, midwest rap",Hip-Hop/Rap
62bcc031-6faa-42dc-8ee6-3cc10d504a54,Choir Boy,Krizz Kaliko,eacc6d9c-199e-45fb-960b-e21fa503f82b,"rap, underground rap, midwest rap",Hip-Hop/Rap
96274c33-c8a7-4165-9f98-db636699429e,Chip on My Shoulder,Krizz Kaliko,eacc6d9c-199e-45fb-960b-e21fa503f82b,"rap, underground rap, midwest rap",Hip-Hop/Rap
d3fdb889-4822-4a60-bc36-ee422ef57452,Step Two,LAXX,a3644f24-7b82-46eb-ac96-59b33f3c86b1,"dubstep, trap, trap [edm]",Hip-Hop/Rap
81828601-8675-47c2-98ed-16ec2811a578,The Limit,LAXX,a3644f24-7b82-46eb-ac96-59b33f3c86b1,"trap, trap [edm]",Hip-Hop/Rap
428b3b22-de9e-4889-8bc0-a05292d74c7f,Gold Plated,LAXX,a3644f24-7b82-46eb-ac96-59b33f3c86b1,"trap, trap [edm]",Hip-Hop/Rap
6651b265-e59c-4c5d-ae25-a9be7beeb25b,The Unknown,LAXX,a3644f24-7b82-46eb-ac96-59b33f3c86b1,"trap, trap [edm]",Hip-Hop/Rap
b02f44ef-2492-4c74-8c1a-2718c4af507e,Brainbug,LAXX,a3644f24-7b82-46eb-ac96-59b33f3c86b1,"trap, trap [edm]",Hip-Hop/Rap
a7a6b5ea-1fb5-48cc-a341-33530e964b65,Die for You,Lil Wayne,ac9a487a-d9d2-4f27-bb23-0f4686488345,"rap, southern rap, rap-rock",Hip-Hop/Rap
c2523847-fa9e-44ff-8986-8f6b0db6c6c6,Anything,Lil Wayne,ac9a487a-d9d2-4f27-bb23-0f4686488345,gangsta rap,Hip-Hop/Rap
71ca26d3-777a-4a43-b6a4-25503c39777b,I’m a Mothafuckin Menace,Lil Wayne,ac9a487a-d9d2-4f27-bb23-0f4686488345,gangsta rap,Hip-Hop/Rap
bc24485e-2edf-4cb2-a9a4-1fd839986724,"Pussy, Money, Weed",Lil Wayne,ac9a487a-d9d2-4f27-bb23-0f4686488345,"hip-hop, hip hop, southern hip hop",Hip-Hop/Rap
3185c0d6-b5ec-4409-b7a4-e61655b84892,Shorty Bounce,Lil Wayne,ac9a487a-d9d2-4f27-bb23-0f4686488345,"hip-hop, hip hop",Hip-Hop/Rap
017eeae1-fb4a-45e7-a849-dfb85df34ad9,Da Da Da,Lil Wayne,ac9a487a-d9d2-4f27-bb23-0f4686488345,"rap, southern rap, rap-rock",Hip-Hop/Rap
2d06cc71-441f-4ca5-bfdd-bdb27c949d2a,On Fire,Lil Wayne,ac9a487a-d9d2-4f27-bb23-0f4686488345,"rap, southern rap, rap-rock",Hip-Hop/Rap
9e02a58a-725a-4a62-9882-4685beb0d24d,Back on My Grizzy,Lil Wayne,ac9a487a-d9d2-4f27-bb23-0f4686488345,"hip-hop, hip hop, rap hip hop",Hip-Hop/Rap
ed125838-65e5-4cbb-b634-95609cee985a,Send Ya to Hell,Lloyd Banks,8a6ccf62-b8fa-46d7-87df-f2dd14e6280d,gangsta rap,Hip-Hop/Rap
de553ee2-b0c9-43be-a680-404b25aa139d,What Goes Around,Lloyd Banks,8a6ccf62-b8fa-46d7-87df-f2dd14e6280d,gangsta rap,Hip-Hop/Rap
e3b58be7-a744-488f-a4ba-17f3cb025d19,Motherfuckin’ Star,Lloyd Banks,8a6ccf62-b8fa-46d7-87df-f2dd14e6280d,gangsta rap,Hip-Hop/Rap
fe9c64ac-0967-4db3-9025-ecb697799c81,Playboy,Lloyd Banks,8a6ccf62-b8fa-46d7-87df-f2dd14e6280d,"rap, gangsta rap, hardcore rap",Hip-Hop/Rap
f83a2cc2-f4ac-41c9-b227-dafed607521d,Die One Day,Lloyd Banks,8a6ccf62-b8fa-46d7-87df-f2dd14e6280d,"rap, gangsta rap, hardcore rap",Hip-Hop/Rap
09a3b472-7d4c-4496-b6a6-1c8be8f70caa,South Side Story,Lloyd Banks,8a6ccf62-b8fa-46d7-87df-f2dd14e6280d,gangsta rap,Hip-Hop/Rap
48eafece-282f-496e-9a80-93cebb5be8b6,Could It Be,Luke,b997f5fa-a728-407f-ba2d-4c43c7d883fd,"rap, dirty rap, party rap",Hip-Hop/Rap
b9c23933-4dbc-4212-ab8a-2ca2b48063a2,Holla,Luke,b997f5fa-a728-407f-ba2d-4c43c7d883fd,"rap, dirty rap, party rap",Hip-Hop/Rap
b0cefa0d-0a62-4dea-9bbc-f939943ea6b8,B-Otch,Luke,b997f5fa-a728-407f-ba2d-4c43c7d883fd,"rap, dirty rap, party rap",Hip-Hop/Rap
fa28d034-4ef3-48fd-970e-ee2ede9d5460,Lollipop,Luke,b997f5fa-a728-407f-ba2d-4c43c7d883fd,"rap, dirty rap, party rap",Hip-Hop/Rap
f66e9934-7c95-4b9e-929f-4e0e5f15c345,Roll Wit Luke,Luke,b997f5fa-a728-407f-ba2d-4c43c7d883fd,"rap, dirty rap, party rap",Hip-Hop/Rap
d5d9ae44-3707-4999-9a67-b2323d73c954,If It Wasn’t 4 Us,Luke,b997f5fa-a728-407f-ba2d-4c43c7d883fd,"rap, dirty rap, party rap",Hip-Hop/Rap
00464905-d8a1-4a1c-9cfc-5d11abb5d7c7,Eat the Pussy,Luke,b997f5fa-a728-407f-ba2d-4c43c7d883fd,"rap, dirty rap, party rap",Hip-Hop/Rap
d09ed368-47c7-4653-a0c7-e11a628fc6db,Hoes,Luke,b997f5fa-a728-407f-ba2d-4c43c7d883fd,"rap, dirty rap, party rap",Hip-Hop/Rap
48774173-f6fc-41d2-848e-edde78ab7137,Nothin' 2 Lose,M.O.P.,dbe35fab-1b3a-469b-87f0-6a54ef8de3c4,gangsta rap,Hip-Hop/Rap
a6e83e6f-1a96-4cc4-9582-843cd3896cc1,Dedication,M.O.P.,dbe35fab-1b3a-469b-87f0-6a54ef8de3c4,gangsta rap,Hip-Hop/Rap
6ca717a1-3151-4060-acef-9b76b0381649,Salute,M.O.P.,dbe35fab-1b3a-469b-87f0-6a54ef8de3c4,gangsta rap,Hip-Hop/Rap
2c92c33d-1396-4ceb-801d-2a4cea85457c,Intro,M.O.P.,dbe35fab-1b3a-469b-87f0-6a54ef8de3c4,gangsta rap,Hip-Hop/Rap
81939743-c971-4846-9e5f-cbdf021b224c,Brownsville,M.O.P.,dbe35fab-1b3a-469b-87f0-6a54ef8de3c4,gangsta rap,Hip-Hop/Rap
73468b7a-da0e-479a-9a8f-18b6a399646f,Revolution,M.O.P.,dbe35fab-1b3a-469b-87f0-6a54ef8de3c4,gangsta rap,Hip-Hop/Rap
696c45fb-d551-4eac-8038-1d6049aa03d3,Lifestyles of a Ghetto Child,M.O.P.,dbe35fab-1b3a-469b-87f0-6a54ef8de3c4,gangsta rap,Hip-Hop/Rap
e092b4c6-71b5-4722-9f6a-7bd1f01e56f8,Weekly Wage,Mac Lethal,a3c7ec74-66e2-4f19-b651-5855d7eeae75,"hip hop, gangsta rap",Hip-Hop/Rap
501d6cce-5f7e-45dd-b0dc-e775962918e1,The Watchmaker Theory,Mac Lethal,a3c7ec74-66e2-4f19-b651-5855d7eeae75,"hip hop, gangsta rap",Hip-Hop/Rap
bc8580c2-8620-4dc4-94ce-8352f302dd83,Sleepless & Senseless,Mac Lethal,a3c7ec74-66e2-4f19-b651-5855d7eeae75,"hip hop, gangsta rap",Hip-Hop/Rap
f3cc5a50-6a55-453a-8195-1b14ea38d9f8,Day by Day,Mac Lethal,a3c7ec74-66e2-4f19-b651-5855d7eeae75,"hip hop, gangsta rap",Hip-Hop/Rap
a3962548-ec35-4a20-bc1f-6f4c57820ea4,Weed & Coffee,Mac Lethal,a3c7ec74-66e2-4f19-b651-5855d7eeae75,"hip hop, gangsta rap",Hip-Hop/Rap
b53a64b3-cc70-41e4-bbf4-37d2629e6036,Twisted,Mac Lethal,a3c7ec74-66e2-4f19-b651-5855d7eeae75,"hip hop, gangsta rap",Hip-Hop/Rap
0569c1d6-9f0f-4b23-8a31-2a46673312a5,Til the Casket Drops,Mac Lethal,a3c7ec74-66e2-4f19-b651-5855d7eeae75,"hip hop, gangsta rap",Hip-Hop/Rap
c705348b-2c03-4ef9-80d8-71b1a0e8c4ac,Missy’s Finale,Missy Misdemeanor Elliott,a0b8cb9e-7532-45fe-a74c-30e7c4009a39,"hip-hop, hip hop, hip hop music",Hip-Hop/Rap
388a82a1-29b9-409a-870d-b36124c83184,Why You Hurt Me,Missy Misdemeanor Elliott,a0b8cb9e-7532-45fe-a74c-30e7c4009a39,"hip-hop, hip hop, hip hop music",Hip-Hop/Rap
7b369ecc-83fb-472b-87bb-925c8b294e76,I’m Talkin’,Missy Misdemeanor Elliott,a0b8cb9e-7532-45fe-a74c-30e7c4009a39,"hip-hop, hip hop, hip hop music",Hip-Hop/Rap
36a3cda0-b216-4da3-a48f-bfa4cee19c5b,Don’t Be Commin’ (in My Face),Missy Misdemeanor Elliott,a0b8cb9e-7532-45fe-a74c-30e7c4009a39,"hip-hop, hip hop, hip hop music",Hip-Hop/Rap
4383f6ec-5a8b-46ab-9dc5-e1239b94f8d7,Bite Our Style (interlude),Missy Misdemeanor Elliott,a0b8cb9e-7532-45fe-a74c-30e7c4009a39,"hip-hop, hip hop, hip hop music",Hip-Hop/Rap
6a39ab95-3dfe-42a8-ad3c-e444f16731e6,Petty,Obie Trice,c0f98b1d-1133-46d6-ab05-723a95cb5453,"rap, hardcore rap, midwest rap",Hip-Hop/Rap
f19fef07-9271-459c-b593-8c19ec1f5ae0,Spill My Drink,Obie Trice,c0f98b1d-1133-46d6-ab05-723a95cb5453,"rap, hardcore rap, midwest rap",Hip-Hop/Rap
c8d15fd5-4372-47af-a12d-7da2b03d66f2,Wanna Know,Obie Trice,c0f98b1d-1133-46d6-ab05-723a95cb5453,"rap, hardcore rap, midwest rap",Hip-Hop/Rap
e8ff5301-5edb-4c74-b97e-7742dbe5efea,Secrets,Obie Trice,c0f98b1d-1133-46d6-ab05-723a95cb5453,"rap, hardcore rap, midwest rap",Hip-Hop/Rap
574d09a4-95be-48a6-9c87-563759377ae7,I Pretend,Obie Trice,c0f98b1d-1133-46d6-ab05-723a95cb5453,"rap, hardcore rap, midwest rap",Hip-Hop/Rap
b5d445bf-dd78-4d60-928a-2d7ddf0d6657,Dear Lord,Obie Trice,c0f98b1d-1133-46d6-ab05-723a95cb5453,"rap, hardcore rap, midwest rap",Hip-Hop/Rap
346b1273-5f5f-4b16-840d-4cae44ea2678,"Coffee, Donuts & Death",Paris,431945b6-0754-480a-8634-3e8c2f8ccf27,gangsta rap,Hip-Hop/Rap
2dfd979b-093d-4683-b2bd-ed67ce7c4ab6,The Hate That Hate Made (Power of God mix),Paris,431945b6-0754-480a-8634-3e8c2f8ccf27,gangsta rap,Hip-Hop/Rap
a8f8526a-e6b2-4bfe-a330-8927ccb7e114,Check It Out Ch'all (alternate version),Paris,431945b6-0754-480a-8634-3e8c2f8ccf27,gangsta rap,Hip-Hop/Rap
2d8a6642-a1ef-4c71-9f99-3b6a1f201073,Bush Killa,Paris,431945b6-0754-480a-8634-3e8c2f8ccf27,gangsta rap,Hip-Hop/Rap
b58720f8-a010-4d47-a8c5-6024a3c80a7f,Musical Madness,Paris,431945b6-0754-480a-8634-3e8c2f8ccf27,gangsta rap,Hip-Hop/Rap
2b1c75d1-f4be-48ae-822d-20b92d27619a,Assata’s Song,Paris,431945b6-0754-480a-8634-3e8c2f8ccf27,gangsta rap,Hip-Hop/Rap
a47b59fd-679b-4348-98e6-b1ff952ad100,Guerrillas in the Mist (Warfare remix),Paris,431945b6-0754-480a-8634-3e8c2f8ccf27,gangsta rap,Hip-Hop/Rap
6ede4faf-1db1-4eb8-8a5f-cb40c10d9ff0,Break the Grip of Shame (The Final Call),Paris,431945b6-0754-480a-8634-3e8c2f8ccf27,gangsta rap,Hip-Hop/Rap
dabc26bc-3f79-4a94-a5a7-42b31f61f397,Fredly Advice,People Under the Stairs,3dc00dcb-6106-43d1-b48d-21d236f53983,"hip-hop, hip hop, underground hip hop",Hip-Hop/Rap
b5fa8602-c91d-472b-9151-d8b2ca225fd6,Crazy Live,People Under the Stairs,3dc00dcb-6106-43d1-b48d-21d236f53983,"hip-hop, hip hop, underground hip hop",Hip-Hop/Rap
21ab961a-c25a-4a5a-a48f-a93b370e49b7,The Double K Show,People Under the Stairs,3dc00dcb-6106-43d1-b48d-21d236f53983,"hip-hop, hip hop, underground hip hop",Hip-Hop/Rap
a3357f90-5e61-43bb-bd2b-92402d3c23f7,Suite for Creeper,People Under the Stairs,3dc00dcb-6106-43d1-b48d-21d236f53983,"hip-hop, hip hop, underground hip hop",Hip-Hop/Rap
3214c309-98b9-4ec8-831f-33a61fb513de,The Cat,People Under the Stairs,3dc00dcb-6106-43d1-b48d-21d236f53983,"hip-hop, hip hop, underground hip hop",Hip-Hop/Rap
9014ccf5-9343-4b75-9ac8-a0b38d01147c,Stoned Youth Truth,People Under the Stairs,3dc00dcb-6106-43d1-b48d-21d236f53983,"hip-hop, hip hop, underground hip hop",Hip-Hop/Rap
9b01f3e2-42e9-4ba1-aefe-8e427f241dcf,Code Check,People Under the Stairs,3dc00dcb-6106-43d1-b48d-21d236f53983,"hip-hop, hip hop, underground hip hop",Hip-Hop/Rap
7d3c357f-8427-44fb-a606-1f4507fb841b,Get Drunk,People Under the Stairs,3dc00dcb-6106-43d1-b48d-21d236f53983,"hip-hop, hip hop, underground hip hop",Hip-Hop/Rap
b575744b-3390-40cc-b62e-558bc00c3deb,Moving With U,Q‐Tip,b3c94036-6166-41d2-91a2-dc3a0b5fa188,"hip-hop, hip hop, alternative hip hop",Hip-Hop/Rap
4380c821-afbb-4974-95f4-b051513fd0b3,Vivrant Thing,Q‐Tip,b3c94036-6166-41d2-91a2-dc3a0b5fa188,"hip-hop, hip hop, hip hop rap",Hip-Hop/Rap
06691e1d-ad19-4303-946e-5a0324b7eb61,Wait Up,Q‐Tip,b3c94036-6166-41d2-91a2-dc3a0b5fa188,"hip-hop, hip hop, alternative hip hop",Hip-Hop/Rap
46d6a30c-dacb-4cd9-b1c8-6bef23e14761,All In,Q‐Tip,b3c94036-6166-41d2-91a2-dc3a0b5fa188,"hip-hop, hip hop, alternative hip hop",Hip-Hop/Rap
1e3e300e-3e9f-465f-ab0d-9560a9bf2279,Let’s Ride,Q‐Tip,b3c94036-6166-41d2-91a2-dc3a0b5fa188,"hip-hop, hip hop, alternative hip hop",Hip-Hop/Rap
af848a16-5f5d-4bde-8d20-d2e6e8375ba8,Things U Do,Q‐Tip,b3c94036-6166-41d2-91a2-dc3a0b5fa188,"hip-hop, hip hop, alternative hip hop",Hip-Hop/Rap
319fdcf7-84a8-4c80-8c9d-0049e9d9e8fc,Higher,Q‐Tip,b3c94036-6166-41d2-91a2-dc3a0b5fa188,"hip-hop, hip hop, alternative hip hop",Hip-Hop/Rap
d8ec234e-7580-4c1b-8a26-6c4f1d290a57,Do It,Q‐Tip,b3c94036-6166-41d2-91a2-dc3a0b5fa188,"hip-hop, hip hop, alternative hip hop",Hip-Hop/Rap
c8c2ba06-db71-4347-950c-b7d2627bd2af,More Like an Orgy,R.B.L. Posse,b4b1b076-6bf4-480a-a937-12b2f7ef490a,"rap, gangsta rap",Hip-Hop/Rap
d2c7c867-2829-4813-9cf6-0cfdd74bd6f0,A Part of Survival,R.B.L. Posse,b4b1b076-6bf4-480a-a937-12b2f7ef490a,"rap, gangsta rap",Hip-Hop/Rap
876a9f98-35a0-4c1d-bc48-f0f50041f752,Remind Me,R.B.L. Posse,b4b1b076-6bf4-480a-a937-12b2f7ef490a,"rap, gangsta rap",Hip-Hop/Rap
1edb5c50-1ab6-4135-a51e-40ff5a900cb5,Bitches on the Ding Dong,R.B.L. Posse,b4b1b076-6bf4-480a-a937-12b2f7ef490a,"rap, gangsta rap",Hip-Hop/Rap
ed48f50e-6b16-4945-b316-30f65a7f3376,Ain’t No Joke,R.B.L. Posse,b4b1b076-6bf4-480a-a937-12b2f7ef490a,"rap, gangsta rap",Hip-Hop/Rap
ffbda5aa-86c4-42ac-91e9-ff9d64f6d394,A Lesson to Be Learned,R.B.L. Posse,b4b1b076-6bf4-480a-a937-12b2f7ef490a,"rap, gangsta rap",Hip-Hop/Rap
356affa7-afc9-4446-897f-552805d153dd,Outro,R.B.L. Posse,b4b1b076-6bf4-480a-a937-12b2f7ef490a,"rap, gangsta rap",Hip-Hop/Rap
eb6d84c2-f3dc-440a-b076-b00596de7195,An Eye for an Eye,RBL Posse,b4b1b076-6bf4-480a-a937-12b2f7ef490a,"rap, gangsta rap",Hip-Hop/Rap
69e8e675-1a47-4b9f-b380-bc7221dcd747,You Can't Hang,RBL Posse,b4b1b076-6bf4-480a-a937-12b2f7ef490a,"rap, gangsta rap",Hip-Hop/Rap
3b16f238-ade1-40a8-b758-c0027e560b12,The Induvidual,RBL Posse,b4b1b076-6bf4-480a-a937-12b2f7ef490a,"rap, gangsta rap",Hip-Hop/Rap
b0493f96-6de3-411b-92c2-d0bdbca95f9e,Gone Away,RBL Posse,b4b1b076-6bf4-480a-a937-12b2f7ef490a,"rap, gangsta rap",Hip-Hop/Rap
f2de9326-faa5-4a4f-9398-e7f9e7e0f33a,Strictly This Game,RBL Posse,b4b1b076-6bf4-480a-a937-12b2f7ef490a,"rap, gangsta rap",Hip-Hop/Rap
f4da3dec-9631-4fa6-bd6c-5986aff20a88,Concrete Jungle,RBL Posse,b4b1b076-6bf4-480a-a937-12b2f7ef490a,"rap, gangsta rap",Hip-Hop/Rap
62f6375e-6b6c-47f0-aabc-bdab410a9fee,Straight Lacin',RBL Posse,b4b1b076-6bf4-480a-a937-12b2f7ef490a,"rap, gangsta rap",Hip-Hop/Rap
62d2b882-c94e-4a1b-8d50-1681cf438cef,1 Time 4 the Homies,RBL Posse,b4b1b076-6bf4-480a-a937-12b2f7ef490a,"rap, gangsta rap",Hip-Hop/Rap
955ab955-dd87-462e-bbd7-8af3635d7514,Where You Playin' At,Rappin’ 4‐Tay,44223a23-a89a-4815-9eab-e36ce9d0ebae,"hip hop, gangsta rap",Hip-Hop/Rap
b24b2365-09e6-4407-96ab-6e0e95e862bd,A Lil’ Some’em Some’em,Rappin’ 4‐Tay,44223a23-a89a-4815-9eab-e36ce9d0ebae,"hip hop, gangsta rap",Hip-Hop/Rap
0b727c19-ab4a-4e86-91fa-ec9098d923a9,I'll Be Around (Wicked mix),Rappin’ 4‐Tay,44223a23-a89a-4815-9eab-e36ce9d0ebae,"hip hop, gangsta rap",Hip-Hop/Rap
bc85bb15-e6b3-4cbd-aef7-7c13734b55cc,Lay Ya Gunz Down,Rappin’ 4‐Tay,44223a23-a89a-4815-9eab-e36ce9d0ebae,"hip hop, gangsta rap",Hip-Hop/Rap
5449fb16-89f6-4db4-86ee-e6917181cbac,Check Ya Self,Rappin’ 4‐Tay,44223a23-a89a-4815-9eab-e36ce9d0ebae,"hip hop, gangsta rap",Hip-Hop/Rap
befaafa2-e3f7-48aa-b0e3-97c3421f9fe5,I Paid My Dues,Rappin’ 4‐Tay,44223a23-a89a-4815-9eab-e36ce9d0ebae,"hip hop, gangsta rap",Hip-Hop/Rap
256a691b-e1c9-419a-90ad-65463541f280,What Fo',Rappin’ 4‐Tay,44223a23-a89a-4815-9eab-e36ce9d0ebae,"hip hop, gangsta rap",Hip-Hop/Rap
b597700b-9340-4970-a03a-fcf84732fec7,No Rest,Roddy Ricch,5721c227-4caf-48b1-bbfc-1a4ed3276963,trap,Hip-Hop/Rap
cf913775-86e8-4689-b22a-99daaab2596d,Just Because,Roddy Ricch,5721c227-4caf-48b1-bbfc-1a4ed3276963,trap,Hip-Hop/Rap
f409e39f-ccc2-468e-b348-c09c2f1e5bd7,King Size,Roddy Ricch,5721c227-4caf-48b1-bbfc-1a4ed3276963,trap,Hip-Hop/Rap
9499e957-a1d4-4f88-8764-28032bb04380,Heavier,Roddy Ricch,5721c227-4caf-48b1-bbfc-1a4ed3276963,trap,Hip-Hop/Rap
9f0b8e82-443b-4143-8e75-0852bd43d853,Get Swept,Roddy Ricch,5721c227-4caf-48b1-bbfc-1a4ed3276963,trap,Hip-Hop/Rap
829d2165-dee1-4133-b337-c1b4faca700b,Belly of the Beast,Roddy Ricch,5721c227-4caf-48b1-bbfc-1a4ed3276963,trap,Hip-Hop/Rap
fc10d5ec-c385-4e29-87a9-1c8cacf76405,Body Snatcher,Scarface,7d0b6027-8132-4417-8c4c-ef0bbf9161c0,"rap, gangsta rap, hardcore rap, southern rap",Hip-Hop/Rap
f9ea7d4e-bb1f-48be-ace0-52cfa08ff3ae,Interlude,Scarface,7d0b6027-8132-4417-8c4c-ef0bbf9161c0,"rap, gangsta rap, hardcore rap, southern rap",Hip-Hop/Rap
85f194d7-b1ff-4e8f-aa31-dc90f5a07751,Girl You Know,Scarface,7d0b6027-8132-4417-8c4c-ef0bbf9161c0,"rap, gangsta rap, hardcore rap, southern rap",Hip-Hop/Rap
f73ab1c2-5c81-4224-ac35-39f1c51eda80,Intro,Scarface,7d0b6027-8132-4417-8c4c-ef0bbf9161c0,"rap, gangsta rap, hardcore rap, southern rap",Hip-Hop/Rap
1f87b289-68c9-44eb-bf1d-f539dfcb5c5b,My Block,Scarface,7d0b6027-8132-4417-8c4c-ef0bbf9161c0,"rap, gangsta rap, hardcore rap, southern rap",Hip-Hop/Rap
2408e2ff-69d0-4ceb-af06-732702f75bc0,The Fix,Scarface,7d0b6027-8132-4417-8c4c-ef0bbf9161c0,"rap, gangsta rap, hardcore rap, southern rap",Hip-Hop/Rap
72f90884-c849-49ec-92c5-d2ea099da31a,11‒09‒2000,Scarface,7d0b6027-8132-4417-8c4c-ef0bbf9161c0,"rap, gangsta rap, hardcore rap, southern rap",Hip-Hop/Rap
c31f6128-efb1-4d1c-b741-fab7cbfc2dfd,Never,Scarface,7d0b6027-8132-4417-8c4c-ef0bbf9161c0,"rap, gangsta rap, hardcore rap, southern rap",Hip-Hop/Rap
4dde8551-fa6e-4d67-8997-8e47608e80f5,Hole in the Bucket,Spearhead,e23eac42-f904-47da-8599-823ff431bea4,"rap, alternative rap, political rap",Hip-Hop/Rap
b0ac68d0-0aa4-4b24-b864-e95e9bca48f7,Piece O' Peace,Spearhead,e23eac42-f904-47da-8599-823ff431bea4,"rap, alternative rap, political rap",Hip-Hop/Rap
30b39e37-6eba-4e8b-82db-b725bde1339b,Red Beans & Rice,Spearhead,e23eac42-f904-47da-8599-823ff431bea4,"rap, alternative rap, political rap",Hip-Hop/Rap
b08f394b-4353-49ae-8b8d-c32312921f4d,Positive,Spearhead,e23eac42-f904-47da-8599-823ff431bea4,"rap, alternative rap, political rap",Hip-Hop/Rap
f6b96304-b99d-4d1e-bb1d-a0374eff7283,Dream Team,Spearhead,e23eac42-f904-47da-8599-823ff431bea4,"rap, alternative rap, political rap",Hip-Hop/Rap
3cb95e94-e595-4920-b958-20f746661fa6,Monster Jam,Special Ed,2868a742-f08e-425f-b240-10dcb7be905a,"hip-hop, hip hop",Hip-Hop/Rap
2ed19baf-470a-4129-9523-eac3d3452b0c,Hoedown,Special Ed,2868a742-f08e-425f-b240-10dcb7be905a,"hip-hop, hip hop",Hip-Hop/Rap
ea77bf77-9d56-48d4-871d-40c450accfac,Think About It,Special Ed,2868a742-f08e-425f-b240-10dcb7be905a,"hip-hop, hip hop",Hip-Hop/Rap
b66eef5c-5438-4b71-885f-fe715df12210,Heds and Dreds,Special Ed,2868a742-f08e-425f-b240-10dcb7be905a,"hip-hop, hip hop",Hip-Hop/Rap
8f80f358-5265-406f-8684-5134e46707ab,Club Scene,Special Ed,2868a742-f08e-425f-b240-10dcb7be905a,"hip-hop, hip hop",Hip-Hop/Rap
42329cec-58ea-4377-bb41-e976ca96a935,Fly M.C.,Special Ed,2868a742-f08e-425f-b240-10dcb7be905a,"hip-hop, hip hop",Hip-Hop/Rap
57ac4675-b3d7-4693-b08b-5bb3a06c2d86,I Got It Made (Businesslike version),Special Ed,2868a742-f08e-425f-b240-10dcb7be905a,"hip-hop, hip hop",Hip-Hop/Rap
0ba8e5fc-fd32-401e-99e9-ae3a407e714f,Kirk Jones Conscience II,Sticky Fingaz,dd10cfe1-ced1-49f1-92cf-ac33265dc274,"rap, gangsta rap",Hip-Hop/Rap
b838fb92-08df-404a-ad29-502cd852a27e,Cheatin’,Sticky Fingaz,dd10cfe1-ced1-49f1-92cf-ac33265dc274,"rap, gangsta rap",Hip-Hop/Rap
10b6ec63-db12-4416-9cd6-97896a1861a3,Not Die’n,Sticky Fingaz,dd10cfe1-ced1-49f1-92cf-ac33265dc274,"rap, gangsta rap",Hip-Hop/Rap
9009a9b7-5265-4d7a-a3fb-a18278ea5cfe,Wonderful World,Sticky Fingaz,dd10cfe1-ced1-49f1-92cf-ac33265dc274,"rap, gangsta rap",Hip-Hop/Rap
f881197c-6ad0-4fe5-bee8-0683147f2179,Kirk Jones Conscience,Sticky Fingaz,dd10cfe1-ced1-49f1-92cf-ac33265dc274,"rap, gangsta rap",Hip-Hop/Rap
4987c7f0-74d3-44ed-bf54-638edc7918e7,Intro,Sticky Fingaz,dd10cfe1-ced1-49f1-92cf-ac33265dc274,"rap, gangsta rap",Hip-Hop/Rap
e7bfd12f-a374-4928-a2ac-b86e8598400f,Come On,Sticky Fingaz,dd10cfe1-ced1-49f1-92cf-ac33265dc274,"rap, gangsta rap",Hip-Hop/Rap
a21f62a4-9f79-4a47-bcef-93519e83b3e0,Kirk Jones Conscience III,Sticky Fingaz,dd10cfe1-ced1-49f1-92cf-ac33265dc274,"rap, gangsta rap",Hip-Hop/Rap
75a80ea9-e67a-445a-a706-6978867d10af,Intro,Tech N9ne,dde3d9b1-0e44-48bc-b0c9-d739b3570000,"rap, underground rap, gangsta rap, hardcore rap",Hip-Hop/Rap
827d3de1-d162-40d3-8a52-e18fcf841b1c,Mind of a Killer,Tech N9ne,dde3d9b1-0e44-48bc-b0c9-d739b3570000,"rap, underground rap, hardcore rap",Hip-Hop/Rap
bde3ee5a-9a4f-4ff5-983a-fdda06eec0ad,Running Out of Time “ROOT”,Tech N9ne,dde3d9b1-0e44-48bc-b0c9-d739b3570000,"rap, underground rap, gangsta rap, hardcore rap",Hip-Hop/Rap
bf15c120-0651-41b8-bd58-f71774d9b8b8,Angry Caller (skit),Tech N9ne,dde3d9b1-0e44-48bc-b0c9-d739b3570000,"rap, underground rap, gangsta rap, alternative rap, hardcore rap",Hip-Hop/Rap
00bdeea9-f0e4-4b3e-a259-d2dec9af2af5,Signing Off (interlude),Tech N9ne,dde3d9b1-0e44-48bc-b0c9-d739b3570000,"rap, underground rap, gangsta rap, hardcore rap",Hip-Hop/Rap
ae620290-07ff-4230-9a08-fc454401d500,Intro,Tech N9ne,dde3d9b1-0e44-48bc-b0c9-d739b3570000,"rap, underground rap, gangsta rap, hardcore rap",Hip-Hop/Rap
e9abbaf7-99d8-49ae-b45e-b635e0565a78,Come Gangsta,Tech N9ne,dde3d9b1-0e44-48bc-b0c9-d739b3570000,"rap, underground rap, gangsta rap, hardcore rap",Hip-Hop/Rap
fd294f4a-e02c-4855-a585-799c23d55dd5,The Waitress,Tech N9ne,dde3d9b1-0e44-48bc-b0c9-d739b3570000,"rap, gangsta rap, hardcore rap",Hip-Hop/Rap
75ce86e0-5f60-4916-8e78-f1a23a71e945,Gunclaps,Three 6 Mafia,a8754ac4-a85e-4f48-a81f-eecd482570ef,"hip-hop, hip hop, southern hip hop",Hip-Hop/Rap
a90b0c65-313f-45f0-8b82-0338064c9e94,What’s Next (outro),Three 6 Mafia,a8754ac4-a85e-4f48-a81f-eecd482570ef,"rap, hardcore rap, southern rap",Hip-Hop/Rap
7c594118-e2da-4c0b-af31-e882989a2df1,Just Like Us,Three 6 Mafia,a8754ac4-a85e-4f48-a81f-eecd482570ef,"rap, hardcore rap, southern rap",Hip-Hop/Rap
47cdf191-20b7-492a-841d-55c3a7bf1f89,I Ain’t Cha Friend,Three 6 Mafia,a8754ac4-a85e-4f48-a81f-eecd482570ef,"hip-hop, hip hop, southern hip hop",Hip-Hop/Rap
cf6f7daf-0d4f-4157-b32b-3bbc5dd60377,3–6 in the Morning,Three 6 Mafia,a8754ac4-a85e-4f48-a81f-eecd482570ef,"hip-hop, hip hop, southern hip hop",Hip-Hop/Rap
34a6dbc2-6961-42b8-a705-769eaf0944ce,Tear da Club Up ’97,Three 6 Mafia,a8754ac4-a85e-4f48-a81f-eecd482570ef,"hip-hop, hip hop, southern hip hop",Hip-Hop/Rap
4f31dde6-073e-4453-901f-ec3ed2f77a94,Land of the Lost,Three 6 Mafia,a8754ac4-a85e-4f48-a81f-eecd482570ef,"hip-hop, hip hop, southern hip hop",Hip-Hop/Rap
67cf78fc-ecae-4416-adb2-e0db8e4da0fe,Watcha Do,Three 6 Mafia,a8754ac4-a85e-4f48-a81f-eecd482570ef,"hip-hop, hip hop, southern hip hop",Hip-Hop/Rap
1bf3b65f-bd90-4056-97e0-0ab187957f7c,Kontostand,Ufo361,80e8e55c-6e9b-470f-844b-48e618fb6e56,trap,Hip-Hop/Rap
c75fe756-d6a3-4297-b0cc-48650e98692c,Gewinn,Ufo361,80e8e55c-6e9b-470f-844b-48e618fb6e56,trap,Hip-Hop/Rap
acb01f16-0298-4fa9-b20b-1917cf9a2fcf,Tiffany,Ufo361,80e8e55c-6e9b-470f-844b-48e618fb6e56,trap,Hip-Hop/Rap
07bd4bc4-9118-4eba-ba47-fc43efa7ef77,Stay High 2.0,Ufo361,80e8e55c-6e9b-470f-844b-48e618fb6e56,trap,Hip-Hop/Rap
c208c891-0f3c-46bf-ac8e-35c5c2fd69e9,Ohne Mich,Ufo361,80e8e55c-6e9b-470f-844b-48e618fb6e56,trap,Hip-Hop/Rap
7efed779-dc17-4ca2-95c9-8fea5871d4de,Superstar,Ufo361,80e8e55c-6e9b-470f-844b-48e618fb6e56,trap,Hip-Hop/Rap
60630e15-c6be-402f-8a92-1d6a454efbca,Bow Down (remix),Westside Connection,f43dd62f-4fc7-4216-9220-be555f16d131,gangsta rap,Hip-Hop/Rap
8b0ed704-f2e6-46c7-b05f-fd30f140fb72,You Gotta Have Heart,Westside Connection,f43dd62f-4fc7-4216-9220-be555f16d131,gangsta rap,Hip-Hop/Rap
49e8988c-3e88-4b06-8bea-790ac1106e9b,Potential Victims,Westside Connection,f43dd62f-4fc7-4216-9220-be555f16d131,gangsta rap,Hip-Hop/Rap
3ebf981b-0f35-4e2a-8ec8-d01cf03b26aa,Call 9-1-1,Westside Connection,f43dd62f-4fc7-4216-9220-be555f16d131,gangsta rap,Hip-Hop/Rap
20d40f63-85a3-495c-897f-a1a241bc3896,Izm,Westside Connection,f43dd62f-4fc7-4216-9220-be555f16d131,gangsta rap,Hip-Hop/Rap
5ec6aabd-e505-40d0-a0fd-2b75e44b44b6,Bow Down (remix acappella),Westside Connection,f43dd62f-4fc7-4216-9220-be555f16d131,gangsta rap,Hip-Hop/Rap
2ed7e94d-99b9-4c19-bf56-6e9c1d30998b,Get Ignit,Westside Connection,f43dd62f-4fc7-4216-9220-be555f16d131,gangsta rap,Hip-Hop/Rap
e1b80611-69f8-432f-bda7-b59c6dc50f3f,Terrorist Threat,Westside Connection,f43dd62f-4fc7-4216-9220-be555f16d131,gangsta rap,Hip-Hop/Rap
86004911-30a6-4f42-8f14-0967d91a38c5,Play Your Cards,Yung Joc,1f83258f-ee16-4f3b-8570-e9ef3ad6973e,"hip-hop, hip hop, southern hip hop",Hip-Hop/Rap
d3b23dde-b6ba-44a2-9293-d04b94c68bc5,BYOB,Yung Joc,1f83258f-ee16-4f3b-8570-e9ef3ad6973e,"hip-hop, hip hop, southern hip hop",Hip-Hop/Rap
a4f9bd26-fa06-46cf-b8af-ff9c7cd0e9a0,Hustlenomics,Yung Joc,1f83258f-ee16-4f3b-8570-e9ef3ad6973e,"hip-hop, hip hop, southern hip hop",Hip-Hop/Rap
581d8fdb-8887-48cb-a3f2-69cb05a815e3,Pak Man,Yung Joc,1f83258f-ee16-4f3b-8570-e9ef3ad6973e,"hip-hop, hip hop, southern hip hop",Hip-Hop/Rap
04dbfeae-4064-41c5-830f-de5c221cc792,Hustlenomics (intro),Yung Joc,1f83258f-ee16-4f3b-8570-e9ef3ad6973e,"hip-hop, hip hop, southern hip hop",Hip-Hop/Rap
d4a59a5d-68a8-4aba-98d8-91220da3fe23,Hustlemania (skit),Yung Joc,1f83258f-ee16-4f3b-8570-e9ef3ad6973e,"hip-hop, hip hop, southern hip hop",Hip-Hop/Rap
1c0a307d-fbdf-48f5-9f84-54bbc24f2c22,You’ll Find a Way,dead prez,3b02795b-bd2c-4aac-8f6c-e581514cc2d8,"rap, underground rap, alternative rap, hardcore rap, southern rap",Hip-Hop/Rap
6ba06432-645d-4da0-9481-7c5bb0484d31,Psychology,dead prez,3b02795b-bd2c-4aac-8f6c-e581514cc2d8,"rap, underground rap, alternative rap, hardcore rap, southern rap",Hip-Hop/Rap
5e01a46b-154a-4240-a024-a7152279ef00,Happiness,dead prez,3b02795b-bd2c-4aac-8f6c-e581514cc2d8,"rap, underground rap, alternative rap, hardcore rap, southern rap",Hip-Hop/Rap
6b7f12db-628a-466d-98e8-cd46b4a8d229,We Want Freedom,dead prez,3b02795b-bd2c-4aac-8f6c-e581514cc2d8,"rap, underground rap, alternative rap, hardcore rap, southern rap",Hip-Hop/Rap
7990d9e3-bf67-47ad-b295-e935b14cf42a,Be Healthy,dead prez,3b02795b-bd2c-4aac-8f6c-e581514cc2d8,"rap, underground rap, alternative rap, hardcore rap, southern rap",Hip-Hop/Rap
4649ec97-4c59-4068-afdc-a6edccbb6cf3,Behind Enemy Lines,dead prez,3b02795b-bd2c-4aac-8f6c-e581514cc2d8,"rap, underground rap, alternative rap, hardcore rap, southern rap",Hip-Hop/Rap
7da7aa6a-8e3a-4f9a-a481-93cd37360dce,I’m a African,dead prez,3b02795b-bd2c-4aac-8f6c-e581514cc2d8,"rap, underground rap, alternative rap, hardcore rap, southern rap",Hip-Hop/Rap
b0fb3d53-86e1-407d-8cf0-1e1518fdf028,Wolves,dead prez,3b02795b-bd2c-4aac-8f6c-e581514cc2d8,"rap, underground rap, alternative rap, hardcore rap, southern rap",Hip-Hop/Rap
