recording_id,song_title,artist,artist_id,musicbrainz_tags,target_genre,lrclib_artist,lrclib_title,lyrics,lyrics_found,language
86875957-15df-4f55-a730-71229fc3f9a6,Holy Water,Big & Rich,9c76170f-0d77-4aa3-b3c9-52f1ce07b9ec,"country, alternative country, contemporary country, country-pop, modern country",Country,Big & Rich,Holy Water,"Somewhere there's a stolen halo
I used to watch her wear it well
Everything would shine
Wherever she would go
But lookin' at her now, you'd never tell

Someone ran away with her innocence
A memory she can't get out of her head
And I can only imagine what she's feelin' when she's prayin'
Kneelin' at the edge of her bed

And she says take me away
Then take me farther
Surround me now
And hold, hold, hold me
Like Holy Water
Holy Water

She wants someone to call her angel
Someone to put the light back in her eyes
She's lookin' through the faces and unfamiliar places
She needs someone to hear her when she cries

When she says take me away
Then take me farther
Surround me now
And hold, hold, hold me
Like Holy Water
She just needs a little help
To wash away the pain she's felt

She wants to feel the healin' hands
Of someone who understands
And she says take me away
Then take me farther

Surround me now
And hold, hold, hold me
She says take me away
Then take me farther
Surround me now
And hold, hold, hold me
Like Holy Water
Like Holy Water
Like Holy Water
Like Holy Water",True,en
9e4710b0-42d7-42d1-8cd7-6a6697f30c35,Intro,Big & Rich,9c76170f-0d77-4aa3-b3c9-52f1ce07b9ec,"country, country pop, contemporary country, country-pop",Country,Big & Rich,Intro,"""Intro""
Big & Rich

Because our task at the present moment is the task of understanding one another so thoroughly,
That there will be only one cause,
Only one purpose",True,en
d5d2433c-a754-4e5e-9882-a2b9d91eabbc,High Five,Big & Rich,9c76170f-0d77-4aa3-b3c9-52f1ce07b9ec,"country, country rock, country pop, contemporary country, country-pop",Country,Big & Rich,High Five,"Run and I will run with you
Faster than light can move
And as far as you want to
Wings, maybe we don't have wings
But we can do anything, anything

Look at me, I'm dreaming
I just gave the moon a high five
Don't you know that freedom
Freedom is a place in your mind

Laugh, I'll laugh and cry with you
Until the grass turns blue
And the sky, bright green
'Cause I, I don't want anything
Less than everything here with you

Look at me, I'm dreaming
I just gave the moon a high five
Don't you know that freedom
Freedom is a place in your mind

And if we let go
(If we let go)
Maybe we'll rise
(Maybe we'll rise)

Up to the clouds
(Up to the clouds)
And find a new high

Baby, let go, baby, let go
Baby, let go
(Baby, let go)

Look at me, I'm dreaming
I just gave the moon a high five",True,en
77c25bd8-e39b-43f1-9b2f-32eff73cee63,You Never Stop Loving Somebody,Big & Rich,9c76170f-0d77-4aa3-b3c9-52f1ce07b9ec,"country, country pop, alternative country, contemporary country, country-pop",Country,Big & Rich,You Never Stop Loving Somebody,"It's complicated, when love has faded
And you can't hold on anymore
You gotta let go even though you know
Your heart's gonna hate it
And it just might break it

[Chorus:]
You never stop loving somebody
No matter what you tell yourself
You never stop loving somebody
You just, start loving somebody else

The only solution, is making the conclusion
That it's just another lesson in life
Even though it's over,
It's never really over at goodbye
No matter how hard you try

[Chorus:]
You never stop loving somebody
No matter what you tell yourself
You never stop loving somebody
You just, start loving somebody else

No matter what you say or what you do
Even when you find somebody new

[Chorus:]
You never stop loving somebody
No matter what you tell yourself
You never stop loving somebody
You just, start loving somebody else

Start loving somebody else...",True,en
4db3591e-f500-457b-8a25-f91abefdb575,Love Train,Big & Rich,9c76170f-0d77-4aa3-b3c9-52f1ce07b9ec,"country, alternative country, contemporary country, country-pop",Country,Big & Rich,Love Train,"I see people gettin' mad on CNN
Who's right? Democrats or Republicans
I don't care, who's right or wrong
I know a way, we can all get along

Let's take a ride
Let's take a ride on the love train
Unwind, we'll be chuga luggin' all the way
Let's roll, like a stone playin' all day, hey
Let's take a ride
Let's take a ride on the love train, yea yea yea

The whole color thing's never made sense to me
Who gives a hoot, if you're red, yellow, purple or pink?
We're all mixed up anyway
We might as well give each other a brake

And take a ride
Let's take a ride on the love train
Unwind, we'll be chuga luggin' all the way
Let's roll, like the stone playin all day, hey
Let's take a ride
Let's take a ride on the love train, yea yea yea yea

So let's forget about the hatin'
And the way the bulls are playin'
Without Jordan on the team
And the high price of gasoline
And if your livin' in a bubble
Then I guess you got no troubles
But if your anything like me
Well then I bet you really need

To take a ride
Let's take a ride on the love train
Unwind, we'll be chuga luggin' all the way
Let's roll, like the stone playin' all day, hey
Let's take a ride
Let's take a ride on the love train
Let's take a ride on the love train
Let's take a ride on the love train, yea yea yea",True,en
e5f47270-4195-4c42-92b7-2d2f5e58226e,Count Me In,Deana Carter,49d04262-6389-4f51-829e-d8fd1b8b80fa,"country, alternative country, contemporary country, country-pop, country-folk",Country,Deana Carter,Count Me In,"Could there be a different ending
To the same old story
Cause you're not the first to say
You're gonna be there for me
I need to know what's in your heart
Can you finish what you start
How can I be sure I won't be sorry

If heartaches and tears and shadows of doubt
Are part of the deal, you can count me out
But if you're talking about a game I can win
You can count me in

When you tell me you're the one
I've always needed
You don't know how much I'm wanting
To believe it
But I've heard it all before
Now I'm needing something more
A promise is no good if you can't keep it

If heartaches and tears and shadows of doubt
Are part of the deal, you can count me out
But if you're talking about a game I can win
You can count me in

If heartaches and tears and shadows of doubt
Are part of the deal, you can count me out
But if you're talking about a game I can win
You can count me in

You can count me in",True,en
d96af577-a123-4f06-9e17-8f4c791a55dc,Did I Shave My Legs for This?,Deana Carter,49d04262-6389-4f51-829e-d8fd1b8b80fa,"country, country pop, contemporary country, country-pop, country-folk",Country,Deana Carter,Did I Shave My Legs For This?,"Flowers and wine
Is what I thought I would find
When I came home from workin' tonight.
Well, now here I stand
Over this fryin' pan
And you want a cold one again.

I bought these new heels'
Did my nails, had my hair done just right.
I thought this new dress was a sure bet
For romance tonight.
Well it's perfectly clear
Between the TV and beer
I won't get so much as a kiss.
As I head for the door
I turn around to be sure

Did I shave my legs for this?

Now when we first met
You promised we'd get
A house on the hill with a pool.

Well, this trailer stays wet
And we're swimming in debt.

Now you want me to go back to school.
I bought these new heels
Did my nails, had my hair done just right.
I thought this new dress was a sure bet
For romance tonight.
Well it's perfectly clear
Between the TV and beer
I won't get so much as a kiss.
As I head for the door
I turn around to be sure
Did I shave my legs for this?
Darling, did I shave my legs for this?",True,en
5da109a7-290a-47f8-b938-3bd8b004e7bb,We Danced Anyway,Deana Carter,49d04262-6389-4f51-829e-d8fd1b8b80fa,"country, country pop, contemporary country, country-pop, country-folk, modern country",Country,Deana Carter,We Danced Anyway,"The summer air was heavy and sweet
You and I on a crowded street

I can see us there
In a happy little foreign town
Where the stars hung upside down

Far, far away

I remember you were laughing

We were so in love

And the band played
Songs that we had never heard
But we danced anyway
We never understood the words
We just sang oh
La la la la la la la la
And we danced anyway

Well they say you can't go back
But baby I don't believe that

Come on and dance with me
Well maybe if I hold you close
Baby we could just let go

We'll come back around

You remember we were laughing

So in love

And the band played
Songs that we had never heard
But we danced anyway
We never understood the words
We just sang oh
La la la la la la la la
And we danced anyway

Instrumental

You remember we were laughing
We were so in love
We were so in love
And the band played songs that we had never heard
But we danced anyway
Never understood the words
We just sang oh
La la la la la la la la
La la la la oh ohhhhh
Ohhhh ohhhh
And we danced anyway
(Ohh we were dancing ohh)
Ooohhhhhh
We danced anyway
(Ohh we were dancing ohh)",True,en
61187d8a-2c0e-46c4-8877-b2d136e0325e,That’s How You Know It’s Love,Deana Carter,49d04262-6389-4f51-829e-d8fd1b8b80fa,"country, alternative country, contemporary country, country-pop, country-folk, modern country",Country,Deana Carter,That's How You Know It's Love,"If you get out in the drivin' rain
Stand in the eye of a hurricane
And never think twice

If you turn your back on selfishness
And your thoughts are for someone else
'Cause they changed your life

That's how you know it's love
That's how you know it's meant to be
When the span of forever
Just never seems long enough
That's how you know it's love

When your heart insists that you give it all
When you no longer fear the fall
And you just let go

When the past is finally dead and gone
Fate leads you somewhere to the one
That has your soul

That's how you know it's love
That's how you know it's meant to be
When the span of forever
Just never seems long enough
That's how you know it's love

No part of you questions, no part of you doubts
You're only sure this is what love's about
Nothin' and no one can stand in your way
Or keep you from sayin' what your heart is dyin' to say

That's how you know it's love
That's how you know it's meant to be
When the span of forever
Just never seems long enough
That's how you know it's love

That's how you know it's love
That's how you know it's meant to be
That's how you know it's love
That's how you know it's love",True,en
02ccd93f-8bc4-45b9-87af-f950574f7f11,To the Other Side,Deana Carter,49d04262-6389-4f51-829e-d8fd1b8b80fa,"country, country rock, alternative country, contemporary country, country-pop, country-folk",Country,Deana Carter,To The Other Side,"Every day, seems I turned another page
And it feels like the heartache fades a little more away
I look in the mirror and I like what I see
Hey, you didn't take that much, baby, out of me

Something proud and something strong
Fills the absence of a memory that's dead and gone

I do believe I'm crossing over
I feel that weight come off my shoulder
I close my eyes, and I drift closer
To the other side
And, Lord, I swear I'm crossing over
I found the strength to let you go
And the thought of you is getting colder
And further from my mind
And I think I've crossed that line
To the other side

Lately, I find when I'm walking through town
I don't have to turn away, I don't have to look down
If I should see you with somebody new
Well, I might get sentimental, but I'll make it through

Something real and something right
Puts the shadow of a doubt in a different light

I do believe I'm crossing over
I feel that weight come off my shoulder
I close my eyes and I drift closer
To the other side
And, Lord, I swear I'm crossing over
I found the strength to let you go
And the thought of you is getting colder
And further from my mind
And I think I've crossed that line
To the other side

Something real and something right
Puts the shadow of a doubt in a different light

I do believe I'm crossing over
I feel that weight come off my shoulder
I close my eyes and I drift closer
To the other side
And, Lord, I swear I'm crossing over
I found the strength to let you go
And the thought of you is getting colder
And further from my mind
And I think I've crossed that line
(To the other side)

I do believe I'm crossing over
I feel that weight come off my shoulder
I close my eyes and I drift closer
To the other side (to the other side)
And, Lord, I swear I'm crossing over
I found the strength to let you go
And the thought of you is getting colder",True,en
a190b6c2-cc2f-4c3c-9328-8144c49b269b,Standing Outside the Fire,Garth Brooks,b76645c5-78b0-4e4c-8f95-003f40013a45,"country, traditional country, contemporary country, classic country, modern country",Country,Garth Brooks,Standing Outside the Fire,"We call them cool
Those hearts that have no scars to show
The ones that never do let go
And risk the tables being turned

We call them fools
Who have to dance within the flame
Who chance the sorrow and the shame
That always comes with getting burned

But you've got to be tough when consumed by desire
'Cause it's not enough just to stand outside the fire, yeah

We call them strong
Those who can face this world alone
Who seem to get by on their own
Those who will never take the fall

We call them weak
Who are unable to resist
The slightest chance love might exist
And for that forsake it all

They're so hell-bent on giving, walking a wire
Convinced it's not living if you stand outside the fire

Standing outside the fire
Standing outside the fire
Life is not tried, it is merely survived
If you're standing outside the fire

There's this love and is burning, deep in my soul
Constantly yearning to get out of control
Wanting to fly higher and higher
I can't abide standing outside the fire

Standing outside the fire
Standing outside the fire
Life is not tried, it is merely survived
If you're standing outside the fire

Standing outside the fire
Standing outside the fire
Life is not tried, it is merely survived
If you're standing outside the fire",True,en
47d643c0-44e4-44c2-8e8d-45201e4cb370,The Red Strokes,Garth Brooks,b76645c5-78b0-4e4c-8f95-003f40013a45,"country, country pop, contemporary country, classic country, modern country",Country,Garth Brooks,The Red Strokes,"Moonlight on canvas, midnight and wine
Two shadows starting to softly combine
The picture they're painting
Is one of the heart
And to those who have seen it
It's a true work of art
Oh, the red strokes
Passions uncaged
Thundering moments of tenderness rage
Oh, the red strokes
Tempered and strong
Burning the night like the dawn

Steam on the window, salt in a kiss
Two hearts have never pounded like this
Inspired by a vision
That they can't command
Erasing the borders

With each brush of a hand
Oh, the red strokes
Passions uncaged
Thundering moments of tenderness rage
Oh, the red strokes
Tempered and strong
Burning the night like the dawn

Oh, the blues will be blue and the jealousies green
But when love picks its shade it demands to be seen

Oh, the red strokes
Passions uncaged
Thundering moments of tenderness rage
Oh, the red strokes
Fearlessly drawn
Burning the night like the dawn
Oh, the red strokes
Passions uncaged
Thundering moments of tenderness rage
Oh, the red strokes
Fearlessly drawn
Burning the night like the dawn

Steam on the window, salt in a kiss

Two hearts have never pounded like this
",True,en
29e1c09f-fbef-4997-906f-63372ab04a06,Much Too Young (To Feel This Damn Old),Garth Brooks,b76645c5-78b0-4e4c-8f95-003f40013a45,"country, traditional country, contemporary country, classic country",Country,Garth Brooks,Much Too Young (To Feel This Damn Old),"This old highway's getting longer
Seems there ain't no end in sight
To sleep would be best, but I just can't afford to rest
I've got to ride in Denver tomorrow night

I called the house, but no one answered
For the last two weeks, no one's been home
I guess she's through with me, to tell the truth, I just can't see
What's kept the woman holding on this long

And the white line's getting longer and the saddle's getting cold
And I'm much too young to feel this damn old
All my cards are on the table with no ace left in the hole
And I'm much too young to feel this damn old

The competition's getting younger
Tougher broncs, you know, I can't recall
A worn out tape of Chris LeDoux, lonely women and bad booze
Seem to be the only friends I've left at all

And the white line's getting longer and the saddle's getting cold
And I'm much too young to feel this damn old
All my cards are on the table with no ace left in the hole
And I'm much too young to feel this damn old

Lord, I'm much too young to feel this damn old",True,en
0c2b1475-8cc9-47b3-957e-5bf9e46f7046,Papa Loved Mama,Garth Brooks,b76645c5-78b0-4e4c-8f95-003f40013a45,"country, country rock, traditional country, contemporary country, classic country",Country,Garth Brooks,Papa Loved Mama,"Papa drove a truck nearly all his life
You know it drove mama crazy being a trucker's wife
The part she couldn't handle was the being alone
I guess she needed more to hold than just a telephone
Papa called Mama each and every night
Just to ask her how she was and if us kids were alright
Mama would wait for that call to come in
When Daddy'd hang up she was gone again
Mama was a looker
Lord, how she shined
Papa was a good'n
But the jealous kind
Papa loved Mama
Mama loved men
Mama's in the graveyard
Papa's in the pen
Well it was bound to happen and one night it did
Papa came home and it was just us kids
He had a dozen roses and a bottle of wine
If he was lookin' to surprise us he was doin' fine
I heard him cry for Mama up and down the hall
Then I heard a bottle break against the bedroom wall
That old diesel engine made an eerie sound
When Papa fired it up and headed into town
Well the picture in the paper showed the scene real well
Papa's rig was buried in the local motel
The desk clerk said he saw it all real clear
He never hit the brakes and he was shifting gears
Mama was a looker
Lord, how she shined
Papa was a good'n
But the jealous kind
Papa loved Mama
Mama loved men
Mama's in the graveyard
Papa's in the pen",True,en
16ec0cd5-a0aa-42a8-a8c9-c395f2a5d882,Anonymous,Garth Brooks,b76645c5-78b0-4e4c-8f95-003f40013a45,contemporary country,Country,Garth Brooks,Anonymous,"I wrote our names a thousand times
Just to see yours sitting next to mine
And sent you flowers cards unsigned...anonymous

In days to come like days that passed
My heart beats for you, always has
Though you know me only as...anonymous

In dreams at night I carry your books for you
And when I rise a flame for you
Always too shy to carry the whole thing through

Like the light from that eternal flame
Burns for one without a name
My love forever will remain...anonymous

Oh you'll always wonder who it was
Who it was
It was just...anonymous

I wrote our names a thousand times
Just to see yours sitting next to mine
And I sent you flowers card unsigned
",True,en
2525c8bd-b595-485b-9354-1d932523b444,Outlaw Women,"Hank Williams, Jr.",1d8010a0-b642-4c8f-9c8d-8dc66b7bb81a,"rock, country, country rock, outlaw country, classic country",Country,Hank Williams Jr.,Outlaw Women,"She works in a bank and she works in a store
And she don't go for that old stuff anymore
She likes to get high and listen to the band
She likes to make love to her kind of man

These outlaw women, first of their kind
Outlaw women, they got you right on time
Outlaw women don't need any guns
Outlaw women, just out of fun

In many ways, she's a lot like me
She don't give a damn 'bout society
Might be little rich girl, she might be poor
Might be a married woman that needs a little more

Yeah, she's a outlaw woman, first of the kind
These outlaw women, ridin' high in 79
These outlaw women don't need any guns
These outlaw women just out of fun

Some call her lady
Some call her other names
But you won't ever call her that around me and my gang",True,en
308f34c9-28ba-4674-b075-af9d32704c44,Who's Taking Care of Number One,"Hank Williams, Jr.",1d8010a0-b642-4c8f-9c8d-8dc66b7bb81a,"country, alternative country",Country,"Hank Williams, Jr.",Who's Taking Care of Number One,"I want to dedicate this song to every working man and woman in this country and everyone that's trying to run a business and constantly punished, taxed and regulated by the federal government
I'm gonna call up a talk show I'm gonna give 'em a piece
I don't give a damn about Iran or the Middle East
Cause they been fightin' for about 2, 000 years you see
And we send billions to Mexico and Zimbabwe
Well I think it's time for America to watch her own store
So here is my question to everyone
Who is taking care of number one yeah
New Hampshire got it right live free or die
Don't tread on us and tell us how to run our life
Don't matter where you go everyone would like to know
Can Washington DC mind the store
Is there a soul still down on the farm

And who is taking care of number one
Our glorious leader just got back from China and Japan
Where he gave away our job put us down and sold out our plan
Well people here at home are tired of failed programs and loans
I believe they're ready to change all this stuff that's going on
Yeah it's time for American's to mind their own store
And here is my question for everyone
Who is taking care of number one
New Hampshire got it right live free or die
Don't tread on us and try to run our life
No it don't matter where you go everybody would like to know
Can Washington DC run a store no
Is there a soul still down on the farm
And who is taking care of number one",True,en
88df7936-f91d-4086-90e7-f5b8b7ea70a6,We Don't Apologize for America,"Hank Williams, Jr.",1d8010a0-b642-4c8f-9c8d-8dc66b7bb81a,"country, alternative country",Country,Hank Williams Jr.,We Don't Apologize For America,"No nation's lost more men than Uncle Sam
From the fields of France to Ewo Afghanistan
No, freedom isn't free
Neither is liberty
It ain't the protesters and politicians
It's the nineteen year-olds on dangerous missions

Hey we don't apologize for America
That old V-F-W, that is sacred ground
And we like to sing along on that good old haggard song
When you're runnin' down our country halls
You're walkin' on the fightin' side of me

So get behind the stars and stripes
Or just get the hell out and quit your riot
So you've got a long list of things that you don't like
Well please do us a favor, all you America haters
Why don't you move to Mexico tonight?

No, we don't apologize for America
Walter Reed, that is sacred ground
And we're gonna sing along on that good ole Meryl song
When you're runnin' down our country halls
You're walkin' on the fightin' side of me

Hey, Obama, one more time

When you're runnin' down our country men
You're walkin' on the fightin' side of me",True,en
3b9360a7-3537-49da-a58b-332d0b421c0f,All My Rowdy Friends Are Coming Over Tonight,"Hank Williams, Jr.",1d8010a0-b642-4c8f-9c8d-8dc66b7bb81a,contemporary country,Country,"Hank Williams, Jr.",All My Rowdy Friends Are Coming Over Tonight,"I got ketchup on my blue jeans, I just burnt my hand
Lord, it's hard to be a bachelor man
I got girls that can cook, I got girls that can clean
I got girls that can do anything in between

I got to get ready, make everything right
'Cause all my rowdy friends are comin' over tonight

Do you wanna drink, hey do you wanna party?
Hey honey, this is old Hank, ready to get the thing started
We cooked the pig in the ground, got some beer on ice
And all my rowdy friends are comin' over tonight

Now my party pad is out in the woods
It's a long, long way from here to Hollywood
But I got some natural queens out on the floor
And old Miss Mississippi just walked through the door

Got a little wirlpool just made for ten
And you can jump out and you can jump in
You can do anything that you want to do
But uh-uh, don't you step on my cowboy boots

Do you wanna drink, hey do you wanna party?
Hey, this is old Hank, ready to get your summer started
I cooked a pig in the ground, we got some beer on ice
And all my rowdy friends are coming over tonight

Do you wanna drink, hey do you wanna party?
Hey, hey this is rock and Randall Hank, ready to get the summertime started
We cooked the pig in the ground, we got some beer on ice
All my rowdy friends are comin' over tonight

That's right, come on in",True,en
f510f027-2c11-4242-9f9b-d7e62fece5ed,In the Arms of Cocaine,"Hank Williams, Jr.",1d8010a0-b642-4c8f-9c8d-8dc66b7bb81a,"country, country rock, southern rock, outlaw country, honky tonk, classic country",Country,"Hank Williams, Jr.",In The Arms Of Cocaine,"Some ladies love diamonds
Fast cars and freedom
Trips to the island
Castles in Spain

Las Vegas card sharks
Blues men that blow French harps
But no strings to her heart
Just the arms of cocaine

Yeah, she likes to run
With us high riding cowboys
She says she feels a whole lot
More at home on the range

She can handle her feelings
In most all situations
But she just cannot handle
The arms of cocaine

Hey, I'm just a rhymer
Writing down new phrases
Looking for ladies
Who know I'm subject to change

Content to believing
The songs I am singing
Help her find her feelings
Help her break the chains of cocaine

Oh, my lady is special
She? s into my kind of music
She likes Jim Beam and water
Instead of champagne

I like Levi's and leathers
Making love together
No more stormy weather
Since she broke the chains of cocaine

No more stormy weather
Since she broke the chains of cocaine",True,en
3a429526-36e0-4646-a2d8-a49f679fb6df,Flesh and Blood,Johnny Cash,d43d12a1-2dc9-4257-a2fd-0a3bb1081b86,outlaw country,Country,Johnny Cash; Johnny Cash,Flesh And Blood,"Beside a Singin' Mountain Stream
Where the Willow grew

Where the Silver Leaf of Maple
Sparkled in the Mornin' Dew
I braided Twigs of Willows
Made a String of Buckeye Beads;
But Flesh And Blood need Flesh And Blood
And you're the one I need
Flesh And Blood need Flesh And Blood
And you're the one I need.

I leaned against a Bark of Birch
And I breathed the Honey Dew
I saw a North-bound Flock of Geese
Against a Sky of Baby Blue
Beside the Lily Pads
I carved a Whistle from a Reed;
Mother Nature's quite a Lady
But you're the one I need
Flesh And Blood need Flesh And Blood
And you're the one I need.

A Cardinal sang just for me
And I thanked him for the Song
Then the Sun went slowly down the West
And I had to move along
These were some of the things
On which my Mind and Spirit feed;
But Flesh And Blood need Flesh And Blood
And you're the one I need
Flesh And Blood need Flesh And Blood
And you're the one I need.

So when this Day was ended
I was still not satisfied
For I knew ev'rything I touched
Would wither and would die
And Love is all that will remain
And grow from all these Seed;

Mother Nature's quite a Lady
But you're the one I need
Flesh And Blood need Flesh And Blood
And you're the one I need.",True,en
5440f3b3-e2be-4d87-aaac-cd5f114ab0a7,Ballad of the Ark,Johnny Cash,d43d12a1-2dc9-4257-a2fd-0a3bb1081b86,"country, alternative country, outlaw country, traditional country, country-pop",Country,Johnny Cash,Ballad of the Ark,"Well,I tell you a story about a good man
Who had many a problem before he reached dry land
It ain't easy for a good man to go down
No,it ain't easy for a good man to go down
On the earth there was trouble, sorrow,and pain
So the Lord said to Noah I'm gonna make it rain
It ain't easy for a good man to go down
No it ain't easy for a good man to go down
Noah gathered his sons and the ark it was raised
Two by two came the animals that they might be saved
It ain't easy for a good man to go down
No it ain't easy for a good man to go down

Well, it rained forty days and it rained forty nights
All the earth it was covered the mountains out of sight
It ain't easy for a good man to go down
No it ain't easy for a good man to go down

When the waters receded and the earth it was dry
The Lord said to Noah go forth and multiply
It ain't easy for a good man to go down
No it ain't easy for a good man to go down

Yes, the Lord made a rainbow way up in the sky
He promised no flood would ever murder you and die
It ain't easy for a good man to go down
No it ain't easy for a good man to go down",True,en
ba540cbf-1ad2-4a23-b4fb-41999fe041f5,Country Trash,Johnny Cash,d43d12a1-2dc9-4257-a2fd-0a3bb1081b86,"country, country pop, alternative country, traditional country, classic country, country-pop",Country,Johnny Cash,Country Trash,"I got a crib full of corn, and a turnin' plow
But the ground's too wet for the hopper now
Got a cultivator and a double tree
A leather line for the haw and gee
Let the thunder roll and the lighting flash
I'm doing alright for country trash

I'm saving up dimes for a rainy day
I got about a dollar laid away
The winds from the south and the fishing's good
Got a pot belly stove and a cord of wood
Mama turns the left-overs into hash
I'm doing alright for country trash

I got a mackinaw and a hunting dog
A cap that I ordered from the catalog
A big tall tree that shapes the yard
A big fat sow for the winters lard
Let the thunder roll and the lighting flash
I'm doing alright for country trash

Well, there's not much new ground left to plow
And crops need fertilizer now
My hands don't earn me too much gold
For security when I grow old
But we'll all be equal under the grass
And God's got a heaven for a country trash
God's got a heaven for a country trash
I'll be doing alright for country trash",True,en
a03620d6-b21b-4da9-910b-3360191f1216,God Will,Johnny Cash,d43d12a1-2dc9-4257-a2fd-0a3bb1081b86,"country, gospel, outlaw country, traditional country, classic country, country gospel",Country,Johnny Cash,God Will,"God will walk with me down the streets where no one else will walk
God will talk with me of things that no one else will talk
When no one else will walk and no one else will talk
When no one will, God will

God will share with me the little worries no one knows are there
God will care for me whenever there is no one else to care
When no one will be there and no one else will share
When no one will, God will

God will think of me when friends forget and fail to understand
God will strengthen me when I am weak and need a helping hand
When no one understands or lends a helping hand
When no one will, God will
When no one will, God will",True,en
e5754517-4ce2-4a94-b0c7-71a3c66ceb8e,Pie in the Sky,Johnny Cash,d43d12a1-2dc9-4257-a2fd-0a3bb1081b86,"rockabilly, country, outlaw country, traditional country, classic country, country-pop, rock & roll",Country,Johnny Cash,Pie in the Sky,"From the day of your birth
It's bread and water here on earth
To a child of light
To a child of light

But there'll be pie in the sky
By and by when I die
And it'll be alright, it'll be alright

There'll be pie in the sky
By and by when I die
And it'll be alright (it'll be alright)
It'll be alright

Sometimes I doubt in fear
That I've really gained salvation here
For it's out of sight
For it's out of sight

But there'll be pie in the sky
By and by when I die
And it'll be alright (it'll be alright)
It'll be alright

He said if I do His will
There's a promise He'd fulfill
And He's gone now to prepare
Me a mansion out there

And there'll be pie in the sky
By and by when I die
And it'll be alright (it'll be alright)
It'll be alright

There'll be pie in the sky
By and by when I die
And it'll be alright (it'll be alright)
It'll be alright

There'll be pie in the sky
By and by when I die
And it'll be alright (it'll be alright)
It'll be alright

There'll be pie in the sky",True,en
10a23090-7411-49fe-9ded-f7292054d030,Long Black Train,Josh Turner,3c418647-3aa0-4f0b-b043-306f47855f52,contemporary country,Country,Josh Turner,Long Black Train,"There's a long black train comin' down the line
Feedin' off the souls that are lost and cryin'
Rails of sin only evil remains
Watch out brother for that long black train
Look to the heavens you can look to the sky
You can find redemption starin' back into your eyes
There is protection and there's peace the same
Burnin' your ticket for that long black train
'Cause there's vict'ry in the Lord I say
Vict'ry in the Lord
Cling to the Father and his holy name
And don't go ridin' on that long black train
There's an engineer on that long black train
Makin' you wonder if the ride is worth the pain
He's just a waitin' on your heart to say
Let me ride on that long black train
'Cause there's vict'ry in the Lord I say
Vict'ry in the Lord
Cling to the Father and his holy name
And don't go ridin' on that long black train
Well I can hear the whistle from a mile away
It sounds so good but I must stay away
That train is a beauty makin' everybody stare
But its only destination is the middle of nowhere
'Cause there's vict'ry in the Lord I say
Vict'ry in the Lord
Cling to the Father and his holy name
And don't go ridin' on that long black train
I said cling to the Father and his holy name
And don't go ridin' on that long black train
Ya watch out brother for that long black train
That devil's a drivin' that long black train",True,en
f4a8e8af-fe50-457f-b3b9-ed50f037b242,Whatcha Reckon,Josh Turner,3c418647-3aa0-4f0b-b043-306f47855f52,contemporary country,Country,Josh Turner,Whatcha Reckon,"Ever since you caught my eye I can't get you off my mind
Girl, the way you move is driving me crazy
I don't mean to come on strong but I don't wanna wait too long
All I wanna do is make you my baby

Whatcha reckon me take off early today?
Go and take a little ride in my Chevrolet
That a road we ain't been down before
See where it goes

Whatcha reckon we lay it all on the line?
Take a chance and say what's on our mind
Girl, won't you let me hold you tight?
Whatcha reckon we fall in love tonight?

Thought you was good for my heart and I knew it right from the start
I've never felt a feeling like this before
Ain't no sin in taking it slow, we can take our time when we get old
We can start right now with you and me walking out the door

Whatcha reckon me take off early today?
Go and take a little ride in my Chevrolet
That a road we ain't been down before
See where it goes

Whatcha reckon we lay it all on the line?
Take a chance and say what's on our mind
Girl, won't you let me hold you tight?
Whatcha reckon we fall in love tonight?

Hey whatcha reckon we lay it all on the line?
Take a chance and say what's on our mind
Girl, won't you let me hold you tight?
Whatcha reckon we fall in love tonight?

Girl, won't you let me hold you tight?
Whatcha reckon we fall in love tonight?",True,en
78d729f8-291a-48af-9ccc-fc9d4194723e,I Was There,Josh Turner,3c418647-3aa0-4f0b-b043-306f47855f52,contemporary country,Country,Josh Turner,I Was There,"I was there that night in Bethlehem
And when Neil and the boys came to the moon in that tin can
At Gettysburg, Omaha beach, in Vietnam
I heard every soldier's cry and mom's prayer
I was there

I was there when you took your first breath
And when you lit that stolen Lucky Strike and like the choke to death
When you were waist deep in Carter's Creek
And preacher John dunked you down in the water and raised you up for air
I was there

I'm always around
I was then and I am now
And I'll be here when tomorrow comes
When a road comes to an end
I'm where you start again
I'm never farther than a word away
You've always got a friend

When your grandma passed, I was in that house
And when your grandpa ran down the street to go to show her around
I was there

I'm always around
I was then and I am now
And I'll be here when tomorrow comes
When a road comes to an end
I'm where you start again
I'm never farther than a word away
You've always got a friend

I was there last night on highway 9
When you answered the phone and ran right through that stop sign
I was in the cab, in that bigger rig, in that trucker's ear
They then swerve to the right and miss you by a hair
I was there

If you're feeling alone look u",True,en
8c128dcd-90f8-41bf-b8f3-ea7447acd97a,Cold Shoulder,Josh Turner,3c418647-3aa0-4f0b-b043-306f47855f52,contemporary country,Country,Josh Turner,Cold Shoulder,"If I'da lied, if I'da cheated, I'd understand
I've tried my best to be the perfect man
Now all I really wanna do is hold 'er
But all she's given me tonight is a cold shoulder

I wish that she would tell me what she's going through
Or go ahead and leave me if she's going to
But it's like she hasn't heard a word I've told 'er
All she's given me tonight is a cold shoulder

I don't know the woman she's turned into
But I do know that she's got my heart turnin' blue
The more she turns her back, the more the nights get colder
I put all the blame on her, cold shoulder

I wish that she would tell me what she's going through
Or go ahead and leave me if she's going to
But it's like she hasn't heard a word I've told 'er
All she's given me tonight is a cold shoulder
From the looks of things it's looking like it's over
And all I'm leanin' on tonight is a cold shoulder
Yea, all I'm leanin' on tonight is a cold shoulder",True,en
6c5905ce-3f8f-4e12-bdc3-35f2515c9630,Good Problem,Josh Turner,3c418647-3aa0-4f0b-b043-306f47855f52,contemporary country,Country,Josh Turner,Good Problem,"There's a bunch of good women in this big old world
But when I've met you I've found the perfect girl
But it ain't easy, bein' your man
Dealing with these feelings, I do the best I can

'Cause I can't eat and I can't sleep
'Cause I can't believe how you're loving me
It's a fulltime job but I'm alright with that
Loving you, that's a good problem to have

Been saving up for a big screen TV
But I'll spend it all on a wedding ring
I'm gonna lose my freedom, we'll walk down the aisle
But I'll be free to love you and get lost in your smile

But I can't eat and I can't sleep
'Cause I can't believe how you're loving me
It's a fulltime job but I'm alright with that
Loving you, that's a good problem to have (Sure is)

You know I can't eat, I can't get no sleep
I can hardly believe how you're loving me
It's a fulltime job, I'm alright with that
Loving you, that's a good problem to have

Girl, loving you, that's a good problem to have",True,en
d16f4bd7-84c7-413c-97c2-73ccd32bcb3a,Ashes in the Wind,Kathy Mattea,f29443f1-5712-4be7-a926-1bde47a1d71d,"country, country pop, contemporary country, country-pop, country-folk",Country,Kathy Mattea,Ashes In The Wind,"The first time I met Davey it was 1985
We were three sheets to the wind and a couple of tokes over the line
But I've replayed that moment like a movie in my mind
The first time I met Davey it was 1985

The next time I saw Davey it was at a high school dance
He was with my best friend Mary
I was singin' with the band
My life passed before me in that passing glance
And I knew I'd never be the same again

And I sing
Davey runs through the roses
And Davey runs through my mind
Thinkin' that the road I chose
Was the best one at the time
Those mem'ries they're just moments
You wish would never end
But they never stay
They just float away
Like ashes in the wind

Davey married Mary and went on with his life
So I went and found a husband and tried to be a wife
But I knew from 'I Do'
Deep down it wasn't right
And that's why I'm lookin' back alone tonight

And I sing
Davey runs through the roses
And Davey runs through my head
Wishin' that the road I chose
Was another one instead
Those mem'ries they're just moments
You pray will never end
But they never stay
They just float away
Like ashes in the wind

The minutes turn to days
And the days they turn to years
And a lifetime you can waste
When you're runnin' from your fears

The last time I saw Davey it was 1999
We had gathered all together
We had come to say goodbye
To the heart of an old soul
Who was far too young to die
And in the still you could hear the angels cry

And I sing
Davey runs through the roses
And Davey danced through my life
I can see him up there with Moses
Right next to Jesus Christ
While I'm standin' at the crossroads
Wonderin' what's around the bend
He's miles from here
Beyond the atmosphere
Just ashes in the wind
I can see him rise into the sky
Just ashes in the wind",True,en
29f89847-ceba-4087-95fc-3c4eeebc3e8f,Slender Threads That Bind Us Here,Kathy Mattea,f29443f1-5712-4be7-a926-1bde47a1d71d,"country, contemporary country, country-pop, country-folk",Country,Kathy Mattea,Slender Threads That Bind Us Here,"The dawn of youth, the twilight years
The tender light we hold so dear
The memory of the smile, the tear
The slender threads, that bind us here

I know the way, from here
Trying, to hide my tears
Praying for grace, at the end of the day
I want to hold you, and never let go
But I look up to find, that you're slipping away

The dawn of youth, the twilight years
The tender light, we hold so dear
The memory of the smile, the tear
The slender threads, that bind us here

I long to speak with you
I try to reach for you
Wake up to find, that there's nobody home
I walk away from here

Still, I can feel you here
Forever with me, forever alone
So strong, they hold, to be let go
And still, they're there, slight as air

The memory, of the smile, the tear
The slender threads, that bind us here

The dawn of youth, the twilight years
The tender light, we hold so dear
The memory of the smile, the tear",True,en
50cd4383-08a4-43fb-8038-31386f9c1bc6,That's All the Lumber You Sent,Kathy Mattea,f29443f1-5712-4be7-a926-1bde47a1d71d,"country, contemporary country, country-pop, country-folk",Country,Kathy Mattea,That's All the Lumber You Sent,"Said a friend, to a friend, one day
Was a man, who passed away
St. Peter met him, at the gate
Pete said, ""Walk with me if you will""
""I'll take you to the house, you built""

Man said, ""I can't wait!""
Passed a mansion, made of stone
But with each new house, he's shown
They get smaller, by degrees

Stopped in front, of a two room shack
Pete said, ""Hope you're happy, with that""
Man said, ""How can this be?""

Pete said
""That's all the lumber, that's all the lumber""
""That's all the lumber you sent""
""Looks like the builder man, he's got your number""
""That's all the lumber, you sent""

Man didn't know, what to say
Poor guy, was blown away
Said: ""You mean this, is what I deserve?""

Pete said: ""I'm afraid it's so""
""It's too late, but now you know""
""Shoulda done better work""
""You mean not lie and cheat""
""And helpin' old ladies across the street?""

Pete says, ""Well, that's a start""
""Remember that man back in that great big house?""
""He found out early what it's all about""
""Built that place with his heart, as for you""

""That's all the lumber, that's all the lumber""
""That's all the lumber you sent""
""Looks like the builder, man he's got your number""
""That's all the lumber you sent""

""What if that man was me?""
""And I failed that miserably""
""You're showin' me things, I don't wanna see""

""St. Peter, if you can""
""Send me back, to earth again""
""Is that somethin', you can do?""
Pete said, ""Well it ain't up to me""
""If it was, I'd like to see""
""How you plan, to improve""

Said, ""I'd love God, and fellow man""
""Take a wife, and make a stand""
""Be the givinest guy, I can be""
""And when I get back, to this neighborhood""
""There'd be a gigantic pile, of wood""
""And I'd say, what's this I see?""
""You'd tell me""

""That's all the lumber, all that's your lumber""
""That's all the lumber, you sent""
""Big Boss, will help you hammer it, all together""
""That's all the lumber, you sent, oh""

""That's all the lumber, all that's your lumber""
""That's all the lumber, you sent""
""Big Boss, will help you hammer it, all together""
""That's all the lumber, you sent""",True,en
d3f6db5b-fc56-477d-ba90-7573d00726ca,Guns of Love,Kathy Mattea,f29443f1-5712-4be7-a926-1bde47a1d71d,"country, contemporary country, country-pop, country-folk",Country,Kathy Mattea,Guns Of Love,"With guns of love brought into battle
The nights will burn, like never before
Pride will fall, and foundations rattle
When guns of love, put an end to war

I don't mean to say, we should all surrender
I don't mean to say, we shouldn't do our part
When it comes time, to choose our weapons
Tell me what's to keep us, from reaching for the heart

'Cause you know how strong, a little love can be
So, try and imagine, all the power you'll see

When guns of love, are brought into battle
The night will burn, like never before
Pride will fall and foundations rattle
When guns of love, put an end to war

I don't understand, why nothing changes
We take the same road, time and time again
We let it all ride, on pride and vengeance
Knowing, it's a game, nobody's gonna win

So, bet on your anger, if that's what you choose
Nothing's gonna change, everybody's gonna lose

To guns of love, are brought into battle
The nights skys burn, like never before
Pride will fall, and foundations rattle
When guns of love, put an end to war

If we get another shot
Better try to aim a little higher
It's gonna take a lot of thought
But we can't keep fighting
Fire with fire

When guns of love, are brought into battle
The nights will burn, like never before
Pride will fall, and foundations rattle
When guns of love, put an end to war

When guns of love, put an end to war",True,en
49cc6f74-7f73-405d-b974-6c4eab4a8da0,I'm Alright,Kathy Mattea,f29443f1-5712-4be7-a926-1bde47a1d71d,"country, contemporary country, country-pop, country-folk",Country,Kathy Mattea,I'm Alright,"After all was said and done
There was nothin' left to do
The hardest mile I ever walked
Was the one I walked away from you

Maybe I'm a little ragged around the edges
And I've been keepin' a little more to myself these days

But I'm alright
Shot down but I'm still standing, yeah
I'm alright
A little banged up from the fall

Well, I'm alright
Still shaky from the landing, yeah
I'm alright
After all

You know, it's really not that bad
No matter, how bad it might feel
'Cause there ain't nothin' time won't fix
And this ain't nothin' that some time won't heal

So maybe I've been walkin' a little wounded
Move a little bit slower now but that's okay

'Cause I'm alright
Shot down but I'm still standing, yeah
I'm alright
A little banged up from the fall

Well, I'm alright
Still shaky from the landing, yeah
I'm alright
After all

Every now and then I think about you
Oh, every now and then I cross the line

I'm alright
Shot down and I'm still standin', yeah
I'm alright
A little banged up from the fall

Well, I'm alright
Still shaky from the landin', yeah
I'm alright
After all, after all

Oh, I'm alright
Ooh, I'm alright",True,en
376f775e-05f6-4338-b1eb-732749b2f9d1,World Without Tears,Lucinda Williams,21685b15-3074-446e-aa1d-ff7157014f53,"country, americana, alternative country",Country,Lucinda Williams,World Without Tears,"If we lived in a world without tears
How would bruises find
The face to lie upon
How would scars find skin
To etch themselves into
How would broken find the bones

If we lived in a world without tears
How would heartbeats
Know when to stop
How would blood know
Which body to flow outside of
How would bullets find the guns

If we lived in a world without tears
How would misery know
Which back door to walk through
How would trouble know
Which mind to live inside of
How would sorrow find a home

If we lived in a world without tears
How would bruises find
The face to lie upon
How would scars find skin
To etch themselves into
How would broken find the bones

If we lived in a world without tears
How would bruises find
The face to lie upon
How would scars find skin
To etch themselves into
How would broken find the bones

How would broken find the bones
How would broken find the bones",True,en
90157510-68a6-4daa-851a-e4a28de72d25,Dark Side of Life,Lucinda Williams,21685b15-3074-446e-aa1d-ff7157014f53,alternative country,Country,Lucinda Williams,Dark Side Of Life,"Jim Lauderdale harmony vocal
Skip Edwards piano
Don Reed fiddle
Pete Andersen guitar
Dan Fredman bass
Josh Lee White drums

Think you never know me
When you turn and walk away
You think I don't know the troubles
You face everyday
I know all about the things
That cuts you like a knife
Yes I know about the dark side of life
Souls on your shoes are almost worn thru
You've been running hard at best searching for something new
You can search high and low
For peace you'll never find
While you're living on the dark side of life
You live on the dark side of life
You can't tell what's wrong and what's right
You don't look too good
There's circles neath your eyes
Cause your living on the dark side of life

SOLO

You sit on a bar stool all dressed up
Your broke and your down
And your looking for love
But you won't find the kind of love that's sweet and right
While your living on the dark side of life
Cause your living on the dark side of life

From ""A Town South Of Bakersfield Volume 2""
Restless Records 1988
Lucy Jones Music(BMI)",True,en
70f05999-564e-4ada-89bb-d0aa959b7bfc,Six Blocks Away,Lucinda Williams,21685b15-3074-446e-aa1d-ff7157014f53,alternative country,Country,Lucinda Williams,Six Blocks Away,"He sleeps all alone on Second Street
With a roof over his head and food to eat
But he can hardly make it day to day
'Cause everything he wants is six blocks away
Six blocks away

He's got a regular job and it pays the rent
In a donut shop on 3rd and 10th
But he doesn't understand why she turned him away
He can hear her heart beat six blocks away
Six blocks away

Six blocks away
Dirty old street
Six blocks away
He can hear her heart beat
Six blocks away
Dirty old street
Six blocks away
He can hear her heart beat
Six blocks away

He walks real fast down the dirty street
He turns his eyes from the people he meets
It hurts so bad, what can he say?
He sends her a message six blocks away
Six blocks away

Six blocks away
Dirty old street
Six blocks away
He can hear her heart beat
Six blocks away
Dirty old street
Six blocks away
He can hear her heart beat
Six blocks away
Six blocks away
Six blocks away",True,en
65cbd75f-d8d4-4e87-92ea-5cb5753d4717,Drivin' Down a Dead End Street,Lucinda Williams,21685b15-3074-446e-aa1d-ff7157014f53,alternative country,Country,Lucinda Williams,Drivin' Down a Dead End Street,"His momma run off, when he was just a kid
So, he never really knew her at all
Just a picture of a girl, in a sad blue dress
Hanging beside a cross on a wall

His daddy used to drive those 18-wheelers
Now he drives the bottle, deep into the night
He was always saying, ""Son, you're just no good
You'll never do anything right""

The screams and the bruises
And broken bottles
These were things he understood
From busted chairs, to a broken heart
He got away as soon as he could

When he was just 18
He got his very own gun
And shot a kid in a liquor store one night
He was all mixed up
He never understood why
He was only looking to prove his Daddy right

He was drivin' down a dead end street
He was never gonna get back on his feet
Somewhere deep down inside, he knew
He was drivin' down a dead end street

He was a lonely boy
From the wrong side of town
His momma never put him first
No matter what he did
It'd never be enough
He was hung out, and strung out the worst

He learned to fight
And he learned to run
And he learned how to take care of his blues
He didn't have a reason
To believe in God
So, he figured he had nothing to lose

He was drivin' down a dead end street
He was never gonna get back on his feet
Somewhere deep down inside, he knew
He was drivin' down a dead end street

He was drivin' down a dead end street
He was never gonna get back on his feet
Somewhere deep down inside, he knew
He was drivin' down a dead end street

He was drivin' down a dead end street",True,en
b2488a50-263d-4fa9-8c64-f2987e0f185a,Sweet Old World,Lucinda Williams,21685b15-3074-446e-aa1d-ff7157014f53,alternative country,Country,Lucinda Williams,Sweet Old World,"See what you lost when you left this world, this sweet old world
See what you lost when you left this world, this sweet old world
The breath from your own lips, the touch of fingertips
A sweet and tender kiss
The sound of a midnight train, wearing someone's ring
Someone calling your name
Somebody so warm cradled in your arms
Didn't you think you were worth anything
See what you lost when you left this world, this sweet old world
See what you lost when you left this world, this sweet old world

Millions of us in love, promises made good
Your own flesh and blood
Looking for some truth, dancing with no shoes
The beat, the rhythm, the blues
The pounding of your heart's drum together with another one
Didn't you think anyone loved you
See what you lost when you left this world, this sweet old world
See what you lost when you left this world, this sweet old world
See what you lost when you left this world, this sweet old world
See what you lost when you left this world, this sweet old world",True,en
b33db0c9-c537-40ac-b9ea-ddfe791457fc,Laugh It Off,Merle Haggard,deb2448c-6fdf-4d31-921e-757630515dbd,"country, americana, outlaw country, honky tonk, traditional country, bakersfield sound",Country,Merle Haggard,Laugh It Off,"If you find yourself in lock up,
Write a song about a jail.
And if you set your boat on fire,
In the middle of a gale.
If you lose your only lover,
Go find someone (something?) sweet and soft,
And laugh it off.
Ha ha ha ha. Laugh it off.

If a joke about the police don't go over with a bang,
If you tell them you're a singer,
They don't like the way you sing,
Then get yourself an attorney,
Go out and play some golf
And laugh it off
Ha ha ha. Laugh it off

Hey, don't get mad when you lose at 21
Just roll the dice and go o-on having fun.
And get some humble marijuana,
Guaranteed to make you cough
And laugh it off.
Ha ha. Laugh it off, son.

If you get yourself a ticket,
Second one in 30 days
And the courthouse can't find records
For the ones already paid
If you should get pneumonia
With an ever-lasting cough
Laugh it off.
Ha ha.

Hey, don't get mad when you lose at 21.
Just roll the dice and go o-on having fun.
And get some humble marijuana,
Guaranteed to make you cough
And laugh it off

Well...
Don't get mad when you lose at 21
Just roll the dice and go o-on having fun
And get yourself a good attorney.
Take him out and play some golf
And laugh it off
Ha ha. Laugh it off.",True,en
0dcd1965-b447-4b68-a01e-3c18a486e242,If I Could Only Fly,Merle Haggard,deb2448c-6fdf-4d31-921e-757630515dbd,"country, traditional country, classic country, old country",Country,Merle Haggard,If I Could Only Fly,"If I Could Only Fly
Merle Haggard

I almost felt you touching me just now
I wish I knew which way to turn and go
I feel so good, and then then I feel so bad
I wonder what I ought to do

If I could only fly, if I could only fly
I'd bid this place goodbye, to come and be with you
But I can hardly stand, and I got no where to run
Another sinking sun, and one more lonely night

The wind keeps blowing somewhere everyday
Tell me things get better, somewhere, up the way
Just dismal thiking on a dismal day
Sad songs for us to bare

If I could only fly
If we could only fly
If we could only fly
There'd be no more lonely nights

You know sometimes I write happy songs
Then some little thing goes wrong
I wish they all could make you smile
Coming home soon and I wanna stay
Maybe we can somehow get away
I wish you could come with me when I go again

If I could only fly, if I could only fly
I'd bid this place goodbye, to come and be with you
But I can hardly stand, and I got no where to run
Another sinking sun, and one more lonely night",True,en
73cf3352-d48c-4819-8847-32142dd2b400,Cocaine Blues,Merle Haggard,deb2448c-6fdf-4d31-921e-757630515dbd,"country, americana, outlaw country, honky tonk, traditional country, bakersfield sound",Country,Merle Haggard,Cocaine Blues,"Early one mornin' while makin' my rounds
I took a shot of cocaine and I shot my woman down
Went right home and I went to bed
And stuck that lovin' .44 beneath my head

Got up next mornin' and I grabbed up that gun
Took a shot of cocaine and away I run
Made my run but I run too slow
They overtook me down in Juarez, Mexico

Late in the hot joint, smokin' a deal
In walked the sheriff from Jericho Hill
He said, ""Willy Lee, your name is not Jack Brown""
Said, ""You're the dirty hack that shot your woman down""

""Yes, oh yes, my name is Willy Lee
If you've got a warrant just read it to me
I shot her down because she made me sore
I thought I was her daddy but she had five more""

When I was arrested I was dressed in black
They put me on a train and they took me back
I had no friend for to go my bail
They slapped my dried up [Incomprehensible] jail

Early next mornin' 'bout a half past nine
I spot that big old sheriff comin' down the line
He hacked and he coughed as he cleared his throat
Said, ""Come on, you dirty hack"" into that district court

Into the courtroom, my trial began
Where I was handled by twelve honest men
Just before the jury started out
I saw that little judge commence to look about

In about five minutes in walked a man
Holding up the verdict in his right hand
""Guilty, guilty in the first degree""
I hollered, ""Someone please come sing them blues to me""

The judge he smiled as he picked up his pen
And he said, ""99 years in that San Quentin pen""
99 years underneath that ground
I'd never forget the day I shot that bad bitch down

Come on, get up and listen unto me
Lay off that whiskey and let that cocaine be",True,en
dd6fb8d7-9dfa-4279-87d2-1f2cab18fdd6,Okie From Muskogee,Merle Haggard,deb2448c-6fdf-4d31-921e-757630515dbd,"country, country rock, outlaw country, honky tonk, nashville sound, traditional country, classic country, bakersfield sound",Country,Merle Haggard,Okie From Muskogee,"We don't smoke marijuana in Muskogee
We don't take no trips on LSD
We don't burn our draft cards down on Main Street
We like livin' right, and bein' free

We don't make no party out of lovin'
We like holdin' hands and pitchin' woo
We don't let our hair grow long and shaggy
Like the hippies out in San Francisco do

And I'm proud to be an Okie from Muskogee
A place where even squares can have a ball
We still wave Old Glory down at the courthouse
And white lightnin's still the biggest thrill of all

Leather boots are still in style for manly footwear
Beads and Roman sandals won't be seen
Football's still the roughest thing on campus
And the kids here still respect the college dean

And I'm proud to be an Okie from Muskogee
A place where even squares can have a ball
We still wave Old Glory down at the courthouse
And white lightnin's still the biggest thrill of all
In Muskogee, Oklahoma, USA",True,en
7e252a66-3570-46d0-bcad-3ade86ed36ea,Turn to Me,Merle Haggard,deb2448c-6fdf-4d31-921e-757630515dbd,"country, traditional country, classic country, old country",Country,Merle Haggard,Turn To Me,"When the whole world turns against you
And life won't let you be
When you need someone to turn to
Turn to me.

When questions go unanxswered
And you wonder what will be
When you need someone to turn to
Turn to me.

I stand on every corner
I'm just around the bend
I've always been here for you
I've always been your friend.

When walls close in around you
I'm the one who sets you free
When you need someone to turn to
Turn to me.

--- Instrumental ---

I stand on every corner
I'm just around the bend
I've always been here for you
I've always been your friend.

When walls close in around you
I'm the one who sets you free
When you need someone to turn to
Turn to me, turn to me...",True,en
2c3d2209-08f5-4271-9fdb-def4068f1635,Wasted Away,Micah P. Hinson,3584d6f6-62a5-4453-995c-66a7d6bd7a62,alternative country,Country,Micah P. Hinson,Wasted Away,"Wasted away
And find something more
'Cause what you gave away
Is not worth anymore

Than the tides of backwards roars
And finding out you came at the wrong time now

Wasted away
Find something more
'Cause what you gave away
Is not worth anymore

Than the tides of backwards roars
And finding out you came at the wrong time now

You came at the wrong time now",True,en
3056690c-d0d4-424c-a75e-10c2baff4e78,The Dreams You Left Behind (reprise),Micah P. Hinson,3584d6f6-62a5-4453-995c-66a7d6bd7a62,alternative country,Country,Micah P. Hinson,The Dreams You Left Behind (Reprise),"Someday you'll find
The dreams you left behind
Do not as bright as they seem

And someday you'll see
The loves before me
Lasting as long as the sun

And someday you'll find
Dreams can never die
Lasting as long as the sun
Shining down on me",True,en
e2b6fcc2-48cc-46d7-b1c8-43acab6f6df3,For Your Eyes,Micah P. Hinson,3584d6f6-62a5-4453-995c-66a7d6bd7a62,alternative country,Country,Micah P. Hinson,For Your Eyes,"For your eyes holds the ocean tide
Drifting me off to sleep
Breathtaking, for as far as I can see
And all the times that I tried
Left me as lonely as I could be

For your eyes shines the sunrise
Drifting me outta sleep
Breathtaking, for as far as I can see
And all the times that I tried
Left me as lonely as I could be",True,en
4737bda2-81c9-4388-9cb4-e5bf1d901db7,Yard of Blonde Girls,Micah P. Hinson,3584d6f6-62a5-4453-995c-66a7d6bd7a62,alternative country,Country,Micah P. Hinson,Yard of Blonde Girls,"Two and a three and a four and a

Through the yard
Through the yard of blonde girls
Oh, through the river and the sea
Gold sharks, glittering
A tree of white
Breaks the earth
The streets where lola played
Very sexy, very sexy, okay, okay

Fear we may come
Fear we may come
Fear we may come
Fear we may come
So run, run, run, run

It's in your heart
It's in your heart and your beauty
And even in this world of lies
This purity
You've got innocence
In your eyes
And even in this world of lies
You're still hopeful
Very sexy, okay, okay

Fear we may come
Fear we may come
Fear we may come
Fear we may come
So run, run, run, run

Through the yard
Through the yard of blonde girls
Oh, through the river and the sea
Gold sharks, glittering
A tree of white
Breaks the earth
The streets where lola played
Very sexy, very sexy, okay, okay

Fear we may come
Fear we may come
Fear we may come
Fear we may come
So run, run, run, run",True,en
517ef344-4153-453d-a300-c568a0a93284,The Leading Guy,Micah P. Hinson,3584d6f6-62a5-4453-995c-66a7d6bd7a62,alternative country,Country,Micah P. Hinson,The Leading Guy,"Words wouldn't come stumbled all deaf and dumb
As the crowd awaits his great escape
And his fingers wouldn't move nervous are black and blue
It's just an eye game, game away now
He has moved

He has moved on to God knows where
He moved on, none of us care
He moved on to God knows where
He moved on, none of us care
So, the crowd spit him out
And they shot him through the skies
They crucified rock and roll's worst leading guy

He moved on to God knows where
He moved on, none of us care
He moved on to God knows where
He moved on, none of us care

And he moved on to God knows where
He moved on, none of us care
He moved on to God knows where
He moved on, none of us care",True,en
2b8594d3-f9ba-44b2-bbe5-441d20e2304d,Run,Pat Green,0b610792-6d9b-45a4-b5de-0304b4007c3f,"country, country pop, contemporary country, texas country, country-pop",Country,Pat Green,Run,"Finally free
Finally gone
Finally breathing again
Finally back on my own
Well, I'm finally here in an otherwise empty room
Where there's no one here to tear me all apart

Tonight I'm going out and going to get a little wasted
I'm one of those guys, I'm one of those guys

CHORUS
I gotta run
I gotta be free
Don't hold me down, no baby

Speaking of faith
I finally found me some
I'm in the same old place
There's a lot less screaming and carrying on
Too much pain, too much hate
Not enough fire
Now it's way too late

Tonight I'm going out and going to get a little wasted
I'm one of those guys, I'm one of those guys

CHORUS
I gotta run
I gotta be free
Don't hold me down, no baby

REPEAT
CHORUS

You're looking back at me with your pretty little eyes
And you want so bad for me to try and change
We tried that one before
Win the battle, lose the war
Just count your losses baby, and go
Just count your losses baby, and go

CHORUS
REPEAT 2X",True,en
9677b0bd-fe8b-4fef-bb67-082473d3807a,If I Was the Devil,Pat Green,0b610792-6d9b-45a4-b5de-0304b4007c3f,"country, country pop, contemporary country, texas country, country-pop",Country,Pat Green,If I Was the Devil,"(Pat Green)

If I was the devil
I'd hang out in blue eye, Missouri
Where the water and the mountain collide
I'd scare all the little children
And rumble around beneath the beds
Tell them all kind of stories
I cant help but get them stuck in their heads

Then I'd take out some of your livestock
You can blame it on the beast of the night
You know it was me
Same as you know wrong and right

If I was the devil
I'd go and find your preacher man
Crusty and white hair
I'd tell him that hell is on the way
Scare him right out of his skin
See the brimstone in his eyes
Then a band of fat white deacons would take him far away
That would be just fine with me
If I was the devil

If I was the devil
I'd gather up all your dreams
And drop them to the bottom if a black lagoon
I'd steal away all your patience and steal away all your pride
Leave you with nothing but uncontrollable fear
And then id reveal my masterpiece
As I dance around with the night
Down in blue eye, Missouri
Where the water and the mountain collide",True,en
74e39fe3-417f-496a-8fc1-efe4b5f149c7,Wrapped,Pat Green,0b610792-6d9b-45a4-b5de-0304b4007c3f,"country, country pop, contemporary country, texas country, country-pop",Country,Pat Green,Wrapped,"Wrapped
Pat Green

Might stand out in the wind out on Mustang Island
Might stay up all night hanging out with Hank Williams and crying
I've slept out on the sand so many nights that I can't remember
Yeah, but love is love and life is hard and one undoes the other
Summer gold or winter blue

CHORUS
Wherever I am
Whatever I do
Wrapped in you

Might find me in Paris, France someday soon
Might drive this Malibu all the way to China
Never can tell what I'll do
I'm busted and shot clean through

CHORUS
Wherever I am
Whatever I do
Wrapped in you

Held you once through April and summer set you free
Now the cold, cold nights are coming
And I've lost everything
And I've never been to Paris, France
Never even seen Mustang Island
Old Hank was gone before I was born
I'm not the kind to stay up crying
We never go far, but here's the truth

Wherever I am
Whatever I do
Well, I'm busted and shot clean through
Whatever you want is what I'll do
I'm wrapped in you
Wrapped in you
Wrapped in you",True,en
ac3a4a23-726a-41af-b0e8-5c0cbfc45d38,Sing ’Til I Stop Crying,Pat Green,0b610792-6d9b-45a4-b5de-0304b4007c3f,"country, country pop, contemporary country, texas country, country-pop",Country,Pat Green,Sing 'Til I Stop Crying,"Pouring rain, cracked front window
I turned off my radio and reached for my boot
For my favorite sterling horseshoe flask
To take a drink of what it holds

She was looking at her feet
When i saw her on the street
She was holding tight to someone else's hand
So I kept on rolling and now here I am
And I'm gonna sing 'til I stop crying

The earth is slow out west of llano
Better pull this car of mine off-road awhile
And reached to the back for my daddy's old martin
Hold it oh so close to me
I'd sing me some Jones or sad Newberry song
I'm Gonna Sing 'til I stop crying

Pull out my smokes, I pull out my Zippo
And fire it up cause there's nothing left to do
Well, the morning sun its a coming on
Guess its safe to say that I won't make work today
But a Roger Miller song sure sounds fine to me
I'm gonna sing 'til I stop crying
I'm gonna sing 'til I stop crying

Conway run to FIND Miss Tammy
Willie would you CALL Miss Emmy Lou
Cause I'm gonna sing 'til I stop crying
I'm gonna sing 'til I stop crying",True,en
69b4cb34-88d0-4d89-8e95-0f0cda9c9e77,Guy Like Me,Pat Green,0b610792-6d9b-45a4-b5de-0304b4007c3f,"country, country pop, contemporary country, texas country, country-pop, modern country",Country,Pat Green,Guy Like Me,"Hearts and flowers, forget love letters
Pain and anger, forget forgiveness
Love ain't waiting for a guy like me

Debutants and champaign, diamonds and cocaine
I ain't the son of outrageous fortune
Cash ain't status for a guy like me

Put me on a cool river
Take my worries from me
Fly me high on a big blue sky
Well, there's no one here but me, just me

Long black limousine, pictures in magazines
All night parties, beautiful people
No super model for a guy like me

I'm just a good man, I work with my hands
I get the picture, I heard the message
Hell ain't waiting for a guy like me

Put me on a cool river
Take my sins from me
Fly me high ov'r a big blue sky
Where there's no one here but me

Put me on a cool river
Take my pain from me
Fly me high ov'r a big blue sky
Where there's no one here but me, just me
Yeah, just me

Hearts and flowers, forget love letters
Pain and anger, forget forgiveness
Love ain't waiting for a guy like me

So put me on a cool river
Take my worries from me
Fly me high ov'r a big blue sky
Where there's no one here but me

Put me on a cool river
Take my worries from me
Fly me high ov'r a big blue sky
Where there's no one here but me, just me
Yeah, just me",True,en
a5038b93-24d9-4cac-898c-9d35691f57a4,Time,Rebel Meets Rebel,3619a3ab-a31a-45f4-8b8f-2f29cc7ca8d5,"rock, heavy metal, metal, hard rock, country, southern rock, outlaw country, pop/rock",Country,Rebel Meets Rebel,Time,"We have one nanosecond in the spectrum of time
Cause it's about the dead, it's all in your mind

Reality, senility
Human race, outer space
My head's about to overload
Explode, explode

Alien forces live inside my brain
I must obey them or I'll go insane

Procreation, cocentration
Penetration, ejaculation
My head's about to overload
Explode, explode, explode, explode

Cold shots on the rocks
You know how it makes me feel
You better see, set me free
Don't give me no better deal
Anagram, sonogram
Looking for a thing that's real
All for sale, new ghost town

Time is something you can't steal
Time is something you can't steal
Time is something you can't steal

This black painted sign says: ""Jesus saves""
Ride on the highways to an early grave

Remorse, intercourse
Voices from my alien force
My head's about to overload
Explode, explode

""Cowboys From Hell"" on the radio
Turn it up now just as loud as it will go

Guitar bastards, cymbal crashers
Strobe light flashin', motel bashin'
My head's about to overload
Explode, explode, explode, explode

Cold shots on the rocks
You know how it makes me feel
You better see, set me free
Don't give me no better deal
Anagram, sonogram
Looking for a thing that's real
Ultrasound, vocals down

Time is something you can't steal
Time is something you can't steal
Time is something you can't steal

We have this nanosecond in the spectrum of time is something you can't steal

Time is something you can't steal
Time is something you can't steal

Time is something you can't steal
Time is something you can't steal

We have one nanosecond in the spectrum of time
Time is something you can't steal",True,en
ddba737d-59cd-4120-a615-13ae6aafce20,Get Outta My Life,Rebel Meets Rebel,3619a3ab-a31a-45f4-8b8f-2f29cc7ca8d5,"rock, heavy metal, metal, hard rock, country, southern rock, outlaw country, groove metal, pop/rock",Country,Rebel Meets Rebel,Get Outta My Life,"I've been cool for far too long
Just a matter of time before I break
I took more shit than I wanted to take
You can't look me in the eyes
Something's gone wrong and you know I know
I'm like a stick of dynamite ready to blow
I just can't accept your lies no more
It ain't my fault that you can't take it
Just ain't cool if you have to fake it

Don't threaten me, just pack your trash
And don't let the door hit you in the ass
Get outta my life!

Get up, get gone, I got to keep on keeping on
Too much pain, too much strife
Up yours, get outta my life!
Get up, get gone, I gotta keep on keeping on
Too much pain, too much strife
Up yours, get outta my life!

I ain't gonna be cool no more
You took advantage of my whole deal
This ain't about you, it's the way I feel
Nothing's ever good enough
Your never satisfied heard it all before
When you give all you got you can't give no more
It's too late to change my mind
I can't turn back the hands of time
You should have noticed the danger sign

Don't threaten me, just pack your trash
And don't let the door hit you in the ass
Get outta my life!

Get up, get gone, I got to keep on keeping on
Too much pain, too much strife
Up yours, get outta my life!
Get up, get gone, I got to keep on keeping on
Too much pain, too much strife
Up yours, get outta my life!

Get up, get gone, I got to keep on keeping on
Too much pain, too much strife
Up yours, get outta my life!
Get up, get gone, I got to keep on keeping on
Too much pain, too much strife
Up yours, get outta my life!",True,en
dbc037cd-f2e7-4b27-b3a6-f787db607ee5,One Nite Stands,Rebel Meets Rebel,3619a3ab-a31a-45f4-8b8f-2f29cc7ca8d5,"rock, heavy metal, metal, hard rock, country, southern rock, outlaw country, groove metal, pop/rock",Country,Rebel Meets Rebel,One Nite Stands,"I don't make promises that I can't keep
Got to keep movin', got no time to sleep
Don't talk to me about my future plans
It's time to go, I'm into one night stands

I'm into one night stands
I'm into one night stands
If you want wedding rings to put on your hands
Don't look at me, I'm into one night stands

Ride the highways like a man possessed
I got this demon here inside my chest
I'm hard to satisfy, you understand?
I need some love, I'm into one night stands

I'm into one night stands
I'm into one night stands
If you want wedding rings to put on your hands
Don't look at me, I'm into one night stands

Play it, Dime!

I play some football, like my younger days
Then our ol' Hendrix sing Purple Haze
That's when I put together my first band
And now I'm only into one night stands

I'm into one night stands
I'm into one night stands
If you want wedding rings to put on your hands
Don't look at me, I'm into one night stands

One night stands",True,en
2bc90bff-f664-4d76-8a7e-4849359d3bba,Cherokee Cry,Rebel Meets Rebel,3619a3ab-a31a-45f4-8b8f-2f29cc7ca8d5,"rock, heavy metal, metal, hard rock, country, southern rock, outlaw country, pop/rock",Country,Rebel Meets Rebel,Cherokee Cry,"Talk about indian rights and wrongs
Sing a few more freedom songs
Look to the spirit, ride the wind
Let's not walk that trail of tears again

Digging up our sacred grounds
Won't you leave the dead alone
Let the eagle fly and the buffalos roam
And give us back our home

Cherokee cry
Cherokee cry
Cherokee cry
Cherokee cry

Right up front I want my freedom back
I know about Geronimo's Cadillac
That's how you got us on the reservation
Don't talk to me about segregation

Digging up our sacred grounds
Won't you leave the dead alone
Let the eagle fly and the buffalos roam
And give us back our home

Cherokee cry
Cherokee cry
Cherokee cry
Cherokee cry
Set me free, yeah

Cry, oh, cherokee cry
Cry, oh, cherokee cry
Cry, oh, cherokee cry
Cry, oh, cherokee cry",True,en
88ed0f46-6219-4b24-b4d6-54e8686591aa,Heart Worn Highway,Rebel Meets Rebel,3619a3ab-a31a-45f4-8b8f-2f29cc7ca8d5,"rock, heavy metal, metal, hard rock, country, southern rock, outlaw country, groove metal, pop/rock",Country,Rebel Meets Rebel,Heart Worn Highway,"On this Heart Worn Highway
Into the heat of night
Look in your rearview mirror
Tucson is out of sight

Headin' for Oklahoma
Texas is still ahead
Face on a Wanted poster
Wanted alive or dead

Destined to die an outlaw
Braggin' in every town
Two steps ahead of danger
Waiting to bring you down

Cling to your loaded pistol
Keep it right by your side
Haul ass on Heart Worn, run away
This could be your last ride

I was on Heart Worn Highway
Too late to turn back now
You made the bed you lay in
And they'll find your trail somehow

You just gotta keep on runnin'
From all the things you've done
Out on that Heart Worn Highway
You'll never buy the gun

Destined to die an outlaw
Braggin' in every town
Two steps ahead of danger
Waiting to bring you down

Cling to your loaded pistol
Keep it right by your side
Out on some Heart Worn Highway
This could be your last ride

Destined to die an outlaw
Confined in every town
Two steps ahead of danger
Waiting to bring you down

Cling to your loaded pistol
Now, keep it right by your side
Out on some Heart Worn Highway
This could be your last ride",True,en
4e564762-c987-4c8f-9bb3-50579b717891,Tuesday’s Broken,Sugarland,f87b740a-c22b-4fae-9987-1f3e16f840c4,contemporary country,Country,Sugarland,Tuesday's Broken,"Yesterday hell rained down
Another kid, another school, in another town
Think about how to tell my son
Think about how that one got a gun

There are mysteries down where the blood meets the bone
The loneliness there, wouldn't leave him alone
But what if we try to reach him with words
What if we looked in his eyes and asked ""where does it hurt?""
Would he find all he was worth?
Monday was hoping
But Tuesday's broken

On the bed, feet up on the wall
Her eyes are red, and wet, and she wants to end it all
Easy to be mean on the screen, cowards call you names
She reads the lies and multiplies the hurt and shame
Man, it's a numbers game

But there are mysteries down where the blood meets the bone
The loneliness there, it won't leave her alone
But what if we try to reach her with words
What if we looked in her eyes and asked ""where does it hurt?""
Would she find all she was worth?
Monday was hoping
But Tuesday's broken

Like voices, won't make a sound
We keep missing chances to turn it around
If somebody's hurting right now
Open your mouth

What if we try to reach them with words
What if we looked in their eyes and asked ""where does it hurt?""
Would they find all they were worth?
Monday was hoping
Don't leave it unspoken
But Tuesday's broken
",True,en
a5a8e911-bd44-419c-8336-07a75d8fcfe8,Mother,Sugarland,f87b740a-c22b-4fae-9987-1f3e16f840c4,contemporary country,Country,Sugarland,Mother,"She'll take you in, feed your friends
Her open arms are welcoming
She'll rub your back all night when you're crying
She'll listen to you tell your story
Hold your fear and all your worries
Help you find the truth when they're all lying
Even when it's hopeless, she keeps trying

She's your mother, you love her
There won't be another place like her again you call home
She stands here to help you, there's nothing she won't do
As long as she's alive, you're not alone, you've got each other
That's your mother

She fixes all the broken things
When you're in love, she's got a ring
To give to you, she hopes you'll give away
She don't care who you give it to
Where they're from, if they pray like you
As long as they are good to you, that's enough
First thing she taught you was love is love

She's your mother, you love her
There won't be another place like her again that you call home
She stands here to help you, there's nothing she won't do
As long as she's alive, you're not alone, you've got each other
That's your mother

When you fail her, when you're afraid
And crying in the careless mess you've made
She'll make you clean it up yourself and offer you a little help
And dry your weary eyes when you let her
But she'll look at you and know you can do better

She's your mother, you love her
There won't be another place like her again that you call home
She stands here to help you, there's nothing she won't do
As long as she's alive, you're not alone
And the secrets in your heart she's always known

She's a beacon, a harbor
A lighthouse, her armor
A promise and a blanket when it's colder
You'll understand it more when you get older

You've got each other
That's your mother
You've got each other
That's your mother",True,en
f24c2439-75f6-4d26-b94c-9a30bad32523,Bird in a Cage,Sugarland,f87b740a-c22b-4fae-9987-1f3e16f840c4,contemporary country,Country,Sugarland,Bird In A Cage,"It's safe and quiet
All you've ever known
You didn't choose it
But you call it home

You wouldn't have these wings
If you weren't meant to fly
It's where you learn to sing
I'll meet you on the outside

A bird in a cage
Don't know that you were born to fly away
The world's a bigger place
Than all the fear you face
It's hard to explain
To a bird in a cage

You dreamed you heard a song
Outside the open door
They told you it was wrong
So you don't dream no more

They tell you to believe
What they believe is right
Will you choose fight or flight?

For a bird in a cage
Don't know that you were born to fly away
The world's a bigger place
Than all the fear you face
It's hard to explain
To a bird in a cage

Same hands that hold your prayer
Same hands that keep you there
You try to shift the blame
When there's nowhere to put the paper

Who you are is back behind it
And I believe that you can find it
When the dark feels like it's darker
You've tried easy, and I've tried harder to chase

You're not a bird in a cage
You were born to fly away
The world's a bigger place
Than all the fear you face
And you were never made

Are we all birds in a cage? (Birds in a cage)
Are we all born this way?(Are we born this way?)
We try not to think about it
What we would be without it
You were never made (you were never made)

To be a bird in a cage (to be a bird in a cage)
You were born to fly away
The world's a bigger place
Than all the fear you face
And you were never made
To be a bird in a cage",True,en
3aec9f38-ba0f-445a-bfcb-fd69dee5d852,Let Me Remind You,Sugarland,f87b740a-c22b-4fae-9987-1f3e16f840c4,contemporary country,Country,Sugarland,Let Me Remind You,"Chills on my skin, I wanna feel that again
Bodies can talk, no words at all, and we said everything
Yeah, I left tie the hands of the clock
We were just getting started babe, we couldn't stop
Reckless, breathless in case you forgot

Let me remind you
My touch can always find you
Follow this, my kiss will guide you
It's time to speak the way love understands
Like a language you'll never forget it
It can show us the way if we let it take us
So slow down, I know how
Let me remind you
Let me remind you

Let me remind you, when we first met
Do you remember?
'Cause I will never forget
The way you held my hand
The way you held the door
The way you held me the way no one's ever held me before
When I wake and your face shines above me
No morning breaking like waves when you love me
Pulling me in all over again

Let me remind you
My touch can always find you
Follow this, my kiss will guide you
It's time to speak the way love understands
Like a language you'll never forget
It can show us the way if we let it take us
So slow down, I know how

Let me remind you
My touch can always find you
Follow this, my kiss will guide you
It's time to speak the way love understands
Like a language you'll never forget it
It can show us the way if we let it take us
So slow down, I know how
Let me remind you
Let me remind you

Gods and poets weep their diamonds
We may look down to find us
Tangled and shining and timeless
I give 'em all to you
Like the stars when they dance and align to
Hearts beating and breathing in time to
Every curve, every curve
It's how they designed you

Let me remind you
My touch can always find you
Follow this, my kiss will guide you
It's time to speak the way love understands
Like a language you'll never forget it
It can show us the way if we let it take us
So slow down, I know how
Let me remind you
My touch can always find you
Follow this, my kiss will guide you
It's time to speak the way love understands
Like a language you'll never forget it
It can show us the way if we let it take us
So slow down, I know how
Let me remind you
Let me remind you
Let me remind you
",True,en
aa9215b0-f787-4881-b358-1d86beba7fd3,On a Roll,Sugarland,f87b740a-c22b-4fae-9987-1f3e16f840c4,contemporary country,Country,Sugarland,On A Roll,"Got my hands in my pocket
Got a heart like a rocket
Man, a train couldn't stop it today
I got a smile like the sunshine
Eyes close, keeping time
My feet know the beat and the way

Can't hold this down
We own this town
Done walkin' 'round
From now on...

I'm on a roll, babe
Watch me go, babe
I'm solid gold, babe
Of good things getting better
Life is short, but so sweet
So cut the cake and let's eat
Right next to me is where you wanna be
I just can't stop
I'm on a roll
I'm on a roll

Got my headphones thumping
Feel my blood start to pumping
And ain't it something when the rhythm's insane
It's like the whole world's dancing
I hold it in my hand
Like a kid that is ready to play

My mirror ball
It shines and spins
Even if it falls, I still win

'Cause it can roll, babe
Watch me go, babe
I'm solid gold, babe
Of good things getting better
Life is short, but so sweet
So cut the cake and let's eat
Right next to me is where you wanna be
I just can't stop
I'm on a roll
I'm on a roll

I'm on a roll babe
I wanna reach out and touch your soul, babe
I'm like a southern Baptist preacher, babe
I got enough of that in me that I can reach you, babe
I'm thinking up speed, hit the gas, go fast
'Cause there's nothing more fun to me
I just love it how lucky I am, kiss the dice
Ace of spades, remember the third grade
You on fire, gotta stop, drop...

And roll, babe
Watching me go, babe
I'm solid gold babe
Of good things getting better
Life is short, but so sweet
So cut the cake and let's eat
Right next to me is where you wanna be
I just can't stop

I'm on a roll, babe
Watch me go, babe
I'm solid gold, babe
Of good things getting better
Life is short, but so sweet
So cut the cake and let's eat
Right next to me is where you wanna be
I just can't stop
I'm on a roll

I'm on a roll, roll, roll
I'm on a roll
I'm on a roll",True,en
28d401f7-bd87-4338-9400-b611237f5597,This Country’s Rockin’,The Judds,ae2d4af4-6b37-42f9-80d3-052ee958515b,contemporary country,Country,The Judds,This Country's Rockin',"It doesn't matter if you're rich or poor
If you're old or young
Everybody, every now and then has got to have some fun
So, turn up the music, turn up the juice
Just put me in the spotlight and turn me loose
You better hold on tight
This country's gonna rock tonight

This country's rockin'
To the beat of a brand-new drum
Back in Kentucky, where I come from
They love to hear that old guitar strum
This country's rockin'
Jump back and let the bad boys play
Everywhere across the USA
This country's rockin' all the way

You might ride a horse, drive a Porsche or cruise in limousines
Eat caviar with champagne or cornbread with your pinto beans
But there's one thing in which we all agree
We love our country music like the queen loves tea
What a lovely sight
We're gonna rock tonight

This country's rockin'
To the beat of a brand-new drum
Back in Kentucky, where I come from
They love to hear that old guitar strum
This country's rockin'
Jump back and let the bad boys play
Everywhere across the USA
This country's rockin' all the way

(Ago, feel me)

This country's rockin'
To the beat of a brand-new drum
Back in Kentucky, where I come from
They love to hear that old guitar strum
This country's rockin'
Jump back and let the bad boys just play
Everywhere across the USA
This country's rockin' all the way

Everywhere across the USA
This country's rockin' all the way",True,en
2d6367c4-4d32-4b6b-9d0e-3ad9412db198,Cow Cow Boogie,The Judds,ae2d4af4-6b37-42f9-80d3-052ee958515b,"country, contemporary country",Country,The Judds,Cow Cow Boogie,"Out on the plains, down near Santa Fe
I met a cowboy ridin' the range one day
And as he jogged along, I heard him singin'
A most peculiar cowboy song

It was a ditty, he learned in the city
Comma ti yi yi yeah, comma ti yippity yi yeah

Now get along, get hip, little dogies
Get along, better be on your way
Get along, get hip, little dogies
He trucked 'em on down that old fairway

Singin' his cow cow boogie in the strangest way
Comma ti yi yi yeah, comma ti yippity yi yeah

Now singin' his cowboy songs, he's just too much
He's got a knocked out western accent with a Dixie touch
He was raised on Loco weed
He's what you call a swing in half-breed

Singin' his cow cow boogie in the strangest way
Comma ti yi yi yeah, comma ti yippity yi yeah, playboy

Singin' his cowboy songs, he's just too much
He's got a knocked out western accent with a Dixie touch
He was raised on Loco weed
He's what you call a swing in half-breed

Singin' his cow cow boogie in the strangest way
Comma ti yi yi yeah, comma ti yippity yi yeah
Comma ti yi yi yeah, comma ti yippity yi yeah

Comma ti yi yi yeah, comma ti yippity yi yeah
Comma ti yi yi yeah, comma ti yippity yi yeah
Comma ti yi yi yeah, comma ti yippity yi yeah",True,en
70039e8f-0ec9-434d-90d2-8c4c39730f2c,The 90's Was the 60's Turned Upside Down,The Judds,ae2d4af4-6b37-42f9-80d3-052ee958515b,contemporary country,Country,The Judds,The 90's Was The 60's Turned Upside Down,"Woodstock, acid rock, JFK
The times they were a changin' in the USA
A lot of good ideas that never got too far
Like savin' the planet and stoppin' the war
Well, 40 years later it's the same old thing
We gotta walk the talk if it's ever going to change

The 90's was the 60's turned upside down
Yeah, the 90's was the 60's turned upside down
If we're gonna to get it right this time we got to turn it around

Nelson Mandela, Martin Luther King
One had a plan the other had a dream
To make it unlawful because it is a sin
To judge another man by the color of his skin
In this changin' world we need a change of heart
Lovin' one another is a good place to start

The 90's was the 60's turned upside down
Yeah, the 90's was the 60's turned upside down
If we're gonna to get it right this time we got to turn it around

Fidel Castro, 90 miles away
Better build a bomb shelter, better build it today
Now there's bombs in the schools, guns everywhere
Drive by shootin's got us all runnin' scared
An eye for an eye, everybody dies
We gotta turn the other cheek if we're gonna survive

The 90's was the 60's turned upside down
Yeah, the 90's was the 60's turned upside down
If we're gonna to get it right this time we got to turn it around
Yeah, turn it around (around)
(Turn it around)
Yeah, yeah, yeah

Marijuana, mescaline, LSD
People everywhere just tryin' to be free
Well, it used to be fun, used to be cool
Now there's crack babies droppin' outta nursery school
You can point a finger, you can walk the floor
Stop sweepin' 'round your own front door

Sulfur dioxide, DDT
Dumpin' our garbage in the deep blue sea
There's a hole in the ozone lettin' in heat
I shudder to think about the food we eat
Life as we know it is slippin' away
I hope we don't blow it, that's all I got to say

The 90's was the 60's turned upside down
Yeah, the 90's was the 60's turned upside down
If we're gonna to get it right this time we got to turn it around
Turn it around

The 90's
Was the 60's
(Yeah, yeah, yeah)
The 90's
Was the 60's
(Yeah, yeah, yeah)
The 90's
Was the 60's
(Yeah, yeah, yeah)",True,en
3dc90466-7ee3-40ba-beb0-4235a09919bb,Talk About Love,The Judds,ae2d4af4-6b37-42f9-80d3-052ee958515b,contemporary country,Country,The Judds,Talk About Love,"Love, talk about love
Why do you always wanna talk about love?
Love, talk about love
Why do you always wanna talk about it?

I say that love is something you feel
You know in your heart, if it's real
But you've got to analyze
Organize, synchronize, formalize, and compromise

Love, talk about love
Why do you always wanna talk about love?
Love, talk about love
Why do you always wanna talk about it?

I say love, it's like when you sing
You move to the music when the words don't mean a thing
But, know you've got to clarify
Define it and refine it, align and realign it

Love, talk about love
Why do you always wanna talk about love?
Love, talk about love
Why do you always want (sshh!)
(Don't talk)

This love, you don't have to understand
Every little thing between a woman and a man
True love comes from deep inside
Try to use your logic and you'll only lose your mind

Talkin' love, talk about love
Why do you always wanna talk about love?
Love, talk about love
Why do you always wanna talk about it?
(Sshh)

Don't talk about it
Just love
Don't have to care about, talk about love

Talkin' love
Don't have to care about, talk about love (sshh)",True,en
3afbea3f-2a6d-40fa-8916-93e090a0da6a,That's What Makes You Strong,The Judds,ae2d4af4-6b37-42f9-80d3-052ee958515b,contemporary country,Country,The Judds,That's What Makes You Strong,"Oh, that's what makes you strong

If you love somebody
Then that means you need somebody
And if you need somebody
That's what makes you weak
But if you know you're weak
And you know need you someone
Oh, it's a funny thing but
That's what makes you strong

That's what makes you strong
That's what gives you power
That's what lets the meek come sit beside the king
That's what lets us smiling, in our final hour
That's what moves our souls and
That's what makes us sing

Just to trust somebody
Is to be disappointed
It's never what you wanted
And it happens every time

But if you're the trusting kind
This don't even cross your mind
And oh it's a funny thing but
That's what makes you strong

That's what makes you strong
That's what gives you power
That's what lets the meek come sit beside the king
That's what lets us smile in our final hour
That's what moves our souls and
That's what makes us sing

That's what makes you strong
That's what gives you power
That's what lets the meek come sit beside the king
That's what lets us smile in our final hour
That's what moves our souls and
That's what makes us sing

That's what moves our souls and
That's what makes us sing

That's what lets us smile in our final hour
That's what moves our souls
That's what makes us sing

Hallelujah
That's what makes us sing",True,en
feaa423c-8332-4e05-95a0-54311b61bee5,Bells of August,The Long Ryders,c26ba79c-dedc-4eae-b42f-1a68ddc3c104,country rock,Country,The Long Ryders,Bells of August,"Who will hear the bells of August
Who will answer to their call
When will people know the answer
Is not to answer them at all

Neighbor gets his views from
Cheap TV News
Words to keep us all apart
Mother just wants her son back
Home again
To heal her broken heart

And they cannot hear
What they will not hear
Sweet cinnamon in the air

Who will tell the mother and father
The news from very far away
After years of wait and worry
The child is coming home today

Once they fought for the illusion
Many grudges from the past
Now they're looking toward the future
The child is coming home at last

Who will hear the bells of August
Who will answer to their call
When will people know the answer
Is not to answer them at all

And they cannot hear
What they will not hear
Sweet cinnamon in the air",True,en
e19ed6cd-47ef-4123-b3c0-ed9dc3936f42,Looking for Lewis and Clark,The Long Ryders,c26ba79c-dedc-4eae-b42f-1a68ddc3c104,country rock,Country,The Long Ryders,Looking for Lewis and Clark,"I thought I saw some diplomat hawking secret plans in the park
I thought I saw my President walking through Harlem late after dark
In a world of love where they burn like Nero
You write them a check and you then add zero
In a world of love where they burn like Nero
You write them a check and you then add zero
Looking For Lewis And Clark

I was standing alone in Mabuhay Gardens (looking for Lewis and Clark!)
I was thinking about the late Tim Hardin
Well, when Tim get to heaven hope he told Gram
About the Long Ryders and just who I am
Yeah, no one gave Tim reason to believe
So he just packed his bags to leave

Looking for Lewis and Clark
Looking for Lewis and Clark
Looking for Lewis and Clark

I thought I saw my government running away with my heart
I thought I heard Mubute anthems in Johannesburg after dark
You can find them in the yellow pages, baby
That's where you get your kickbacks from the Navy
Looking for Lewis and Clark
Looking for Lewis and Clark
Looking for Lewis and Clark

I said a Louie-Louie Lou...
Looking for Lewis and Clark
Looking for Lewis and Clark
Looking for Lewis and Clark",True,en
b8264037-8d1f-4ebc-b285-56fb371b21a2,What the Eagle Sees,The Long Ryders,c26ba79c-dedc-4eae-b42f-1a68ddc3c104,country rock,Country,The Long Ryders,What The Eagle Sees,"An eagle smiles
Above the blue isle
What does she see
So high and free
Green turning brown
She slows back down

She sees what the eagle sees
A burning sky in front of me
She sees what the eagle sees
A burning sky from sea to sea
She's thinking of
All the ones she loves
All the ones all the ones all the ones she loves

Glides through the air
Back to her lair
She's built that nest
A place of rest
And where she'll breed
Nestlings to feed

She sees what the eagle sees
A burning sky in front of me
She sees what the eagle sees
A burning sky from sea to sea
She's thinking of
All the ones she loves
All the ones all the ones all the ones she loves

Her blurring eyes
From dirty skies
Now draw in her breath
Yet nothing's left
Her lungs now stained
She pumps her wings

She sees what the eagle sees
A burning sky in front of me
She sees what the eagle sees
A burning sky from sea to sea
She's thinking of
All the ones she loves
All the ones all the ones all the ones she loves
She's thinking of
All the ones she loves
All the ones all the ones all the ones she loves
All the ones all the ones all the ones she loves",True,en
90bccc84-e4da-4abd-bba5-00db244965be,Ring Bells,The Long Ryders,c26ba79c-dedc-4eae-b42f-1a68ddc3c104,country rock,Country,The Long Ryders,Ring Bells,"Ring bells, sound alarms
Do anything to keep me from harm
Hold me back from yelling out I love her
Shot glass, please pour
Hope to God I'm cured
Someone here please talk me out of this
Someone here please talk me out of this
I'm not like those guys
I'm sure you sympathize
Hold me back from telling her I love her
Fireworks lit sky
Why me? Too young to die
Someone here please get me a glass of water
Someone here get me a glass of water
Ring bells, ring bells, ring bells",True,en
bdcbd170-e51f-47dc-b3cb-b0dd4c20ee32,Too Close to the Light,The Long Ryders,c26ba79c-dedc-4eae-b42f-1a68ddc3c104,country rock,Country,The Long Ryders,Too Close to the Light,"They all made you feel so safe
Brought you to an imagined place
A little warmer you'd have to say
A kind of quiet place to stay

Turn this side of wrong could be right
For the living too close to the light
Turn this side of wrong could be right
For the living too close to the light

Ashes and sand all around you now
There ain't no way when there ain't no how
Like a lawman checking your ID
First thing you know you're a little less free

Turn this side of wrong could be right
For the living too close to the light
Turn this side of wrong could be right
For the living too close to the light

Close to the light
Close to the light
Close to the light

They all made you feel so safe
Brought you to an imagined place
A little warmer you'd have to say
A kind of quiet place to stay

Close to the light
Close to the light
Close to the light",True,en
b587e901-6784-4b16-8ecc-140702a66e3a,As Lonesome as It Gets,Tracy Lawrence,56ff58b3-7a73-4c02-a0ae-70bebf3354f2,"country, contemporary country",Country,Tracy Lawrence,As Lonesome as It Gets,"I've been sitting here alone in the darkness
With the sound of goodbye ringin' in my head
I don't know how much longer I can go on like this
I'm about as lonesome as it gets
Just about as lonesome as it gets

For a long time now, we've been drifting apart
I should have been glad to see you go
But now that it's over and you're on a silver jet
It's about as lonesome as it gets
Just about as lonesome as it gets

(Chorus)
If it rained straight whiskey

Forty days and nights
It would't be enough to numb this hurt I feel
Or keep this lump that's in my throat
From chokin' me to death
I'm about as lonesome as it gets
Just about as lonesome as it gets

When they dig a six foot hole in the ground
And throw the dirt over me
Just let these words mark my final place of rest
This is as lonesome as it gets
Damn sure as lonesome as it gets

(Repeat chorus)",True,en
737c142a-434f-4d0c-925c-60bb48fa29fb,The Man I Was,Tracy Lawrence,56ff58b3-7a73-4c02-a0ae-70bebf3354f2,"country, contemporary country",Country,Tracy Lawrence,The Man I Was,"Look at me in that photograph
Before we were ever us
Long before you found someone else
And broke our sacred trust

I hardly recognize myself
Sure has been a while
Amazing how much my life has changed
Since I've worn that smile
What happened to that smile?

There I am with my head held high
My step was quick and my eyes were bright
Back when I believed in love
And would lay my heart on the line

I don't know which hurts the worst
Losing you or having to see
The picture of the man I was
Before the fool you made of me

I've wasted time here missing you
Doubting who I am
I can't make you something you're not
But I can be me again
Oh deep down I know I can

There I am with my head held high
My step was quick and my eyes were bright
Back when I believed in love
And would lay my heart on the line

I don't know which hurts the worst
Losing you or having to see
The picture of the man I was
Before the fool you made of me

I want to be the man I was
Before the fool you made of me",True,en
e6a70fc5-6a03-4577-96e2-947024547d56,Any Minute Now,Tracy Lawrence,56ff58b3-7a73-4c02-a0ae-70bebf3354f2,"country, contemporary country",Country,Tracy Lawrence,Any Minute Now,"I always pride myself on being strong
Never see me cry or carry on
After seein' you with your new love
Suddenly I'm all choked up

Any minute now, you're gonna see
Years of tears rollin' down my cheeks
A flash flood of old memories
Will come pourin' out

Any minute now, it won't be long
It's been comin' since you've been gone
I'm holdin' back but I can't hold on
Gonna cry out loud any minute now

Said I'd always live by my own rules
I swore I'd never be nobody's fool
Thought I knew how to hide the pain
But that's all about to change

Any minute now, you're gonna see
Years of tears rollin' down my cheeks
A flash flood of old memories
Will come pourin' out

Any minute now, it won't be long
It's been comin' since you've been gone
I'm holdin' back but I can't hold on
Gonna cry out loud any minute now

Any minute now
Any minute now
Any minute now",True,en
68ebe3b0-9225-4e74-a136-0060f9a07a0b,Steps,Tracy Lawrence,56ff58b3-7a73-4c02-a0ae-70bebf3354f2,"country, contemporary country",Country,Tracy Lawrence,Steps,"Little baby boy, sittin' 'round his toys
Gettin' tired of crawlin'
He's pullin' up on an easy chair
He's gonna try a little walkin'
He's takin' steps

A six year old with a new school bag
Starin' down his drive
Holdin' on to his mama's hand
He's going on his first bus ride
He's takin' steps

A teenage boy in a rented tux
Reaching out a trembling hand
To a pretty young girl in a satin dress
Asking her to dance

Steps, some big, some small
Puttin' one foot after the other
Steps, the trick to it all
Is diggin' down to find a little courage
And it's okay to be afraid
You gotta have faith, 'cause life's all about steps

22 years she stood by a man
Who did her wrong
With a packed suitcase and a Greyhound ticket
She's finally gone
Takin' steps

At a meeting downtown, a tired old drunk
Stands and says his name
That leaves him eleven to go
He can already feel the change
Takin' steps

Somewhere a great Grandpa says
""I'm ready to go""
Peacefully drifts off to sleep
Wakes up on streets of gold

Steps, some big, some small
Puttin' one foot after the other
Steps, the trick to it all
Is diggin' down to find a little courage
It's okay to be afraid
Gotta have faith, 'cause life's all about

Steps, some big, some small
Puttin' one foot after the other
Steps, the trick to it all
Is diggin' down to find a little courage
And it's okay to be afraid
You gotta have faith, 'cause life's all about steps",True,en
6f87fe27-2628-4897-8142-846713d113d7,I Hit the Ground Crawlin’,Tracy Lawrence,56ff58b3-7a73-4c02-a0ae-70bebf3354f2,"country, contemporary country",Country,Tracy Lawrence,I Hit the Ground Crawlin',"It's true, I lied, I cheated
And the truth is, that ain't all
While you were thinking of me
I was busy thinking of myself
I never gave and I took all I needed
Running wild until you walked
And since you left
If you're wondering where I fell

Well I hit the ground crawling
I heard your memory calling
And I can see from the bottom
Of this bottle I'm clinging to
That the reason you're long gone
Is that I treated you so wrong
But I hit the ground crawling
Right back to you

To get us back together

I'll cry, I'll beg, I'll bend
I swear I've learned my lesson
Darling don't give up on me
'Cause the nights go on forever
Will the heartache ever end
Can't stand to live without you
I'm begging on bended knee

'Cause I hit the ground crawling
I heard your memory calling
And I can see from the bottom
Of this bottle I'm clinging to
That the reason you're long gone
Is that I treated you so wrong
But I hit the ground crawling
Right back to you

Yeah, I hit the ground crawling
Right back to you",True,en
bf073e69-1835-49a4-8f9d-05399aa03820,Her Heart Is Only Human,Ty Herndon,ef354948-8135-45c0-b48e-9d82fa85e20f,"country, contemporary country",Country,Ty Herndon,Her Heart Is Only Human,"She's one in a million
I've heard that a million times
The odds were less than
Even she'd be mine

How many times does a dream come true
Come into your life
I can't believe the way she makes me feel
I have to pinch myself to know it's real

A touch so soft, a smile so sweet
She's so much like an angel, she's heavenly
She's as perfect as anyone can be
But her heart is only human guess that's why she's loving me

She could've had anyone she wanted
But still she wanted me
I do my best to give her what she needs

I thank my lucky stars above
That I'm the one she loves
So many men will never find their way
To what I wake up looking forward to each day

A touch so soft, a smile so sweet
She's so much like an angel, she's heavenly
She's as perfect as anyone can be
But her heart is only human, guess that's why she's loving me

God never made a more down to earth girl
But the love she gives me takes me
Right out of this world

She's as perfect as anyone can be
But her heart is only human, guess that's why she's loving me
Her heart is only human, guess that's why she's loving me",True,en
647a35a3-f994-40a9-bfb5-4b9a5aa27d10,Love Don't Work That Way,Ty Herndon,ef354948-8135-45c0-b48e-9d82fa85e20f,"country, contemporary country",Country,Ty Herndon,Love Don't Work That Way,"I've got a friend all caught up in keepin' up with Mr. Jones
So high up that ladder he can't see
His wife left him three weeks ago, he don't even know she's gone
Hey, buddy, if you're askin' me

Love don't work, love don't work that way
It's a two heart assembly line workin' nights and overtime day after day
Code-a-phone apologies can't fill a woman's needs
Can't take a lover's place
Love don't work, love won't work that way

I used to work eight hour weeks, trying to buy the best for her
Workin' my life, workin' her love away
But she met me at the door one night and threw my heart a curve
All she had to say

Love don't work, love won't work that way
It's a two heart assembly line workin' nights and overtime day after day
Code-a-phone apologies can't fill a woman's needs
Can't take a lover's place
Love don't work, love don't work that way

It's a two heart assembly line workin' nights and overtime day after day
Code-a-phone apologies can't fill a woman's needs
Can't take a lover's place
Love don't work, love don't work that way

Love don't work that way
Love don't work that way
Love don't work that way
...",True,en
b80417ed-7ff4-4f86-bff0-1562ee09a8ce,If the Road Runs Out,Ty Herndon,ef354948-8135-45c0-b48e-9d82fa85e20f,"country, contemporary country",Country,Ty Herndon,If The Road Runs Out,"I won't stand in your way, I understand
When it calls your name, you've gotta chase that restless wind
I won't break down or let you see my tears
Cause baby I know what you're looking for just ain't here

But if the road runs out and those dreams run dry
And that big old world gets to spinning too fast
Don't think twice
I'll be right here, still loving you
And don't you ever think that you can't turn around
If the road runs out

I can't say goodbye, the words won't come
I want to get on my knees and beg you please but I'm bitin my tongue
I can wish you luck and I can say a prayer
That your skies are blue when you spread your wings and fly out there

If the road runs out and those dreams run dry
And that big old world gets to spinning too fast
Don't think twice
I'll be right here, still loving you
don't you ever think that you can't turn around
If the road runs out

If the road runs out baby

Baby spread your wings

If the road runs out and your those dreams run dry
And that big old world gets to spinning too fast
Don't think twice
Cause I'll be right here, still loving you
Don't you ever think you can't turn around

Don't you ever think you can't turn around

If the road runs out

If the road runs out baby

You can come back home

You've got to fly

Baby spread your wings

Baby spread your wings

And fly",True,en
90b47bd8-ab97-487b-adf5-a0e2a8c9f13c,A Few Short Years,Ty Herndon,ef354948-8135-45c0-b48e-9d82fa85e20f,"country, contemporary country",Country,Ty Herndon,A Few Short Years,"Go!

We headed out of Kansas in a flatbed Ford.
Just a couple hundred dollars, you an' me an' the Lord.
We didn't know where we were goin'.
We just knew we had to go.
Anywhere was better than ""Truvy's Hair and Nails"".
An' workin' at a single pump Texaco.

And maybe it's crazy and we should've planned better.
Saved a little money from the little we'd made.
Guess we shoulda waited for a better moment,
Never taken that chance and played it safe.
Sometimes you've got to dance with danger.
An' sometimes you've got to face your fears.
What's your life if you ain't gonna live it?
Nothing but a few short years.
All right.

Well, I got a job in Pittsburgh working in a steel mill.
And if they hadn't gone busted, I guess we'd be there still.
We had a desperate situation laying in our laps.
Girl, I thought that you were kidding,
When you looked at me and said:
""Let's just throw a dart at that old road map""

And maybe it's crazy and we should've planned better.
Saved a little money from the little we'd made.
Guess we shoulda waited for a better moment,
Never taken that chance and played it safe.
Sometimes you've got to dance with danger.
An' sometimes you've got to face your fears.
An' what's your life if you ain't gonna live it?
Nothing but a few short years.

Instrumental break.

Here we are by our little Coleman camper, dancing by the light of the KOA.
Ain't it somethin' how we made it and we'd give it all back,
Just to chase a promise of a brand new day?

And maybe it's crazy and we should've planned better.
Saved a little money from the little we'd made.
Guess we shoulda waited for a better moment,
Never taken that chance and played it safe.
Sometimes you've got to dance with danger.
An' sometimes you've got to face your fears.
An' what's your life if you ain't gonna live it?
Nothing but a few short years.

A few short years.

Yeah, baby.",True,en
d0b51361-2a92-437b-ae35-854fa2a887b5,Before There Was You,Ty Herndon,ef354948-8135-45c0-b48e-9d82fa85e20f,"country, contemporary country",Country,Ty Herndon,Before There Was You,"A church with no voices raised
Singing loud in heavenly praise
Is just four walls 'round a silent room
That was me before there was you

A ship with no guiding star
Aimlessly drifting near and far
With no harbor to sail into
That was me before there was you

That was me before there was you
The last dark cloud in a sky of blue
On a lonesome wind just passing through
That was me before there was you

A world where darkness fell
Like a coin down an empty rail
Where no wish had ever come true
That was me before there was you

That was me before there was you
The last dark cloud in a sky of blue
On a lonesome wind just passing through
That was me before there was you

That was me before there was you
The last dark cloud in a sky of blue
On a lonesome wind just passing through
That was me before there was you

Oh, that was me before there was you",True,en
11531b69-2943-4f41-b532-317094403b02,Chapel of Pines,Waxahatchee,42321e24-42b6-4f08-b0d9-8325ee887a20,alternative country,Country,Waxahatchee,Chapel of Pines,"Mississippi, I'm alone in the alley
What am I supposed to be fighting for?
If you build yourself up tall
You can tell me what the future holds
Will you settle where you stand or keep it to yourself?

Will you go?
Will you go?
Will you go?
Will you go?

Will you go?
Will you go?
Will you go?
Will you go?

Will you go?
Will you go?
Will you go?
Will you go?",True,en
edb2c3be-4fef-4667-82bf-b5c61929fab5,Slow You Down,Waxahatchee,42321e24-42b6-4f08-b0d9-8325ee887a20,alternative country,Country,Waxahatchee,Slow You Down,"Realize we're not that far away
We will chase the dimmest light of day
I'll slow you down with the sunset
I'll slow you down, we'll take it in
In the house the dust is floating free
We will reach, resisting gravity
I'll slow you down with the sunset
I'll slow you down, we'll take it in",True,en
1dbac6ec-a346-4b0d-be72-227c66167202,You Left Me With an Ocean,Waxahatchee,42321e24-42b6-4f08-b0d9-8325ee887a20,alternative country,Country,Waxahatchee,You Left Me With an Ocean,"You can't say goodbye
You ripped out its lungs and you let it die
Or haunting the hall and swimming in the garbage
The dirty and the fallen
Who am I to say
You left me with an ocean
On this rotten day
Cause I swam in it too
I swam in it too
I swam in it too",True,en
84f12ab0-2b50-4ef3-9d09-16681196e9ec,You’re Welcome,Waxahatchee,42321e24-42b6-4f08-b0d9-8325ee887a20,alternative country,Country,Waxahatchee,You’re Welcome,"I cried all night when you came to my side
It was late
It was trite

Mothers pray for a padlock on their door
Half their love is just ignored

You can run
You can fight
You can hunt for company tonight

We can roll on the floor
You can pretend you don't hold back anymore
And if we sleep half the day
You could say that your luck is on its way

We live by the word a stranger overheard
You'll seem tall
A healthy machine
Heavy breathing
In the lake of an ancient mistake that lingers",True,en
5b072f5d-2e62-4437-b33b-9be868857508,Singer’s No Star,Waxahatchee,42321e24-42b6-4f08-b0d9-8325ee887a20,alternative country,Country,Waxahatchee,Singer’s No Star,"Mostly all the time will go to you
Coming up for air for all the people who
Recognize the sadness in a stranger with less to lose

We get comfortable with our detachment to our oldest friends
And you got me here where I'm left alone
I'm not the only thing you ever left

If I were to spoil a victory
Or accept all of your trust and praise in spite of me
Will you recognize in my voice before I leave?

We sit on a crowded ship
It's not the ending that's the tragic part
If you'd get off my shoulders and sit beside me we would both be fine",True,en
ac20f7fd-0e7b-4dfc-a03c-fc0e7b16bfdc,The Good Ol’ Nights,Waylon Jennings & Willie Nelson,45716fc0-8e06-4143-a47b-327a7906ffb4,"country, alternative country, outlaw country, traditional country, progressive country",Country,Waylon Jennings & Willie Nelson,The Good Ol’ Nights,"People sit around and they talk and talk
How their dreams all ended too soon
Guess they never hung out under the stars
Howling at the moon
I guess we're as different as nine and eight
I see it in a different light
I don't think much about the good ol' days
Just about the good ol' nights
Talk about the good times
Talk about the times when the times were right
You can keep the good ol' days, I'll take the good ol' nights
They wanna go back to when a Cadillac
Didn't look like a Chevrolet
It meant a lot to them but not a thing to me
I never owned one anyway
But a good looking woman and an old guitar
With both of them tuned just right
Well, I don't think much about the good ol' days
Just about the good ol' nights
Talk about the good times
Talk about the times when the times were right
You can keep the good ol' days, I'll take the good ol' nights
You can keep the good ol' days, I'll take the good ol' nights",True,en
a397300e-5db5-4bef-833c-d82e7061f493,The Makin’s of a Song,Waylon Jennings & Willie Nelson,45716fc0-8e06-4143-a47b-327a7906ffb4,"country, outlaw country, traditional country, classic country, progressive country",Country,Waylon Jennings & Willie Nelson,The Makin's Of A Song,"Before you pack your suitcase call your mama
Up to now she's taught you all you need to know
Just look at me as kinda like your daddy
Teaching you the old rules of the road
You won't be no superstar tomorrow
You've got to take the time to pay your dues
When you start to feel at home out on the highway
You're damn sure qualified to sing the blues
Always send a big guy for the money
Don't give 'em no excuse to do you wrong
Even when you lose you're still the winner
At least you've got the makin's of a song
Don't compromise your feelings when they matter
They'll come back to haunt you don't you know?
The songs you sing today you'll sing tomorrow
If you don't give up the music for the show
Always send a big guy for the money
Don't give 'em no excuse to do you wrong
Even when you lose you're still the winner
At least you've got the makin's of a song
At least you've got the makin's of a song",True,en
89b7721d-6d4a-404b-be90-8cf4d0b0bcde,I Could Write a Book About You,Waylon Jennings & Willie Nelson,45716fc0-8e06-4143-a47b-327a7906ffb4,"country, alternative country, outlaw country, traditional country, classic country, progressive country",Country,"Waylon Jennings, Willie Nelson",I Could Write a Book About You,"I know you like a brother, and I know you as well
But there's some things we could talk about
Some things we'd never tell
A few things in particular, an episode or two
I could write a book about you

(Now listen to this)
Big Betty wore a lot of make-up, didn't she sweat a lot?
The Maybelline ran like a river whenever she got hot
Last time I saw Betty, as best as I can recall
You were ridin' her piggyback down that motel hall
(Hey, wait a minute, that ain't true)

That's not the way I remember it
You're lying like a rug on the floor
The only Betty that I can remember
I remember was yours (sure)

And since you brought up the subject
Let's talk about your taste in art
The windows and walls, and the ceilings and floors
You might've got a little too dark

And there's a motel out in Fresno
Where neither one of us can go back
You had a thing about yellow and green
So you painted the whole room black

That ain't the way I remember it
Seems like I had a little help
You weren't along just for the ride
You hit a few strokes yourself (yeah)

I know you like a brother, and I know you as well
There's some things we could talk about
Some things we'd never tell
A few things in particular, an episode or two
I could write a book about you

(But you don't have to worry, I ain't gonna do it, Waylon)
(I hope not)
I could write a book about you",True,en
35d3030c-be10-421b-a2ac-c06fa44c9b12,Old Age and Treachery,Waylon Jennings & Willie Nelson,45716fc0-8e06-4143-a47b-327a7906ffb4,"country, outlaw country, traditional country, progressive country",Country,Waylon Jennings & Willie Nelson,Old Age and Treachery,"Old age and treachery,
Always overcomes youth and skill.
Ain't too much that we won't do;
What Waylon won't, Willie will.

Even though we've spent our lives,
Chargin' up the wrong side of the hill.
Old age and treachery,
Always overcomes youth and skill.

Some people say that our,
Get up and go's got up and gone.
(I don't know 'bout you Willie but,)
I can still jump as high.
I just can't stay that high that long.

Even though we've spent our lives,
Chargin' up the wrong side of the hill.
Old age and treachery,
Always overcomes youth and skill.

Young bull says: ""Old bull,
""Let's run that heiffer down and have a ball.""
(""Let's make her squawl"")
Old bull says: ""Young Bull,
""Let's just ease on adown and love 'em all.""

Old age and treachery,
Always overcomes youth and skill.
Ain't too much that we won't do;
What Waylon won't, Willie will.

Even though we have spent our lives,
Chargin' up the wrong side of the hill.
Old age and treachery,
Always overcomes youth and skill.

Rosie loves the raquet ball,
She won't do it but her sister will.
Damn, what'd you say that for?
Ain't got a thing to do with this...
I know what you're tryin' to do.
Your tryin' to get half a song.
Ok, we'll put your name on it.

Rosie loves the raquet ball,

She won't do it but her sister will.",True,en
400b1630-0b02-4ebb-9dd6-100b8b19b47c,Guitars That Won’t Stay in Tune,Waylon Jennings & Willie Nelson,45716fc0-8e06-4143-a47b-327a7906ffb4,"country, outlaw country, traditional country, classic country, progressive country",Country,Waylon Jennings & Willie Nelson,Guitars That Won't Stay In Tune,"(Troy Seals - Eddie Setser)

Well, I grew up lean and hungry
I worked hard for my money
Said I'm gonna live my life the way I please
Spent some time on the road of life
Saw an angel once and the devil twice
I came across some things that I don't need.

Like a cold hearted women, whiskey in my water
And only one way out of a motel room
Payments on the Cadillac and too many questions
And old guitars that just won't stay in tune.

You know there's good and bad breaks
You learn from your mistakes
It's all in how you handle them do's and don'ts
A hillbilly boy is hard to convice
Wild and stubborn and not much sense
But I've got enough to know what I don't want.

Like a cold hearted women whiskey in my water
And only one way out of a motel room
Payments on the Cadillac and too many questions
And old guitars that just won't stay in tune.

And old guitars that just won't stay in tune...",True,en
24c440bc-eb0c-42a7-8e96-788d3b016c62,Pins and Needles (In My Heart),Willie Nelson,668fd73c-bf54-4310-a139-305517f05311,"country, alternative country",Country,Willie Nelson,Pins and Needles (In My Heart),"I know not where on earth to find you
I know not how or when to start
I only know I'm here without you
There's pins and needles in my heart

Well, the days and the nights are growing longer
Since first you said that we must part
And now you're smiling at another
And there's pins and needles in my heart

I know not where on earth to find you
I know not how or when to start
I only know I'm here without you
There's pins and needles in my heart

I know not where on earth to find you
I know not how or when to start
I only know I'm here without you
There's pins and needles in my heart

I know not where on earth to find you
I know not how or when to start.",True,en
2bb54313-216d-494b-9519-8b31f613084a,Whenever You Come Around,Willie Nelson,668fd73c-bf54-4310-a139-305517f05311,"country, alternative country",Country,Willie Nelson,Whenever You Come Around,"The face of an angel, pretty eyes that shine
I lie awake at night wishing you were mine
I'm standing here holding the biggest heartache in town
Whenever you come around
I get weak in the knees and I lose my breath
And I try to speak but the words won't come, I'm so scared to death
And when you smile that smile, the world turns upside down
Whenever you come around
I feel so helpless, I feel just like a kid
What is it about you that makes me keep my feelings hid
I wish I could tell you, but the words cannot be found
Whenever you come around
I get weak in the knees and I lose my breath
I try to speak but the words won't come, I'm so scared to death
And when you smile that smile, the world turns upside down
Whenever you come around
I get weak in the knees and I lose my breath
And I try to speak but the words won't come, I'm so scared to death
And when you smile that smile, the world turns upside down
Whenever you come around
When you smile that smile
The world turns upside down
Whenever you come around
Whenever you come around",True,en
f908ca8c-f9f3-4d57-bc11-d69c68abb947,Send Me a Picture,Willie Nelson,668fd73c-bf54-4310-a139-305517f05311,"country, alternative country",Country,Willie Nelson,Send Me a Picture,"Send me a picture
When we were together
And we held the world
In the palm of our hands
When life had a future
Forever and ever
Send me that picture again

How long do you hold on
To dreams that don't come true?
Although you dream them again and again
Well, one night I'll dream
And it won't be about you
I don't think so
How long has it been

I write all these words
But you'll never see them
'Cause I'll never send them
I'll just throw them away
Or hide them somewhere
Where no one will find them
So send me that picture today

I used to think time
Would make it all better
But I have learned better
As time passed away
And I've almost forgotten
What it was that I lived for
So send me that picture today

I write all these words
But you will never see them
'Cause I'll never send them
I'll just throw them away
Or hide them somewhere
Where no one will find them
So send me that picture today

Send me a picture
When we were together
When we held the world
In the palm of our hands
When life had a future
Forever and ever
Send me that picture again
Send me that picture again",True,en
2101e50b-c05d-4662-bd16-efeb2e55f526,Everything But You,Willie Nelson,668fd73c-bf54-4310-a139-305517f05311,"country, alternative country",Country,Willie Nelson,Everything but You,"I've got a new car, and it drives just like a dream
I've got money, and can buy most anything
I've got places to go and things to do
I've got everything, everything but you

I've got a date book that's just bulging at the seams
I've got the numbers of all the local queens
They give me memories that last a day or two
I've got everything, everything but you

But this new car I drive don't mean anything
Which reminds me there's a payment overdue
And they say that I'm a man who's got everything
Yeah, I've got everything, everything but you

And this new car that I drive don't mean anything
Which reminds me there's a payment overdue
And they say that I'm a man who's got everything
Yeah, I've got everything, everything but you",True,en
def058c6-8557-4404-b02f-332d4e7f0afc,Mind Your Own Business,Willie Nelson,668fd73c-bf54-4310-a139-305517f05311,"country, outlaw country, traditional country, classic country, country-pop, progressive country, nashville sound/countrypolitan",Country,Willie Nelson,Mind Your Own Business,"If the wife and I are fussin', brother that's our right
'Cause me and that sweet woman's got a license to fight
Why don't you mind your own business
Mind your own business
'Cause if you mind your business, then you won't be mindin' mine

Oh, the woman on our party line's the nosiest thing
She picks up her receiver when she knows it's my ring
Why don't you mind your own business
Mind your own business
If mind you mind your business, then you won't be mindin' mine

Well, I got a little girl that wears her hair up high
The boys all whistle when she walks by
Why don't they mind their own business
Mind their own business
'Cause if they mind their business, then they won't be mindin' mine

Now if I want to honky tonk around 'til two or three
Now, brother that's my headache, don't you worry 'bout me
Just mind your own business
Mind your own business
'Cause if you mind your business, and you won't be mindin' mine

Mindin' other people's business seems to be high-toned
I got all that I can do just to mind my own
Why don't you mind your own business
Mind your own business
If you mind your business, you'll be busy all the time",True,en
d329c950-12d8-4e9a-9097-860254a170cb,Gemini,Anne‐Marie,e3d5b5ec-101a-4529-9f2d-01dca64cf44e,electropop,Pop,Anne-Marie,Gemini,"I don't feel like you know me anymore
Like I don't know me anymore, yeah
Say where's that girl we knew before
'Cause we don't see her anymore, yeah
Used to get lost in conversation
But it seems we've hit a nerve

'Cause I've been around the world
Baby girl, don't think of it like that
I'm on the road, no telephone, no time to call you back
Oh, you pushed my buttons too far lately
Take that chip off your shoulder maybe, yeah

I'll wait forever just to get you alone together
You're my home from home
I swear that I'm sincere
Yeah, I can't lie, no

You know that I'll wait forever
Just to get you alone together
You're my home from home
I swear that I'm sincere
Yeah, I can't lie, no

You are my Gemini
You are my Gemini
You are my Gemini
You are my Gemini

I ain't been sleeping much at all
Too many meetings to recall
And I've been swept up by a storm
But didn't feel the calm at all, yeah, yeah
And now I'm lost in conversation
But I'm not being heard, uh, uh

'Cause I've been around the world
Baby girl, don't think of it like that
I'm on the road, no telephone, no time to call you back
Oh, you pushed my buttons too far lately
Take that chip off your shoulder maybe

I'll wait forever just to get you alone together
You're my home from home
I swear that I'm sincere
Yeah, I can't lie, no

You know that I'll wait forever
Just to get you alone together
You're my home from home
I swear that I'm sincere
Yeah, I can't lie, no

You are my Gemini
You are my Gemini
You are my Gemini
You are my Gemini",True,en
c57fcb7b-d663-4a5f-89b7-d5735e5a9b60,Peak,Anne‐Marie,e3d5b5ec-101a-4529-9f2d-01dca64cf44e,electropop,Pop,Anne-Marie,Peak,"Wasn't I enough?
Didn't I amount to you?
I don't blame you for the love
That I lost to you
It will take time
A lot of heartache too
But I was in love
I thought you were too

No one compares, if I'm honest
I've beaten myself blue
I wish you could've been honest
Instead of trying to look cool

Did I breathe? Did I?
Did I sleep?
Did I eat?
Did I cheat? Did I?
Did I do something wrong?
Did I hit the peak? Did I?
Did I feel?
Did I steal?
No, I didn't do anything but love

Now we get along
That's just what we have to do
I know every song
Sang out my heart for you
I've gotta stay humble
And you have to too
It was the hope, he crumbles
Where it once stood tall

No one compares, if I'm honest
I've beaten myself blue
I wish you could've been honest
Instead of trying to look cool

Did I breathe? Did I?
Did I sleep?
Did I eat?
Did I cheat? Did I?
Did I do something wrong?
Did I hit the peak? Did I?
Did I feel?
Did I steal?
No, I didn't do anything but love",True,en
4e1e90e0-56f0-4e76-ad9c-c05c9d68107b,Peak (stripped),Anne‐Marie,e3d5b5ec-101a-4529-9f2d-01dca64cf44e,"pop, electropop",Pop,Anne-Marie,Peak - Stripped,"Wasn't I enough?
Didn't I amount to you?
I don't blame you for the love
That I lost to you
It will take time
A lot of heartache too
But I was in love
I thought you were too

No one compares, if I'm honest
I've beaten myself blue
I wish you could've been honest
Instead of trying to look cold

Did I breathe? Did I?
Did I sleep?
Did I eat?
Did I cheat? Did I?
Did I do something wrong?
Did I hit the peak? Did I?
Did I feel?
Did I steal?
No, I didn't do anything but love

Now we get along
That's just what we have to do
But I know every song
Sang out my heart for you
I've gotta stay humble
And you have to too
It was the hope, he crumbles
Where it once stood tall

No one compares, if I'm honest
I've beaten myself blue
I wish you could've been honest
Instead of trying to look cold

Did I breathe? Did I?
Did I sleep?
Did I eat?
Did I cheat? Did I?
Did I do something wrong?
Did I hit the peak? Did I?
Did I feel?
Did I steal?
No, I didn't do anything but love",True,en
259911d0-ef81-487e-922f-4c76ed176a6a,Trigger,Anne‐Marie,e3d5b5ec-101a-4529-9f2d-01dca64cf44e,electropop,Pop,Anne-Marie,Trigger,"I don't even wanna open this door
No, I don't wanna step inside
All of our history is scattered on the floor
Blurring all the enemy lines
We're too far from the start to remember
Why there's even a fight
I don't wanna even talk anymore
I don't wanna get left behind
Getting nowhere, tired of fighting
Put the gun down, do the right thing
That won't fix it any quicker
We don't have to pull the trigger
Come along, just show some mercy
Do you really wanna hurt me?
That won't fix it any quicker
We don't have to pull the trigger
That won't fix it any quicker
We don't have to pull the trigger
That won't fix it any quicker
We don't have to pull the trigger
Why can't we talk about it
Why don't we try
I think we can change our minds
If we could just look at it through each other's eyes
Instead of letting bullets fly
Maybe we could just meet in the middle
Do we have to take sides?
Settle down and we don't have to go to war
Why don't we just take our time?
Getting nowhere, tired of fighting
Put the gun down, do the right thing
That won't fix it any quicker
We don't have to pull the trigger
Come along, just show some mercy
Do you really wanna hurt me?
That won't fix it any quicker
We don't have to pull the trigger
That won't fix it any quicker
We don't have to pull the trigger
That won't fix it any quicker
We don't have to pull the trigger
I don't know, I don't know where we started
I don't know, I don't know where we're going
All I know is it won't make a difference
That won't fix it any quicker
We don't have to pull the trigger oh oh, no no no oh
That won't fix it any quicker
We don't have to pull the trigger
We don't, no, we don't
No, we don't, no, we don't
That won't fix it any quicker
We don't have to pull the trigger",True,en
a3411007-779d-4c3d-8882-5f62328c4156,Alarm (John Hill x Stint remix),Anne‐Marie,e3d5b5ec-101a-4529-9f2d-01dca64cf44e,electropop,Pop,Anne-Marie,Alarm (John Hill x Stint remix),"You lay here with me, you're shuttin' down
I smell her on you, I'm focused now
I know what's goin' on in your head, yeah
I know what's happened here in our bed, yeah
Your phone is buzzin', so pick it up
I know she callin', so what the fuck, ah?
I should've known a cheat stays a cheater
So here we are

And there goes the alarm ringin' in my head
Like somebody said, ""Don't you trust him?"" No.
Textin' from his ex, what did you expect?
Now you're lyin' here knowin' where he goes
Now he gotta get you
Karma is a bitch, yeah
Same way that they come that's the way they go
Now he gotta get you
Rewindin' the picture
There goes the alarm and the siren's go

There goes the alarm
I saw it comin', I let it go
My girls will tell me, ""I told you so.""
But I was so intrigued by your style, boy
Always been a sucker for a wild boy
I'm better than this, I know my worth
I might be gettin' what I deserve
But I ain't stickin' 'round for the rerun
What's done is done

And there goes the alarm ringin' in my head
Like somebody said, ""Don't you trust him?"" No.
Textin' from his ex, what did you expect?
Now you're lyin' here knowin' where he goes
Now he gotta get you
Karma is a bitch, yeah
Same way that they come that's the way they go
Now he gotta get you
Rewindin' the picture
There goes the alarm and the siren's go

There goes the alarm
Now he gotta get you
Same way that they go
Now he gotta get you
There goes the alarm, yeah
Same way that they go
Now he gotta get you, yeah

Bang bang, two-shots fired
Man down, one fool, one liar
Ring ring, trust gone missin'
House on fire, house on fire
Bang bang, two-shots fired
Man down, one fool, one liar
Ring ring, trust gone missin'
House on fire

And there goes the alarm ringin' in my head
Like somebody said, ""Don't you trust him?"" No.
Textin' from his ex, what did you expect?
Now you're lyin' here knowin' where he goes
Now he gotta get you
Karma is a bitch, yeah
Same way that they come that's the way they go
Now he gotta get you
Rewindin' the picture
There goes the alarm and the siren's go

There goes the alarm
Now he gotta get you
There goes the alarm
There goes the alarm
Now he gotta get you
There goes the alarm
There goes the alarm",True,en
b362a2a8-d52f-4a71-960a-68bbe21cc269,Least I Have You,CocoRosie,e162b2eb-6a42-4240-8c1b-c94d9a0acb73,"pop, indie pop, alternative pop",Pop,CocoRosie,Least I Have You,"Mama had to be man of the house
Papa played mom like cat plays mouse
She had to do what she had to do
She threw him out like an old left shoe

Refused to go, we were too small to know
We'd end up in another state, jail mates
Me and my sister, fate unknown
Tried to call her on the telephone

But we couldn't reach the dial tone
At night, we were scared, and we cried
She told me lullabies to dry my eyes
And chase away the blue
That's what big sisters do
And they chase away the nightmares too

If no one, if no one in the world understands
At least I have you, at least I have you
If no one, if no one in the world understands
At least I have you, at least I have you

Too many moths spoil the broth
Not enough candles, light is lost
Flew off the handle, just an ordinary scandal
My light is lost without you

Had to throw him out too like an old stinky shoe
You taught me how to go for bluebirds
Sing songs without words
It'd be easier to tell you
Just how much I love and miss you

If no one in the world
If no one, if no one in the world understands
At least I have you, at least I have you
If no one, if no one in the world understands
At least I have you (at least I have you), at least I have you (at least I have you)

If no one, if no one in the world understands
At least I have you (at least I have you), at least I have you (at least I have you)",True,en
e8eb86ac-0ed6-4230-90ac-7942892e1690,Luckless,CocoRosie,e162b2eb-6a42-4240-8c1b-c94d9a0acb73,"pop, indie pop, alternative pop",Pop,CocoRosie,Luckless,"Never got my heart broke
Almost lost my head though
Got my shoes on tight
And my dukes up to fight

Never had much luck though
When it comes to makin' love, though
Poppy left me hangin'
With my heart overflow",True,en
bfb3ab4a-f70d-48df-8555-d095ebfafb21,Unbroken,CocoRosie,e162b2eb-6a42-4240-8c1b-c94d9a0acb73,"pop, indie pop, alternative pop",Pop,CocoRosie,Unbroken,"Imagine I was never really broken
Free spirit, loud, maybe soft-spoken
Unbroken, imagine that
I try to stay open
Despite the push and shove
Face in the mud
Crying like the mourning doves
Begging angels to come
But mostly I was alone

Walking graveyards for fun
By the time I was grown
Thought death might be the only way home
Thought death might be the only way home

Imagine
Crying if it is love
I try to stay open
Unbroken

Imagine I was never really broken
Death might be the only way home
What didn't break her made her stronger
I was alone",True,en
0a81ae97-7fdb-45ed-891b-ba3c22375a59,Nothing but Garbage,CocoRosie,e162b2eb-6a42-4240-8c1b-c94d9a0acb73,"pop, indie pop, alternative pop",Pop,CocoRosie,Nothing But Garbage,"Wedding bells will ring in hell
You ain't nothing but garbage

Slutty bitches, stitchy witches
Itchy bitches, too big britches
Broken stitches, bloody wishes
Broken dishes, slutty kisses

Dolly misses, little miss misses
Little miss vicious, little death wishes
Out with the garbage
Nothing but garbage

Junkyard bitches, junkyard marriage
Baby carriage
Go to hell marriage

Love is lost, it's gone
Ain't nothing but garbage
Love is lost, it's rusted and washed
She gave her soul and heart
'Til death do us part
Wedding bells will ring in hell
Ain't nothing but garbage
Ain't nothing but garbage

Love is lost, it's gone
Ain't nothing but garbage
Love is lost, it's rusted and washed
She gave her soul and heart
'Til death do us part
Wedding bells will ring in hell
Ain't nothing but garbage
Ain't nothing but garbage

Faded lover, fast food mother
Lost my brother and my mother
Junkyard mommy, old salami
Feed them candy, street name Sandy

Junkyard bitches full of stitches
What remains is buckets of pain
And countless times that tears filled my eyes
Nothing but garbage
Nothing but garbage

I'm that dark gone bright
I'm that bright gone dark
Collecting dust, time to hit the spark
He never brought me flowers, a liar and a coward
Kept me up late, had me worried from the first date

Can't sleep, waiting like a bird in a cage
Stuck on the same page
Not even hoping for things to change
""Maybe he'll drop dead"", I said
Maybe something will change
Maybe he'll drop dead

Love is lost, it's gone
Ain't nothing but garbage
Love is lost, rusted and washed
She gave her soul and heart
'Til death do us part
Wedding bells will ring in hell
Ain't nothing but garbage
Ain't nothing but garbage
Love is lost, it's gone
Ain't nothing but garbage

On my own now, own best friend now
Buried the rings in the cemetery
With the rest of me, rest is history
Rest in peace, we never said much
We never said much

Earth body, heaven soul
I thank my angels, he let me go
Free bird, skyward go
Searching for home, free bird
Searching for home

Searching for home on the open road
Wind in my hair, memory gone mostly to blur, hazy
Nothing much left, most of it burned
Many lessons learned
Wisdom earned by way of getting burned

Faith, got some, sometimes hopeless
Mostly drifting toward the scent of bliss
Could be, this life between the knife and the kiss
Could be, bliss, if not darkness
Until it lifts (until the darkness lifts)
Bliss

Love is lost, it's gone
Ain't nothing but garbage
The love is lost, rusted and washed
Ain't nothing but garbage",True,en
e90415ac-97fe-45ed-8d55-3c2cabd0b541,Wait for Me,CocoRosie,e162b2eb-6a42-4240-8c1b-c94d9a0acb73,"pop, indie pop, alternative pop",Pop,CocoRosie,Wait For Me,"Wait for me, wait for me
I'll be there
Wait for me, wait for me
I'll be there

Rolling with her junkyard poppy
Never got to fix her sloppy
Hit her when she acted funny
Kiss her when she brought the money

Dreaming of her junky mommy
Crying when she's feeling crummy
Kiss her when she dropped the money
Smile when she's feeling lucky

Wait for me, wait for me
I'll be there

Rolling in her old jalopy
Never could forget her poppy
Left her when she asked for honey
Miss her when the weather's crummy

Dreaming like there's no tomorrow
Giving back the shoes she borrowed
Ask me and I'll tell you why
Cross my heart and hope to die

Wait for me, wait for me
I'll be there
Wait for me, wait for me
I'll be there

Wait for me, wait for me
I'll be there",True,en
2427fc23-9d13-456e-87cf-ef706d295ef9,Wrong,Depeche Mode,8538e728-ca0b-4321-b7e5-cff6565dd4c0,"synthpop, barrel",Pop,Depeche Mode,Wrong,"Wrong

Wrong

Wrong

Wrong

I was born with the wrong sign
In the wrong house
With the wrong ascendancy
I took the wrong road
That led to the wrong tendencies
I was in the wrong place at the wrong time
For the wrong reason and the wrong rhyme
On the wrong day of the wrong week
Used the wrong method with the wrong technique

Wrong

Wrong

There's something wrong with me chemically
Something wrong with me inherently
The wrong mix in the wrong genes
I reached the wrong ends by the wrong means
It was the wrong plan in the wrong hands
The wrong theory for the wrong man
The wrong eyes on the wrong prize
The wrong questions with the wrong replies

Wrong

Wrong

I was marching to the wrong drum
With the wrong scum
Pissing out the wrong energy
Using all the wrong lines
And the wrong signs
With the wrong intensity
I was on the wrong page of the wrong book
With the wrong rendition of the wrong look
With the wrong moon every wrong night
With the wrong tune playing till it sounded right, yeah

Wrong

Wrong

Too long
Wrong
Too long
Wrong
Too long
Wrong
Too long
Wrong
Too long

I was born with the wrong sign
In the wrong house
With the wrong ascendancy (Too long)
I took the wrong road
That led to the wrong tendencies (Too long)
I was in the wrong place at the wrong time
For the wrong reason and the wrong rhyme (Too long)
On the wrong day of the wrong week
I used the wrong method with the wrong technique

Wrong",True,en
ab844bb3-769f-468b-be72-9d3d9b25bf4a,Just Can’t Get Enough,Depeche Mode,8538e728-ca0b-4321-b7e5-cff6565dd4c0,"synthpop, barrel",Pop,Depeche Mode,Just Can't Get Enough,"When I'm with you, baby
I go out of my head
And I just can't get enough
And I just can't get enough

All the things you do to me
And everything you said
I just can't get enough
I just can't get enough

We slip and slide as we fall in love
And I just can't seem to get enough

We walk together
We're walking down the street
And I just can't get enough
And I just can't get enough

Every time I think of you
I know we have to meet
And I just can't get enough
I just can't get enough

It's getting hotter, it's a burning love
And I just can't seem to get enough

I just can't get enough
I just can't get enough
I just can't get enough
I just can't get enough

I just can't get enough
I just can't get enough
I just can't get enough
I just can't get enough

I just can't get enough
I just can't get enough
I just can't get enough
I just can't get enough

I just can't get enough
I just can't get enough
I just can't get enough
I just can't get enough

And when it rains
You're shining down for me
And I just can't get enough
And I just can't get enough

Just like a rainbow
You know you set me free
And I just can't get enough
And I just can't get enough

You're like an angel and you give me your love
And I just can't seem to get enough

I just can't get enough
I just can't get enough
I just can't get enough
I just can't get enough

I just can't get enough
I just can't get enough
I just can't get enough
I just can't get enough

I just can't get enough
I just can't get enough
I just can't get enough
I just can't get enough

I just can't get enough
I just can't get enough
I just can't get enough
I just can't get enough

I just can't get enough
I just can't get enough
I just can't get enough
I just can't get enough
I just can't get enough",True,en
66b1ed32-76c9-4df3-8141-c91ff8dafc9e,Satellite,Depeche Mode,8538e728-ca0b-4321-b7e5-cff6565dd4c0,"electronic, synthpop, pop, new wave, synth-pop, synthpop_electronic_synthpop, synthpop_synthpop_electronic, alternative pop/rock",Pop,depeche mode,satellite,"Now, hear this, my friends
I'll never be the same again
Going to lock myself in a cold, black room
Going to shadow myself in a veil of gloom

I will function, operate
I will be a satellite of hate
A satellite of hate

Driven to this point by a chain of events
Each one pushed me nearer the edge
Going to send my message through to you
Then you'll receive the signal, too

I will function, operate
I will be a satellite of hate
A satellite of hate

Higher
Higher

Disillusioned, I was disenchanted
Forgot the love that had been implanted
Heard the lies, and I felt the cold
It broke my heart, and I lost control

Now, I'm a satellite of a free state
I'm a satellite of hate
A satellite of hate",True,en
aa64dbd9-f7f2-48da-a7b4-c8f10a4063e1,A Question of Lust,Depeche Mode,8538e728-ca0b-4321-b7e5-cff6565dd4c0,"synthpop, barrel",Pop,Depeche Mode,A Question Of Lust,"Fragile, like a baby in your arms
Be gentle with me, I'd never willingly do you harm
Apologies are all you seem to get from me
But just like a child, you make me smile when you care for me
And you know

It's a question of lust, it's a question of trust
It's a question of not letting what we've built up crumble to dust
It is all of these things and more, that keep us together

Independence is still important for us though
(We realise) It's easy to make the stupid mistake of letting go
(Do you know what I mean?)
My weaknesses, you know each and every one
(It frightens me)
I need to drink more than you seem to think before I'm anyone's
And you know

It's a question of lust, it's a question of trust
It's a question of not letting what we've built up crumble to dust
It is all of these things and more, that keep us together

Kiss me goodbye when I'm on my own
But you know that I'd rather be home

It's a question of lust, it's a question of trust
It's a question of not letting what we've built up crumble to dust
It is all of these things and more, that keep us together
It's a question of lust, it's a question of trust
It's a question of not letting what we've built up crumble to dust
It is all of these things and more, that keep us together

It's a question of lust, it's a question of trust
It's a question of not letting what we've built up crumble to dust
It is all of these things and more, that keep us together
It's a question of lust, it's a question of trust
It's a question of not letting what we've built up crumble to dust
It is all of these things and more, that keep us together",True,en
ad53c34b-ab1b-47f4-a4b9-7393d933400d,Enjoy the Silence,Depeche Mode,8538e728-ca0b-4321-b7e5-cff6565dd4c0,synthpop,Pop,Depeche Mode,Enjoy the Silence,"Words like violence
Break the silence
Come crashing in
Into my little world

Painful to me
Pierce right through me
Can't you understand
Oh my little girl

All I ever wanted
All I ever needed
Is here in my arms
Words are very unnecessary
They can only do harm

Vows are spoken
To be broken
Feelings are intense
Words are trivial

Pleasures remain
So does the pain
Words are meaningless
And forgettable

All I ever wanted
All I ever needed
Is here in my arms
Words are very unnecessary
They can only do harm

All I ever wanted
All I ever needed
Is here in my arms
Words are very unnecessary
They can only do harm

All I ever wanted
All I ever needed
Is here in my arms
Words are very unnecessary
They can only do harm",True,en
dfd00cf0-3d20-4a73-b1ca-998bf420390b,Aladdin,Future Islands,74963434-dcb6-4b14-98cc-99873b06db66,synthpop,Pop,Future Islands,Aladdin,"Doubled the top knot flew out the lattice door
Do what he wouldn't, do what he couldn't do
No lack of wouldn't could be my undoing
No lack of trying, no lack of sighing loo

Weave songs of loving, late dream songs of dying
Recite the oakwood flame, rings count my olden days
I've seen the beaches breached the peak of please and thanks
I've seen my features age, my fingers strange

From the dew
From the dew of the fields we grew
And I built a ship for two
It waits for me and you
In the dew of the fields
Is it real? Is it real?

I'll show you the way
Just walk beside the low stream until it fades
Into a melon colored field
The wind will know your name
And you don't have to run
You don't have to change
Don't ever change

We were the candles that lit up the snow on dusty roads
We were the animals breathing life into June just to see faith
Blessed by the cannibal moon and the spoon dipping deep to your nose
Stressed by the distance of shoes and the bridges too far to be named

Was it real?
When we held our hands close to flame
Just to feel

I'll show you the way
Just walk beside the low stream until it fades
Into a honey colored field
The wind will know your name
And you don't have to change
You don't have to change

Love is real
Our love was real
It's a hand, it's a hold, it's a shield

Our love was real
Our love was real
It's to hope, it's to dream, it's to heal
It's to heal",True,en
d863ca85-ce8a-42bb-9fc0-4721bd14f7d5,North Star,Future Islands,74963434-dcb6-4b14-98cc-99873b06db66,synthpop,Pop,Future Islands,North Star,"I've broken many promises
But this one I would die to keep
When I said I'd be there tomorrow
Beside you as you sleep

I was scared, cuz I've lost so many things before
Kept me running from the world and from myself
You gave me second chance and hopes to run to
I couldn't bare to spend — another day without you

I've gotta catch you
Freezing rain can't keep me away
From your door, from your door

What if the sun don't shine?
Well then the birds won't sing
Just then the blizzard came
Covered you, half a world away

Now I'm stuck in this place, without you
Thinking—what should I do?
All I knew—I couldn't wait—one more night
And if this plane won't fly
Then I'll drive...

'Cause I've gotta catch you
Freezing rain can't keep me away, from you

I'm gonna catch you
Blinding snow can't keep me away
From your door, from your door

What if the sun don't shine
Well then the birds won't sing
Just then the blizzard came
Covered you, half a world away, a world asleep
And I was scared
Cuz I've lost so many things before
Kept me running—from the world—and from myself
You gave me second chance and hopes to run to
I couldn't bare to spend—another day without you

Cuz I've gotta catch you
Freezing rain can't keep me away, from you
I've gotta find you

Hurricanes can't keep me away... from you
Fire and chains can't keep me away... from you
Falling planes can't keep me away... from you
From you...
From you",True,en
3c751bd0-6e93-46ab-9635-a5170b1231aa,Ran,Future Islands,74963434-dcb6-4b14-98cc-99873b06db66,synthpop,Pop,Future Islands,Ran,"Ingest, where it goes
Nobody sees but me
So perfect and so sweet
But the rest feels incomplete
Oh, like the rabbit's foot I keep
In the locket, with no key

And I can't take it, I can't take
This world without, this world without you
I can't take it, I can't take it on my own
On my own

On these roads
Out of love
So it goes
How it feels when we fall, when we fold
How we lose control

On these roads
How it sings as it goes
Flight of field, driving snow
Knows the cold
Ran 'round the wailing world

And what's a song without you?
When every song I write is about you
When I can't hold myself without you
And I can't change the day I found you

On these roads
Out of love
So it goes
How it feels when we fall, when we fold
How we lose control

On these roads
How it sings as it goes
Flight of field, driving snow
Knows the cold

Out of love
So it goes
How it feels when we fall, when we fold
How we lose control

On these roads
How it sings as it goes
Flight of field, driving snow
Knows the cold
Ran 'round the wailing world",True,en
d5ca693a-b5a8-4efd-b63f-38b6364cbee2,Candles,Future Islands,74963434-dcb6-4b14-98cc-99873b06db66,synthpop,Pop,Future Islands,Candles,"Soften your penitence
It's not your fate
Release the weight
Of shouldering after-thoughts
Of watching them fade
Oh I can relate
But deciding your innocence
It's not mine to make
You're not mine to save

You're not mine...

Where does it go?
Where does it go?
This one, for the last time
Baby, I know
A little candle like you
Don't deserve the hurt you're going through

Let me take it from you

Where does it go?
Where does it go?
This time, for the last time
Baby, I know
A little candle like you
Don't deserve the pain you're going through

Let me take it away

You flicker so gently
Yet light up the hall
We dance on the walls

As shadows flee after you
The great and the small
You better us all
You better us...

Where does it go?
Where does it go?
This time, for the last time
Baby, I know
A little candle like you
Don't deserve the hurt you're going through

Let me take it away

Where does it go?
It comes and goes
This time, for the last time
Baby, I know
A little candle like you
Don't deserve the pain you're going through

You shined a light for me
Reflecting light for you
I'm too far to save
So let me take your pain

Let me take it from you
Let me take it away

Where does it go?
Where does it go?
This time, for the last time
Baby, I know
A little candle like you
Gave me the strength that pulled me through

Now let me take it from you
This sadness from you",True,en
7f19beca-87a8-46f4-b014-92d7bd35caaa,Time on Her Side,Future Islands,74963434-dcb6-4b14-98cc-99873b06db66,synthpop,Pop,Future Islands,Time On Her Side,"The sea was large today
Just as any other day
But something broke in me
Watching on this winter's eve
Like a voice, that I'd been trying to hide
Pulled me close
And out into the undertow
I can't beat it
Oh, the sirens sing me home
Just can't release it
I didn't have the strength to go
She's a garden rose and blossoms head to toe
And even when she leaves her golden shadow stings
I can't beat it
Every time she goes, cuts me even deeper
If only I'd the strength to go
Like she does
But she's got time on her side
And she's free to decide
Because she's got time on her side
To be young is divine
And scaling dunes to sea where the white wall feeds
Gets me no closer to peace from the grips that she holds on me
Oh, I can't beat it
Every time she goes
Cuts a litle deeper
So the wound will never close
If only I could beat it
She wouldn't look away for woe
But it finds me when I'm sleeping
And wakes me in a fevered low
Like she does
But she's got time on her side
And she's free to decide
Because she's got time on her side
She's so free, it's sublime
I just wonder if I'm on her mind
As she's on mine, all the time
And I want her to know that I'm on her side
I'm on her side
The sea was large today
Just as any other day",True,en
21deda53-5017-4499-b903-b53e64cb1ab9,Southern Lady,Joe Cocker,32f2d6bd-c22b-42cf-a7bc-0c4b48cd2bcb,"adult contemporary, pop rock, pop/rock, contemporary pop/rock",Pop,Joe Cocker,Southern Lady,"Southern lady, are you listenin'?
Come walk with me
I know there's a place we can hide
But until the moment when I pay the bill
My world is just you and I

Well, the night lights are glowin'
In the mansion on the hill
And the neon lights are shinin'
On my face

There's an old satin laces
The moon's sweet perfume
Just an all night memory
Of a fall guy

Look at me, I'm the playboy on the hill
What a thrill, what a thrill
Look at me, I'm the king
'Till the mornin' light comes shinin'
You're mine, you're mine

Lady, Southern lady
Please dream a dream for me
Lady, Southern lady
Touch me and I will see

Touch me and I will see",True,en
33efa48f-06ad-4e31-9bf6-0d0e8570ca70,I Know (You Don’t Want Me No More),Joe Cocker,32f2d6bd-c22b-42cf-a7bc-0c4b48cd2bcb,"adult contemporary, pop rock, pop/rock, contemporary pop/rock",Pop,Joe Cocker,I Know (You Don’t Want Me No More),"I know you don't love me no more
No more, say no more
And I don't want to be hurtin' anymore

Said that I have tried so hard
Everything I did was no joy
If you can't love me right baby
I don't wanna love you at all

I know you (I know you) don't want me no more
No more, (no more) no more (no more)
And it had to be someone lovin' you more (you more, you more)
Ain't no use in me cryin' now
After you put me down
If you don't want me no more baby
Ain't no use in me hangin' around

You do, I know
You do, you do, you do
You do, you do
I know you do
You do, you do
You do, you do
I, I, I, I, I

I know, (I know) you don't want me no more (no more, no more)
Saidit had to be someone lovin' you more (you more, you more)
Ain't no use in me cryin' now
After you put me down
If you don't want me no more, baby
Ain't no use in me hangin' around
Might as well be on my way

You do, you do
I know, you do, you do
I know
I know, you do, you do
I know
I know, you do, you do",True,en
717d223b-384f-4ebd-838a-7d815ebc2e3e,Fun Time,Joe Cocker,32f2d6bd-c22b-42cf-a7bc-0c4b48cd2bcb,"adult contemporary, pop rock, pop/rock, contemporary pop/rock",Pop,Joe Cocker,Fun Time,"Got a few jingles janglin' in my pocket
And I got a couple that don't make no noise
See, I'm all fired up just like a rocket
And the stars above are just a few of my toys

It's fun time (fun time) it's fun time (fun time)
Let yourself be happy, it's fun time
Shake time (shake time) you deserve a break time (break time)
It's fun time for U-S all

I've got a new resolution
Dreadin' if my mojo wanna disco hand
Got my mind set on a good time
You can come along whatever shape you're in

It's fun time (fun time) it's fun time (fun time)
Let yourself be happy, it's fun time
Shake time (shake time) you deserve a break time (break time)
It's fun time for U-S all

Sayin' it's fun time (fun time) fun time (fun time)
Let yourself be happy, it's fun time
Shake time (shake time) you deserve a break time (break time)
It's fun time for U-S all

Woah! Fun time (fun time) fun time (fun time)
Let yourself be happy, it's fun time
Shake time (shake time) you deserve a break time (break time)
It's fun time for U-S all",True,en
c968fd36-8e19-48aa-808c-5a509fe516c8,I Heard It Through the Grapevine,Joe Cocker,32f2d6bd-c22b-42cf-a7bc-0c4b48cd2bcb,"adult contemporary, pop rock, pop/rock, contemporary pop/rock",Pop,Joe Cocker,I Heard It Through the Grapevine,"(I heard it through the grapevine)
(I heard it through the grapevine, baby)
(I heard it through the grapevine)
(I heard it through the grapevine, baby)

I bet you wonderin' how I knew
'Bout this plans to make me blue
With some other guy that you knew before
Between two of us guys, you know I love you more

You could have told me yourself
That you loved someone else

Instead I heard it through the grapevine (I heard it through the grapevine, baby)
Not much longer would you be mine
Oh, I heard it thought the grapevine (I heard it through the grapevine, baby)
And I'm just about to lose my mind

Take a look at these tears of mine
These tears aren't supposed to cry
Losin' you would end my life, you see
'Cause you mean that much to me

You should've told me yourself
That you loved somebody else

No, I heard it through the grapevine (I heard it through the grapevine, baby)
Not much longer would you be mine
Uhh, uhh, heard it through the grapevine (I heard it through the grapevine, baby)
And I'm just about to lose my mind

You believe half of what you see
Oh, and none of what you hear
I can't help but be confused
If it's true, please tell me dear

Do you plan to let me go
For some other guy that you knew before?

I heard it through the grapevine (I heard it through the grapevine, baby)
Not much longer would you be mine
Uhh, uhh, heard it through the grapevine (I heard it through the grapevine, baby)
And I'm just about to lose my mind

(I heard it through the grapevine)
(I heard it through the grapevine, baby)
(Yes, I heard it through the grapevine)
(I heard it through the grapevine, baby)",True,en
a046554e-99c4-4bf8-b7c7-522af9d007c5,What You Did to Me Last Night,Joe Cocker,32f2d6bd-c22b-42cf-a7bc-0c4b48cd2bcb,"adult contemporary, pop rock, pop/rock, contemporary pop/rock",Pop,Joe Cocker,What You Did To Me Last Night,"I woke up this mornin'
Smilin' all over the place
I felt so good to myself
I didn't wash my face

I looked in the mirror
To see a halo around my head
I knew that I must be dreamin'
So I got straight back in bed

All because of what you did to me last night
What you did to me
All because of what you did to me last night
What you did to me
All because of what you did to me last night
Baby what you did to me
All because of what you did to me last night
Oh what you did to me

My flesh is glad you found me
Even saved my soul
And if I remember correctly
I'd been alone
It's perfectly frightening to say
That you bruised my mind
I feel like a thousand . . .
No respect for time

All because of what you did to me last night
What you did to me
All because of what you did to me last night
What you did to me
All because of what you did to me last night
Baby what you did to me
All because of what you did to me last night
Oh what you did to me

Gettin' it on
Gettin' it on
Gettin' it on
Gettin' it on

Said I'm so glad
I saved my love for you
'Cause there's no other woman
Do the things you do
You got me tastin' sweet
When you know that I'm salty
Oh you got me fanky
When you know that I want you

All because of what you did to me last night
What you did to me
All because of what you did to me last night
What you did to me
All because of what you did to me last night
Baby what you did to me
All because of what you did to me last night
Oh what you did to me

Gettin' it on
Gettin' it on
Gettin' it on
Gettin' it on",True,en
04c3be28-77e2-433d-844f-c497adec85e0,Songbird,Katie Costello,3f906dcb-f042-45aa-9c73-29b1390fb657,"pop, indie pop, vocal pop",Pop,Katie Costello,Songbird,"I've been told by many books and things
That I can read minds and I agree, at least in my dreams
I've been yelled at by many road-ragers
Making love to their coffee and pagers now, heading down south

The lark was humming and softly I kept drumming
And the world was in rhyme and it made sense for a short time
In this little tune about the old kazoo

Songbird, Songbird, whatever bird you are
Give me your voice and your flight
Songbird I don't care if you're an old kazoo
Sing to me and I will sing to you

I've been seen to be heartbroken
Not so much a heartbreaker but an ""I love you,""
And ""I think you do too""
I've been known to be confused
By the colors and the shapes of our round little sphere,
On which we appeared

The lark was humming and softly I kept drumming
And the world was in rhyme and it made sense for a short time
In this little tune about the old kazoo

Songbird, Songbird, whatever bird you are
Give me your voice and your flight
Songbird I don't care if you're an old kazoo
Sing to me and I will sing to you

And then the Greek Muses and the sirens on the rocks
Told me they liked my song
And then the Greek Muses told the sirens on the rocks
Don't you dare touch those folks near those rocks
Don't you touch those folks near those rocks
Orpheus told me so

Songbird, Songbird, whatever bird you are
Give me your voice and your flight
Songbird I don't care if you're an old kazoo
Sing to me and I will sing to you
Sing to me and I will sing to you
Sing to me and I will sing to you",True,en
42c66b79-2ee9-4abb-92dd-e3f2fc9a864e,Virtual Diploma,Katie Costello,3f906dcb-f042-45aa-9c73-29b1390fb657,"pop, indie pop, vocal pop",Pop,Katie Costello,Virtual Diploma,"""Please write an essay (250-500 words) about one of the three topics listed below:
We recommend you copy and paste your essay from a word processing program into the text box below.""
""The post-structuralized and semiotically-charged institutions that guide the multidimensional matrix of cyber-learning cannot be underestimated at this juncture in history.
The physical existence of high school as an architectural and physically social entity is archaic and unnecessary, and detrimental to the crescendo of learning.
My goals are immaterial. I serve as a pawn of a larger delocalization of cultural value systems and am a willing servant of this serendipity.
Thank you."" Submit.
Met the criterion of word count. I am vindicated.
I've acknowledged that I'm socially retarded a long time ago.
French? I - I don't know any French yet.
Online digital photography. Upload your .jpegs, call it a day.
Selected prompt: number two.
""Online learning is becoming more prevalent in our society. How do you envision yourself as a student at anonymous school listed?""
Don't want to tarnish my soon-to-be already really bad reputation at this online schooling program that already hates me.
Seeing as I was supposed to turn that essay in on Wednesday. Now they hate me.
I just don't know what to do anymore.",True,en
837def23-2257-4b6d-a582-17b53ed2a3b3,Nobody's Perfect,Katie Costello,3f906dcb-f042-45aa-9c73-29b1390fb657,"pop, indie pop, vocal pop",Pop,Katie Costello,Nobody's Perfect,"Nobody's perfect
Thank you for reminding me again, my friend
When we would lay with my face in your neck
I would confess there's no place I'd rather be

And I can't convince you to not make me cry
And I can't convince you that I'm your guy
It's time to realize

The moon is ripe, the stars tonight are telling me
That goodbye is the only way to say
Thank you for the memories, I guess
The trip around the clock has been real nice

When we would dance you would put my cheek next to yours
No matter the height difference
We used to say, ""I love forever and I'm yours""
I wonder how much of that is true now

And I can't convince you to not make me cry
And I can't convince you that I'm your guy
It's time to realize

The moon is ripe, the stars tonight are telling me
That goodbye is the only way to say
Thank you for the memories, I guess
The trip around the clock has been real nice

And I can't convince you to not make me cry
And I can't convince you that I'm your guy
It's time to realize

Sometimes in the dead of night
When the quiet makes me forget our fights
I see your love and smile your smile
But the you I knew no longer makes me happy, sadly

The moon is ripe, the stars tonight are telling me
That goodbye is the only way to say
Thank you for the memories, I guess
The trip around the clock has been real nice

Goodbye, goodbye, goodbye, goodbye, etc.

And I can't convince you that I'm your guy
It's time to realize",True,en
dc7cc9f0-9183-448b-bccc-aedf15b32a24,Shadow Love,Katie Costello,3f906dcb-f042-45aa-9c73-29b1390fb657,"pop, indie pop, vocal pop",Pop,Katie Costello,Shadow Love,"Single wishing flower on my lawn
New freckle on the moon's face
Closed eyes saw new grace
Go to sleep blue eyes and wake me when I'm dreaming
Close your lips real tight
Let me kiss them while you're sleeping

It's fool's gold when you realize
Your love was a shadowy bear
It's your child, your baby, your safety
You love them when you can't find your love

Let us just lay here until the record can't go 'round no more,
Even if the room is all but dark, those blue eyes light my own
I don't know how I know, but I need to run away from your shadow love
I forgot what was dear to me, your shadow love is treachery

Something in the way you kiss me goodnight
The warm night air wraps around me tight
Something in the way the quiet room speaks
I find the music loud, that precious sound

It's fool's gold when you realize
Your love was a shadowy bear
It's your child, your baby, your safety
You love them when you can't find your love

Let us just lay here until the record can't go 'round no more,
Even if the room is all but dark, those blue eyes light my own
I don't know how I know, but I need to run away from your shadow love
I forgot what was dear to me, your shadow love is treachery

The streets are ours to dance in
The waves are ours to dive
The sky is for our wishing stars
Dreams so that kiss will survive
But the shadows still blind your eyes
From the love outside the lines
Of the shadowy prize

It's fool's gold when you realize
Your love was a shadowy bear
It's your child, your baby, your safety
You love them when you can't find your love

Let us just lay here until the record can't go 'round no more,
Even if the room is all but dark, those blue eyes light my own
I don't know how I know, but I need to run away from your shadow love
I forgot what was dear to me, your shadow love is treachery",True,en
bbe5de59-7259-4726-81f1-f89c9c0ac20f,Congratulations,Katie Costello,3f906dcb-f042-45aa-9c73-29b1390fb657,"pop, indie pop, vocal pop",Pop,Katie Costello,Congratulations,"The boy in the gown today became a man
His future's oh so bright, at least it looks like
The pretty girl holds her picture in hand
Gives it to the man as she recites her lines

Why does there exist a need to be somebody do something
Whose origins are from that box we all know too well?

What I need is to be okay with being nobody knowing it'd be alright
What made us thinl that being happy came from a piece of paper that said Congrulations, Congratulations

The man in the green wears a name tag
Out of fear they'll mispronounce ""Larry""
The woman in the fur coat wears her lipstick strong
Mascara stained eyes hidden

Why does there exist a need to be somebody do something
Whose origins are from that box we all know too well?

What I need is to be okay with being nobody knowing it'd be alright
What made us thinl that being happy came from a piece of paper that said Congrulations, Congratulations

Being happy doesn't mean being somebody
Take away the impulse to our portrait framed
Might as well just sign me up for a fancy tomb
With my name engraved, my name engraved

What I need is to be okay with being nobody knowing it'd be alright
What made us thinl that being happy came from a piece of paper that said Congrulations, Congratulations

What I need is to be okay with being nobody knowing it'd be alright
What made us thinl that being happy came from a piece of paper that said Congrulations, Congratulations",True,en
83ab98ce-8194-46ad-b1cd-fdbec58620a3,Invincible,Kelly Clarkson,d339efbb-77b9-4147-ba9e-59f2f24550b2,electropop,Pop,Kelly Clarkson,Invincible,"You know I was broke down, I had hit the ground
I was crying out, couldn't make no sound
No one hears the silent tears collecting
You know I had lost hope, I was all alone
Never been so low 'til you came along
Teacher, I feel the dots connecting

Beat down on me, beat down like a waterfall
'Cause I can take on so much more than I had ever dreamed
So beat down on me, beat down like a waterfall
'Cause baby, I am ready to be free

Now I am invincible
No, I ain't a scared little girl no more
Yeah, I am invincible
What was I running for? (oh-oh-oh)
I was hiding from the world
I was so afraid, I felt so unsure
But now I am invincible
And I'm a perfect storm (oh-oh-oh)

Now I am a warrior, a shooting star
You know I got this far, had a broken heart
No one hears the silent tears collecting
'Cause it's being weak, that's strong
In the truth, I'm found
I have courage now, gonna shout it out
Teacher, I feel the dots connecting

Beat down on me, beat down like a waterfall
'Cause I can take on so much more than I had ever dreamed
So beat down on me, beat down like a waterfall
'Cause baby, I am ready to be free (yeah-yeah)

Now I am invincible
No, I ain't a scared little girl no more
Yeah, I am invincible
What was I running for? (oh-oh-oh)
I was hiding from the world
I was so afraid, I felt so unsure
But now I am invincible
And I'm a perfect storm (oh-oh-oh)

I was running from an empty threat
Of emptiness
I was running from an empty threat
That didn't exist
I was running from an empty threat
Of abandonment
I was running from an empty threat
That didn't exist

But now I am invincible
No, I ain't a scared little girl no more
Yeah, I am invincible
What was I running for?
I was hiding from the world
I was so afraid, I felt so unsure
Now I am invincible
And I'm a perfect storm (oh-oh-oh)

Now I am invincible
No, I ain't a scared little girl no more
Yeah, I am invincible
What was I running for? (What was I running for?)
I was hiding from the world
I was so afraid (I was so unsure)
I felt so unsure
Now I am invincible
And I'm a perfect storm (oh-oh-oh)",True,en
92158302-28e1-4de2-b8a4-bb35b65ebfb1,Let Your Tears Fall,Kelly Clarkson,d339efbb-77b9-4147-ba9e-59f2f24550b2,electropop,Pop,Kelly Clarkson,Let Your Tears Fall,"Watch a tear fall, let them fall, and I'll
Make the seas calm,take you in my arms
You cry
(Let your tears fall)
(Let your tears fall)
(Let your tears fall)
It's not a crime to fall apart sometimes
It's not a crime to ask why, to ask why
You cry
(Let your tears fall)
(Let your tears fall)
(Let your tears fall)

I will come, no I won't run
I'm not scared to care
Come to me when you're in need, set it free
Let the truth breathe

Tell me all your secrets, tell me your fears
I won't push you away, I'll only pull you near
No, I won't judge you, I'mma help you through
Tell me all your secrets, share in your pain
Confess it all in me, no matter tell me your name
No, I won't judge you, I'mma help you through

Let your tears fall
L-l-let your tears fall
Let your tears fall
L-l-let your tears fall
No, I won't judge you, I'mma help you through

So give it all, give it all to me
And you can call whenever you need me
You'll cry
(Let your tears fall)
(Let your tears fall)
(Let your tears fall)

I will come, no I won't run
I'm not scared to care
Come to me when you're in need, set it free
Let the truth breathe

Tell me all your secrets, tell me your fears
I won't push you away, I'll only pull you near
No, I won't judge you, I'mma help you through
Tell me all your secrets, share in your pain
Confess it all in me, no matter tell me your name
No, I won't judge you, I'mma help you through

Let your tears fall
L-l-let your tears fall
Let your tears fall
L-l-let your tears fall
No, I won't judge you, I'mma help you through
Let your tears fall
L-l-let your tears fall
Let your tears fall
L-l-let your tears fall
No, I won't judge you, I'mma help you through

I know you been on your knees
I run to your side baby, I run to your side baby
Oh
I know you been on your knees
I run to your side baby, I run to your side baby

Tell me all your secrets, tell me your fears
I won't push you away, I'll only pull you near
No, I won't judge you, I'mma help you through
Tell me all your secrets, share in your pain
Confess it all in me, no matter tell me your name
No, I won't judge you, I'mma help you through

Let your tears fall
L-l-let your tears fall
Let your tears fall
L-l-let your tears fall
Let your tears fall!

Let your tears fall (oh oh)
L-l-let your tears fall
Let your tears fall (oh oh)
L-l-let your tears fall
Oh oh (Oh oh)
Oh oh (Oh oh)
Oh oh, let your tears fall",True,en
c037f2e9-550d-46e0-a3b3-9cdd21d01d8d,Someone,Kelly Clarkson,d339efbb-77b9-4147-ba9e-59f2f24550b2,electropop,Pop,Kelly Clarkson,Someone,"So this is my apology
For saying all those shitty things
I wish I didn't really mean
I'm sorry, I'm not sorry
You had your red flags up and raised
More traffic than east LA
But I drove in anyway
My common sense on holiday

People fall out of face, we were a crash course
We would just be a place stuck on your passport
You travel to some time
But I hope you will find

Someone to cry for, someone to try for
Someone to turn your crooked roads into her streets
Someone to fight for, someone to die for
Someone whose arms will hold you tight enough to be
The reason you breathe
Be the reason you breathe

We stay in love like vacation homes
You're like summers on the sunny coast
But when the cold needs a winter coat
You say you will until you don't
You wore a compass around your neck
A different north than we ever read
Well did you get where you're going yet?
Wish you the worst, wish you the best

I don't know how I fell into your rearview
Paralyzed, lullaby, I couldn't hear you
So I hope you were right
And next to you tonight

There's someone to cry for, someone to try for
Someone to turn your crooked roads into her streets
Someone to fight for, someone to die for
Someone whose arms will hold you tight enough to be
The reason you breathe
Be the reason you breathe

So this is my apology
For saying all those shitty things
I wish I didn't really mean
Sorry, I'm not sorry",True,en
5711e398-1a67-4c3f-b2a9-d8a9192656cc,Tightrope,Kelly Clarkson,d339efbb-77b9-4147-ba9e-59f2f24550b2,electropop,Pop,Kelly Clarkson,Tightrope,"I'm on the tightrope, you've got your reasons
When did it get so hard to breathe?
Hot in the spotlight, I'm feelin' so tired
Your hands are burned from holdin' me
And maybe you and I will fall in time
Eventually
Maybe we'll both die trying
But I can't bring myself to leave
'Cause I've looked

And I ain't seen nothin' like you
The way you light up every room tonight
So easily
And I have moved mountains, babe
Just to stumble into your good grace
And I, I still can't compete

You're on the tightrope, I've got my reasons
How did we get so tangled?
You turn, I stay straight, I bend as you break
We're so messed up, but I know
That you and I will fall in time, eventually
Or maybe we'll both die trying

'Cause I ain't seen nothin' like you
The way you light up every room tonight
So easily
And I have moved mountains, babe
Just to stumble into your good grace
And I, I still can't compete

Oh, you and I will fall in time eventually
Or maybe we'll both die trying

'Cause I ain't seen nothin' like you
The way you light up every room tonight
So easily
And I have moved mountains, babe
Just to stumble into your good grace
And I, I still can't compete",True,en
5317a2c5-f2db-4619-8158-7de9ce09e527,I Had a Dream,Kelly Clarkson,d339efbb-77b9-4147-ba9e-59f2f24550b2,electropop,Pop,Kelly Clarkson,I Had a Dream,"If you wanna lead, be a leader
If you wanna dream, be a dreamer
Climb to the top of that mountain and scream it
But remember when you get to the top
Everything you say is gonna matter
Everything you do is gonna add up
It's what you asked for
So don't get mad when it's not what you thought
Careful now, girl, with them Jezebel ways
Crown on your head, but you're queen of clichés
Little one playing with the big boys now
Hope you're ready when it comes back around

I had a dream that we were more
A generation to behold
Lighting fires with our words
Instead of useless smoke that blurs
The lines of right and wrong
Expression that lives on
An army with a song
That lingers when we're gone
I had a dream

If you wanna preach, be a preacher
If you wanna teach, be a teacher
Remember that the footprints you're leaving
Will tell us all who you really are
It's too bad you can't see what you're worth
Spreading your legs 'stead of using your words
Character is shown by the things that we do
The one thing you're never gonna hide is the truth
'Cause anyone can sell when they're selling out
And anyone can fly when they're falling down

I had a dream that we were more
A generation to behold
Lighting fires with our words
Instead of useless smoke that blurs
The lines of right and wrong
Expression that lives on
An army with a song
That lingers when we're gone
I had a dream

I had a dream

I had a dream that we were more
(I had a dream that we were)
A generation to behold
(To behold)
Lighting fires with our words
(Lighting fires with our words)
Instead of useless smoke that blurs
The lines of right and wrong
Expression that lives on (lives on)
An army with a song
That lingers when we're gone
(When we're gone)
I had a dream
I had a dream
I had a dream
I had a dream",True,en
b11ada75-d424-45b0-945d-be91d4cc6e0d,Can’t Forget You (3LAU remix),Krewella,d87475fa-76a1-4e12-962c-fc9941fdda72,electropop,Pop,Krewella,Can't Forget You (3LAU Remix),"These days, I know I've been gone
Caught up in the gravity
Airplanes are living too fast
I let it get the best of me

I hope it's never too late
To take up your time
'Cause these days, I'm running on fumes
Missing every memory

All those nights
You were on my mind
I can't forget you
I can't forget you

Don't let go
'Cause I'm coming home
I can't forget you
I can't forget
That you held me

Down
From the day that it started, held me
Down
When the night was the darkest

So, thank you for waiting
When it took me so long
I can't forget you
I can't forget

Daydream, the passenger's seat
Riding on the 101
Chi-Town is never too far
Closer than the setting sun

I hope it's never too late
To take up your time
Do you remember that moment?
'Cause I remember that moment

All those nights
You were on my mind
I can't forget you
I can't forget you

Don't let go
'Cause I'm coming home
I can't forget you
I can't forget
That you held me

Down
From the day that it started, held me
Down
When the night was the darkest

So, thank you for waiting
When it took me so long
I can't forget you
I can't forget

We're not tied to the train tracks
Before we go, you should know that
I'm alright if you ride by my side
We could learn this the hard way
And leave our hearts on the highway
I'm alright if you ride by my side

'Cause you held me
Down
From the day that it started, held me
Down
When the night was the darkest

So, thank you for waiting
When it took me so long
I can't forget you
I can't forget

I'm alright if you ride by my side
I'm alright if you ride by my side
I'm alright if you ride by my side
I can't forget you
I can't forget

I'm alright if you ride by my side
I'm alright if you ride by my side
I'm alright if you ride by my side
I can't forget you
I can't forget",True,en
69f37760-2611-4aa6-8257-51fedbe06459,Killin’ It (KillaGraham remix),Krewella,d87475fa-76a1-4e12-962c-fc9941fdda72,"electropop, complextro",Pop,Krewella,Killin' It (KillaGraham remix),"I'm a predator, rapture, I am killin' it. I'm a predator, rapture, I am killin' it. I'm a predator, rapture, I am killin' it...
You're gonna push your luck
Tell me you've had enough
I'm taking off these gloves
Get down and lick the dust

Wanna piece of this, wanna, wanna piece of this
Cherry pie, what you, what you gonna make of this?
One minute in the back seat you hit the switch
I'm a predator, rapture, I am killin' it

I am killin' it

I'm a, I'm a, I'm a, I am killin' it

I am killin' it

Got you sweating from the heart baby night and day
Imma punch to your gut and take your breath away
Love drunk in the craze when you get a taste
I'm an earthquake, feel my rage till I get my way
Like a drug, come on, come on gotta get your fix
Eat your heart out then seal it with a kiss
Aim high, pull the trigger till I get a hit
I'm a predator, rapture, I am killin' it...
I am killin' it

I'm a predator, rapture, I am killin' it

I am killin' it, I am killin' it
I'm a, I'm a, I'm a, I am killin' it

I am killin' it",True,en
39516216-1603-431a-9ad9-16fd87c4526b,You Don’t Even Have to Try,Krewella,d87475fa-76a1-4e12-962c-fc9941fdda72,"electropop, neurofunk",Pop,Krewella,You Don't Even Have To Try,"I watch you watch the world
I watch you trapping the hurt
I watch you drive, running all the red lights
With a look in your eyes, it's a thirst

Tell me, is it just the way you're wired?
Heart of ice and a tongue of fire
Anything you want in the palm of your hands, oh, oh

You don't even have to try
I, I, I lay my hungry eyes on yours
To you, I'd never lie, I, I
Your voice could shatter hearts, start a war, settle scores
You don't even have to try

You don't even have to try

You don't even have to try

I followed you to the stars
Peeled through the layers of your guard
I bit my tongue just to keep you around
'Cause devotion can see through the dark

Tell me, is it just the way we're tethered?
Somewhere in between the pain and pleasure
Had me on my knees so effortlessly, ooh, woah

You don't even have to try
I, I, I lay my hungry eyes on yours
To you, I'd never lie, I, I
Your voice could shatter hearts, start a war, settle scores
You don't even have to try

You don't even have to try

You don't even have to try

I didn't even have to try to want you
To hate you, to miss you
I didn't even have to try to throw you away
I didn't even have to try to need you
To break you, to rearrange and create you

I didn't even have to try to want you
To hate you, to miss you
I didn't even have to try to always replace what you gave
I didn't even have to try
I didn't even have to try
I didn't even have to try

(You don't even have to try)

(You don't even have to try)",True,en
6a026f2d-0caf-4c13-a54a-467b406abcbf,Pass the Love Around,Krewella,d87475fa-76a1-4e12-962c-fc9941fdda72,electropop,Pop,Krewella,Pass The Love Around,"My heart feels drunk
I knew that I don't need anything else
Your smile's a drug
With every moment that passes I melt
We fill our lungs, we breathe this night in
There's no feeling more inviting
We're never going home
Never gonna be alone

1 when we leave the house
2 A.M. we're feeling it now
3, we pass the love around
We don't wanna come down, wanna come down
4 when we self destruct
5 A.M. we can't get enough
6 the sun is coming up
We don't wanna come down, wanna come down

The chains are gone
No one's stopping us from living out loud
From dusk till dawn
We lost ourselves in the arms of this crowd
We spill out our lungs, exhale this night out
All we really want is right now
We're never going home
Never gonna be alone

1 when we leave the house
2 A.M. we're feeling it now
3, we pass the love around
We don't wanna come down, wanna come down
4 when we self destruct
5 A.M. we can't get enough
6 the sun is coming up
We don't wanna come down, wanna come down

All you ever wanted
Was someone by your side
Telling you it's alright, it's alright
Have no fear, we are here
We'll pass the love around
We'll never come down

1 when we leave the house
2 A.M. we're feeling it now
3, we pass the love around
We don't wanna come down, wanna come down
4 when we self destruct
5 A.M. we can't get enough
6 the sun is coming up
We don't wanna come down, wanna come down

We don't wanna come down, wanna come down
We don't wanna come down, wanna come down",True,en
21102303-ea4a-476d-9d59-46f1974647c8,Live for the Night,Krewella,d87475fa-76a1-4e12-962c-fc9941fdda72,"electropop, complextro",Pop,Krewella,Live For The Night,"
I live for the night, I live for the lights
I live for the high 'til I'm free falling
I live for the night, I live for the lights
I live for the high 'til I'm free falling (falling)

'Til I'm free falling (falling)

I live for the night

I am tryna holla
Got that ink up on my collar
Drinkin' 'til there's nada
Isn't whiskey, I don't bother
My bitches ain't no dimes, they be motherfuckin' dollars
So we stack our drinks up high, skyscrapin' 'til we taller
Ring ring, hit that up, show that universal love
If you bleed that red blood, dance until you get enough
Ring ring, hit that up, show that universal love
If you bleed that red blood, dance until you get enough
I'mma do what I want, whatever
I'mma rage 'til the dawn, all-nighter
Don't hold your breath, you know I'll sleep when I am dead

I live for the night, I live for the lights
I live for the high 'til I'm free falling
I live for the night, I live for the lights
I live for the high 'til I'm free falling (falling)

I live for the night

Free falling
I'm the Grim Reaper when I'm blaring out your speaker
Killin' off the weaker, welcome to the final feature
My head is in the clouds, you can say that I'm a dreamer
But I bang it super loud, turn that bitch into a screamer

I'mma do what I want, whatever
I'mma rage 'til the dawn, all-nighter
Don't hold your breath, you know I'll sleep when I am dead
I live for the night, I live for the lights
I live for the high 'til I'm free falling
I live for the night, I live for the lights
I live for the high 'til I'm free falling (falling)

I live for the night, I live for the lights
I live for the high 'til I'm free falling
I live for the night, I live for the lights
I live for the high 'til I'm free falling
I live for the night
",True,en
60b16441-a97c-4484-955e-d09f1131e450,I Want Eyes,Level 42,d69ee229-2f36-494c-b104-9ae0d8be506b,pop/rock,Pop,Level 42,I Want Eyes,"It's late I know but I can't sleep
Peace of mind is hard to keep
I saw it on the news today
A thousand lives just blown away

I want eyes
I want eyes

Another page in history
But the why is still a mystery
Won't you come so we can talk this through
Do you need me now like I need you

I want eyes
I want eyes

On the beach lies a boy
Thrown away like a toy
In the field lies a man
Left behind, he was calling, calling
No one saw him die

Sitting there you're telling me
That everything is meant to be
But when I say I can't go on
I know I'm not the only one
I just can't live on planet hope
And watch the world go up in smoke
I don't know how to face the facts
When I see a child respond to impact

I want eyes
I want eyes
I want eyes
I want eyes

So I wake every night
With the same dream in mind
In a field there's a man
Left behind, he was calling, calling
No one saw me cry

Call",True,en
2ce3a3a0-8625-49d0-821e-1e9f0534eeb1,Sandstorm,Level 42,d69ee229-2f36-494c-b104-9ae0d8be506b,pop/rock,Pop,Level 42,Sandstorm,"I've got a sandstorm blowin' in my head,
I'm seein' many colours but the only one
That's coming through is red,
And it's stoppin' me dead tryin' to make some tracks
But my feet are feeling like lead,
Stop being blead, stop being blead

Oh my things aren't the same,
Anyone could see that if I stayed much longer,
I'd be tamed
We stopped playing games
I'm not pointing fingers but I'm not gonna take the blame
Playin' all your games, taking all your blames

I said oh no, I don't even care,
I guess I'll be seein' you,
I guess I'll be leaving you today,
We're just not a pair,
I know you've been trying but I just can't bear to tell a lie'
Stop tellin' me all your lies
Stop tellin' me all your lies

Let me take you by the hand,
Try to understand, walk me to a land,
Try to understand,
But I ain't nothing but a man

I've got a sandstorm blowin' in my head,
I'm seein' many colours but the only one
That's coming through Is red,

You know how we feel, we can't go on pretending,
And we've just got to fix the deal,
Gotta make it real
Gotta make it real",True,en
782c8d18-09ca-4bd8-b3b7-387f46a52590,The Chinese Way,Level 42,d69ee229-2f36-494c-b104-9ae0d8be506b,pop/rock,Pop,Level 42,The Chinese Way,"Take a journey back in time
Leave the western world behind
Cross the mountains to Peking
Where the paper lanterns gently swing

The Chinese way
Who knows what they know
The Chinese legend grows

The Chinese way
Who knows what they know
The Chinese legend grows

My eyes wide open
I feel a breeze
Words softly spoken
In Cantonese

Standing at the master's side
Then with patience he confides
Secret knowledge, sacred ways
Pearls of wisdom from the dragon days

I could never lie
For honor I would die
Following the Chinese way

So many years ago
Heroes ruled the world
(Some died for love in a cruel world)
They were the only ones in a cruel world

I could never lie
For honor I would die
Following the Chinese way

From the mountains to Peking
Where the paper lanterns gently swing

The Chinese way
Who knows what they know
The Chinese legend grows

The Chinese way
Who knows what they know
The Chinese legend grows

The Chinese way
Who knows what they know
The Chinese legend grows

The Chinese way
Who knows what they know
The Chinese legend grows",True,en
d5fa5397-e834-41a3-a9b5-c804e7105173,The Chant Has Begun,Level 42,d69ee229-2f36-494c-b104-9ae0d8be506b,pop/rock,Pop,Level 42,The Chant Has Begun,"The spirit of the people
The spirit of the people
The spirit of the people
The rhythm has begun ...

Old men with their protocol
Lead us off to war
Sometimes we don't even know
What we're fighting for
Marching to the beat of their drum

Leaders we no longer trust
Told too many lies
The promises they made to us
Were never realised
Hear me now the chant has begun

Nowhere left to turn
No-one left to turn to
Voices raised in anger
They don't have the answer
Our whole world's in danger

Oil slicks on the ebbing tide
Progress out of hand
Blind men choke on swallowed pride
Heads down in the sand
Don't wanna see the damage they've done

Trees destroyed by acid rain
Falling from the skies
When our children place the blame
Who will tell them why
Hear me now the chant has begun

Why is love so rare
All this talk of warfare
Voices raised in anger
They don't have an answer
Pass the word along
We can wait no longer
Too much blind destruction
Follow love's instructions
Now the chant has begun

(Chant)

Make your choice there's no escape
Add your voice, the chant has begun",True,en
e7045a4f-37d0-4e24-aa55-b1248eb8f9ef,Micro-Kid,Level 42,d69ee229-2f36-494c-b104-9ae0d8be506b,pop/rock,Pop,Level 42,Micro Kid,"Pushing all the buttons
Trying to come to something
Flying with his feet on the ground
Full of dreams and visions
In a world of indecision
He ain't around to be pushed around

Been a long time coming on - take a look at him now
And the days of if are gone - 'cause he's showing us how

Knowledge fuels the mind of the few
In a way that no - one's found
Brave new answers screaming the truth
And the techno wins the crown

Micro-kid with mega-thoughts

He is real, he is here, he is fashionable
Micro-kid speaks digitalk
If you hear what he says it's acceptable
Generating square waves

While computing new games
Finally gets the chips off his back
A smile is on his face
Erasing every trace
Of doubt that plagues the rest of the pack
And his brain stores memories - no alternatives could come in

He's the living remedy - times are better than they were then
Knowledge fuels the mind of the few
In a way that no-one's found
Brave new answers screaming the truth
And the techno wins the crown
(Rpt.)",True,en
8330e69d-584e-449f-96cb-0b5c72f26f27,Jaded,Miley Cyrus,7e9bd05a-117f-4cce-87bc-e011527a8b18,"pop, dance-pop, pop rock, alternative pop, party, alt-pop",Pop,Miley Cyrus,Jaded,"I don't wanna call and talk too long
I know it was wrong, but never said I was sorry
Now I've had time to think it over
We're much older and the bone's too big to bury

Oh, isn't it a shame that it ended like that?
Said goodbye forever, but you never unpacked
We went to hell, but we never came back

I'm sorry that you're jaded
I could've taken you places
You're lonely now and I hate it
I'm sorry that you're jaded

You're not even willing to look at your part
You just jump in the car and head down to the bar 'til you're blurry
Don't know when to stop, so you take it too far
I don't know where you are, and I'm left in the dark 'til I'm worried
Ooh, and it hurts me

And it's a fucking shame that it ended like that
You broke your own heart, but you'd never say that
We went to hell, but we never came back

I'm sorry that you're jaded (jaded)
I could've taken you places (places)
You're lonely now and I hate it
I'm sorry that you're jaded

I won't lie, it won't be easy
When somebody new is on your body
I'll change my number, but keep your T-shit
I don't mind it's torn up and faded

I'm sorry that you're jaded (jaded)
I could've taken you places (places)
You're lonely now and I hate it
I'm sorry that you're jaded

I'm sorry that you're jaded",True,en
12502a27-55eb-4af8-8253-0fe887508ee8,Wildcard,Miley Cyrus,7e9bd05a-117f-4cce-87bc-e011527a8b18,"pop, dance-pop, pop rock, alternative pop, party, alt-pop",Pop,Miley Cyrus,Wildcard,"Do you wanna play house? I could be your wife
Go and meet your mom in a dress too tight
Maybe I could stay and not break your heart
But don't forget, baby, I'm a wildcard

I love when you hold me
But loving you is never enough
And don't wait for me
'Cause forever may never come

I'm a wildcard, ooh-ooh
Loving you is never enough
I'm a wildcard, ooh-ooh
Forever may never come

I walk in door, with my lips stained red
Pillows on the floor and the flowers dead
Make the music stop before it starts
'Cause don't forget, baby, I'm a wildcard

I love when you hold me
But loving you is never enough

I'm a wildcard, ooh-ooh
Loving you is never enough
I'm a wildcard, ooh-ooh
Forever may never come

And, ooh, bet you're loving
I went all in, I want all or nothing
Ooh, it'll cost ya
I want all in, I want all or nothing

I love when you hold me
But loving you is never enough

I'm a wildcard, ooh-ooh
Loving you is never enough
I'm a wildcard, ooh-ooh
Forever may never come",True,en
f89dd6ed-6532-4815-a3ab-9bafb802385b,You,Miley Cyrus,7e9bd05a-117f-4cce-87bc-e011527a8b18,"pop, dance-pop, pop rock, alternative pop, party, pop soul, alt-pop",Pop,Miley Cyrus,You,"I wanna set off alarms, deal out the cards
Smoke cuban cigars and get kicked out of bars before two
But only if it's with you
I wanna drive down to Texas, flip off my exes
Get kind of reckless and have wild, wild, wild sex under the moon
But only if it's with you
I got some baggage, let's do some damage
I am not made for no horsey and carriage
You know I'm savage, but you're lookin' past it
I want that late-night sweet magic, that forever-lastin' love
But only if it's with you
Let's crash a wedding tonight, get drunk by the lights
Then I'll pick a fight to make up on the floor of your room
But only if it's with you
I wanna cut off my hair and kick off my boots
Dance in the wind just to do it again, oh, it's true
But only if it's with you, oh
I got some baggage, let's do some damage
I am not made for no horsey and carriage
You know I'm savage, but you're lookin' past it
I want that late-night sweet magic, that forever-lastin'
I'm kinda crazy 'cause that's how you make me
I don't need Jesus, 'cause baby, you saved me, I'm done
But only if it's with you, oh
You, only with you
You, only with you, yeah
You, only with you
You, only with you",True,en
4fc519cc-cc25-4963-92da-d8217fe5d5f5,Rooting for My Baby,Miley Cyrus,7e9bd05a-117f-4cce-87bc-e011527a8b18,"pop, dance-pop, pop/rock",Pop,Miley Cyrus,Rooting For My Baby,"When you wake in the morning and I can tell it's not your best side
No good morning today
I stay to the right if I know you're mad
You're on the left side, stay out of your way
Just hold on
In a minute it'll be over and gone
Gone gone gone gone
I know, I know
That you go through a lot
I know, I know
That the pressure makes you hot
See I know, I know
'Cause you still know what you got
I know, I know yea
Ooh ooh
I'm rootin' for my baby
Ooh ooh
Yea
If you were here
I'd get you a beer and I would hang your clothes
You wanna behold
So you roll up your sleeves and you sweat and breathe
This is a long road, so much more to go
Just hold on
In a minute it'll be over and gone
Gone gone gone gone
I know, I know
That you go through a lot
I know, I know
That the pressure makes you high
See I know, I know
'Cause you still know what you got
I know, I know yea
Ooh ooh
I'm rootin' for my baby
Ooh ooh
Yea
See I've been dreamcatchin'
I thought that this is everlasting
Life with you means love and laughter
Happily ever after
So hold on
In a minute it'll be over and gone
Gone gone gone gone
I know, I know
That you go through a lot
I know, I know
That the pressure makes you high
See I know, I know
'Cause you still know what you got
I know, I know yea
Ooh ooh
I'm rootin' for my baby
Ooh ooh
Yea
I'm rootin' for you, baby
Yea
I'm rootin' for my baby
Yea
But you go through a lot
The pressure makes you high
You still know what you got
Yea",True,en
80b8463a-2dc4-4410-bd3b-638b67e2734b,On My Own,Miley Cyrus,7e9bd05a-117f-4cce-87bc-e011527a8b18,"pop, dance-pop, pop/rock",Pop,Miley Cyrus,On My Own,"Hey! I ain't looking at you
For no particular reason
It doesn't inspire for me to be in
I gotta open that door
Hey, I gotta get it open hey
I'm breaking way through, just like the robber
And smile for the camera
Damn, I feel awesome!
But she doesn't know more
Gotta get it opened!
You never listen when I need someone to talk to
So you switch the subject
Cause, cause it's beyond you
When you talk about your dreams, I'm never included
I need to stop sleeping on myself
Wake up and do it on my own!
I found a way, yeah
And I'll do it on my one, hey!
I can do anything, yeah
And I'll do it on my own
Can't you get it done with the help of no one
I came to this word by myself
So I don't need nobody else!
We have just begun,
So much to do, so young
Don't be afraid of alone
You'll get it done on your own!
Uh, uh, uh!
I know you're in there
Open up, open up!
Just like the feds, looking for the stuff
Three knocks at the door
I gotta get it open!
I'm so confused with all the traffic
I'mma skip the line
Who cares what happens
I gotta stay on that course
I gotta get it open!
You never listen when I need someone to talk to
So you switch the subject
Cause, cause it's beyond you
When you talk about your dreams, I'm never included
I need to stop sleeping on myself
Wake up and do it on my own!
I found a way, yeah
And I'll do it on my own
I can do anything, yeah!
And I'll do it on my own!
Can't you get it done with the help of no one
I came to this word by myself
So I don't need nobody else!
We have just begun,
So much to do, so young
Don't be afraid of alone
You'll get it done on your own!
You never listen when I need someone to talk to
So you switch the subject
Cause, cause it's beyond you
When you talk about your dreams, I'm never included
I need to stop sleeping on myself
Wake up and do it on my own!
I found a way, yeah
And I'll do it on my own
I can do anything, yeah!
And I'll do it on my own!
Can't you get it done with the help of no one
I came to this word by myself
So I don't need nobody else!
We have just begun,
So much to do, so young
Don't be afraid of alone
You'll get it done on your own!",True,en
6e45ec46-7886-492c-bda7-1fa83f171d72,Drunken Driver,Nils Lofgren,a1ef6bc8-2644-4b6d-aa21-27b630acf751,pop rock,Pop,Nils Lofgren,Drunken Driver,"I am a drunken driver
And I know I won't survive her
An innocent babe, I did arrive here
Now a killer is saying goodbye
I was alive here

I had a game plan
My wife, she loves me
I was a young man
I picked up pieces
Important pieces

Walked out of AA
Thought I was okay
Saw this in neon
The monster turned on
Got into Christine
And it was my way

Now I am a drunken driver
And I know I won't survive her
An innocent babe, I did arrive here
Now a killer is saying goodbye
A killer is saying goodbye

I felt so clever
So goddamn clever
Barreled down that back road
When I knew better

The sun was sinking
I turned the corner
Yeah, I've been drinking
Her name was Warner
She was in third grade
And she was laughing
She hugged her rag doll
I sent them dancing
Dancing

Now I am a drunken driver
And I know I won't survive her
An innocent babe, I did arrive here
Now a killer is saying goodbye
A killer is saying goodbye

A killer is saying goodbye
A killer is saying goodbye
Goodbye, goodbye
Goodbye, I'm a killer
Goodbye, I'm a killer
Goodbye
I'm a killer, I'm a killer
Goodbye, goodbye
Goodbye, goodbye, goodbye, goodbye",True,en
4113ebdd-151c-4cd2-bfd3-0a4639115a6f,New Kind of Freedom,Nils Lofgren,a1ef6bc8-2644-4b6d-aa21-27b630acf751,pop rock,Pop,Nils Lofgren,New Kind of Freedom,"Storms blow in, they blow out
You take so much I can live without
Why do the good die young and the problems stay
I can wait no longer for a better day

I've hurt too much, I've paid my dues
I've had my share of pain and blues
Now the tide is changing for you and I
The world is listening, can they hear us cry

What are we fighting for?
What are we dying for?
Everybody needs some
Of this new kind of freedom
New kind of freedom

Let the mountains crumble, let the thunder sound
Let the pain get lost in this freedom found
Is the war really over? Have we won the fight?
Can we wrap some peace 'round this gift of life?

What are we fighting for?
What are we dying for?
Everybody needs some
Of this new kind of freedom
New kind of freedom
What are we fighting for?
Must be a new kind of freedom",True,en
352546dc-f9f0-49a8-b1d6-25b08de3f776,Blue Skies,Nils Lofgren,a1ef6bc8-2644-4b6d-aa21-27b630acf751,pop rock,Pop,Nils Lofgren,Blue Skies,"On days of gray when doubt clouds my view
It's so hard to see past my fears
My strength seems to fade and it's all I can do
To hold on 'til the light reappears
Still, I believe though some rain's bound to fall
That You're here next to me and You're over it all
Lord, the sky's still blue, for my hope is in You
You're my joy, You're the dream that's still alive
Like the wind at my back and the sun on my face
You are life, You're grace
You are blue skies, You're my blue skies
When nights are long seems the dark has no end
Still we walk on in light of the truth
For waiting beyond where the morning begins
Is the dawn and You're mercy anew
Oh, to believe we're alive in You're love
There is so much to see if we keep looking up
Lord, the sky's still blue, for my hope is in You
You're my joy, You're the dream that's still alive
Like the wind at my back and the sun on my face
You are life, You're grace
You are blue skies, You're blue skies
You fill the Heavens with hope and a higher love
A picture, a promise for life
Lord, the sky's still blue, for my hope is in You
You're my joy, You're the dream that's still alive
Like the wind at my back and the sun on my face
You are life, You're grace
And the sky's still blue, for my hope is in You
You're my joy, You're the dream that's still alive
Like the wind at my back and the sun on my face
You are life, You're grace
You are blue skies, You're blue skies
You are blue skies",True,en
9f7a9897-e13a-456b-a897-88c68544bc71,Just a Little,Nils Lofgren,a1ef6bc8-2644-4b6d-aa21-27b630acf751,pop rock,Pop,Nils Lofgren,Just a Little,"I can't say, yes I know
You know why, hate to go
But goodbye, love was sweet
Ours can never meet
So I cry just a little 'cause I love you so
And I die just a little 'cause I have to go away
Can't you see how I feel
When I say love's unreal
So goodbye, it's been sweet
Even though incomplete
Yes I cry just a little 'cause I love you so
And I die just a little 'cause I have to go away
Every night I still hear
Oh your sighs very clear
Now that's gone, gone away
As I once heard you say
Yes I cry just a little 'cause I love you so
And I die just a little 'cause I have to go away
And I cry just a little 'cause I love you so
And I die just a little 'cause I have to go away
I cry just a little
I cry just a little
I cry just a little now
I cry just a little
Yes I cry
I cry just a little
I cry just a little
I cry just a little
I cry",True,en
bf558cd3-00f5-40c6-8349-5e8373bbccc5,Misery,Nils Lofgren,a1ef6bc8-2644-4b6d-aa21-27b630acf751,pop rock,Pop,Nils Lofgren,Misery,"A sweet occasion in an old champagne
So blind down an unmarked road
Broken too hard to feel the pain
Or the hope that died
Rescued I would almost be
But for the misery

I came to in a human hell
It hit me hard and my spirit fell
Heart and soul broken, abused
By a stranger's ways
No I'll never be set free
By this misery
By this misery

Misery, what did I do
Misery, to deserve a fate like you
Misery, will it ever pass
Misery, will I find the guts to last

Patience gone, feel the end in sight
I'll be free today or I'll be dead tonight
Dear Lord, why have you gone and forsaken me
Will I finally be set free

From this misery
From this misery
From this misery",True,en
52ac3d28-eeea-478c-89a7-c73a5503b23f,Culture Shock,Olivia Newton‐John,10ccb5d8-f9d5-4954-9441-3419b522a214,pop rock,Pop,Olivia Newton-John,Culture Shock,"I've been trying to tell you
I've been putting it off, putting it off
Can't wait any longer
You've been good to me
And that only makes it harder
To say what I gotta say

You gotta know I didn't plan it
It was the last thing on my mind
How can you love two people at the same time? Ooh, ooh
Now I don't wanna lose you
But I can't give him up

I know it's unconventional
Radical but practical
Why can't the three of us live together?
It's a culture shock
But it's the only hope we've got
Tell me, why can't the three of us live together? Yeah

If I could go back and undo it
If I had a time machine
I'd make it unhappen like a bad dream
But honey, you gotta know, I didn't plan it
It was the last thing on my mind
How can you love two people at the same time? Ooh, ooh
Now I don't wanna lose you
But I can't give him up

I know it's unconventional
Radical but practical
Why can't the three of us live together?
It's a culture shock
But it's the only hope we've got
So, tell me, why can't the three of us live together?

You're not taking this too well
It's out of the question
I can tell
It's not gonna work, is it?

I know it's unconventional
Radical but practical
I don't wanna lose you, no
But I not gonna give him up, no
It's a culture shock
But it's the only hope we've got

Tell me, why can't the three of us live together?
I know it's unconventional
Radical but practical
Why can't the three of us live together
It's a culture shock
But it's the only hope we've got

So, tell me why (why) can't three of us live together (together)
I know it's not unconditional
Radical but practical
I don't wanna lose you
Why can't three of us live together
It's a culture shock, no
It's the only hope we've got

Why can't three of us live together?
I know it's not unconditional",True,en
3936853c-c706-4066-b706-5af6491258e0,Smile for Me,Olivia Newton‐John,10ccb5d8-f9d5-4954-9441-3419b522a214,"pop, pop rock, country pop",Pop,Olivia Newton-John,Smile for Me,"Smile for me
Let me know that I will always be
The one and only one you'll always need
Baby, smile for me

Smile for me
Chase away the cloud that constantly
Is like a shadow hanging over me
Baby, smile for me

Smile your smile of total tenderness
Smile, the smile that takes away the rain
Smile away my total emptiness
For I never wanna have to cry again

Ooh-ooh, smile for me
And I'll become the girl you want to see
No, there's nothing that I can't be
If you'll just smile for me, ooh-ooh-oh-oh

(Smile your smile of total tenderness), oh, smile your smile
(Smile, the smile that takes away the rain), ooh-ooh-oh-oh
(Smile away my total emptiness)
(Ooh-ooh-ooh-ooh), no, I never, never wanna have to cry again

Oh-oh-oh, smile for me
And I'll become the girl you want to see
No, there's nothing that I can't be
If you'll just smile for me

No, there's nothing, nothing that I can't be
If you'll just smile for me
Smile for me",True,en
fcb5c955-fd9c-468e-b3c7-9a93d0cf5592,Driving Music,Olivia Newton‐John,10ccb5d8-f9d5-4954-9441-3419b522a214,pop rock,Pop,Olivia Newton-John,Driving Music,"I'm a taxi driver on an all-nighter
Don't wanna fall asleep at the wheel
Play me some feel
4 AM business is slow
I listen to my radio
If no one flags me down, I turn up the sound

Moving to the beat
I cruise the empty streets
Changing the gears
Filling up my ears
Help me stay awake
Don't take a commercial break
I need another fare
So stay on the air

Won't you play me some driving music
Won't you play me some driving music

I'm a daydreamer
My speedometer says
I'd better take it slow
Or my speaker's gonna blow up
Help me stay awake
Don't take a commercial break
I need another fare
So stay on the air

Won't you play me some driving music
Won't you play me some driving music

Please won't you play me my request
I wanna hear it one more time
Just for luck
Spin it again 'fore the sun comes up
Seems like I'm always changing dials
Station to station, mile after mile

Won't you play me some driving music
Won't you play me some driving music",True,en
9e2533e4-24ca-4048-bb1f-1f111ba56138,Pony Ride,Olivia Newton‐John,10ccb5d8-f9d5-4954-9441-3419b522a214,"pop, pop rock, country pop",Pop,Olivia Newton-John,Pony Ride,"You're going up and down, back and forth
You're on a wild pony ride
Pony run, run out the door

A free spirit, you hear it
Even the sun won't bring you down
Pony run, run like before

Night's coming, keep running
When will those moonbeams slow you down
Turn you around, let you believe

Run pony, run, can you fly
See the night sky turning blue",True,en
c36e9738-6eb2-4228-a8ca-c45d2bcfeacf,It’ll Be Me,Olivia Newton‐John,10ccb5d8-f9d5-4954-9441-3419b522a214,"pop, pop rock, country pop",Pop,Olivia Newton‐John,It’ll Be Me,"Who's gonna shoe your pretty feet
Who's gonna hold your hand
Who's gonna take you out tonight
To listen to the band
Who'll be the one you love to love
Who's gonna make you glow
Who's gonna show you off tonight
When she takes you to the show

It'll be me
Babe, it'll be me
Coming for thee
Babe, coming for thee
In case there's any doubt
Here's what I'm talkin' about
It'll be me
Babe, it'll be me

Who's gonna meet you in the morn
Court you through the day
Who's gonna be there by your side
When you rock the night away

It'll be me
Babe, it'll be me
Coming for thee
Babe, coming for thee
In case there's any doubt
Here's what I'm talking about
It'll be me
Babe, it'll be me
Coming for thee
Babe, coming for thee
In case there's any doubt
Here's what I'm talking I'm talking about me
Babe, it'll be me

It'll be me, babe",True,en
c3bfcbcc-3007-439d-aaad-33be41b9ac42,I’ll Be Fine Anywhere,Ringo Starr,300c4c73-33ac-4255-9d57-4e32627f5e13,"pop/rock, contemporary pop/rock",Pop,Ringo Starr,I'll Be Fine Anywhere,"By Richard Starkey, Mark Hudson, Dean Grakal and Steve Dudas

- ""RICH?""
- ""YEAH!""

SOMETIMES IT'S A LONELY LIFE I LEAD,
SOMETIMES I JUST DON'T CARE
NO ONE AROUND ME TO PUT DOWN ME,
I CAN GO ANYWHERE.
WELL, I'M ALONE BUT I'M ALRIGHT,
I'M ON MY OWN ON A SATURDAY NIGHT,
I DON'T KNOW, HONEY, I DON'T CARE.

I'LL BE FINE ANYWHERE,
I'M DOING ALRIGHT.
I'LL BE FINE ANYWHERE,
I KNOW A LOT ABOUT LIVING,
IT DON'T PAY TO CARE,
I'LL BE FINE ANYWHERE.

OO -

WELL, I SAY SOMEWHERE DOWN THE LINE,
IF NOBODY'S NEXT TO ME,
DON'T NEED NO ONE TO REMINISCE
ALL OF MY MEMORIES.

WELL, I'M ALONE BUT THAT'S ALRIGHT.
I'M ON MY OWN ON A SATURDAY NIGHT,
I DON'T KNOW AND, SUGAR, I DON'T CARE.

I'LL BE FINE ANYWHERE,
I'M DOING ALRIGHT.
I'LL BE FINE ANYWHERE,
I KNOW A LOT ABOUT LIVING,
AND IT DON'T PAY TO CARE,
I'LL BE FINE ANYWHERE.

I GOT NO WORRIES WHEN I'M OUT RUNNING AROUND, (keep runnin')
THE DEVIL DON'T OWN ME, MY ANGEL TOLD ME,
MAN YOU'RE HEAVEN BOUND.

WELL, I'M ALONE BUT THAT'S ALRIGHT. (that's alright)
EV'RYDAY IS SATURDAY NIGHT, (Saturday night)
I DON'T KNOW AND I DON'T REALLY CARE.

I'LL BE FINE ANYWHERE,
YEAH, I'M DOING ALRIGHT.
I'LL BE FINE ANYWHERE,
I KNOW A LOT ABOUT LIVING,
IT DON'T PAY TO CARE,
I'LL BE FINE ANYWHERE.
OO, I'M DOING ALRIGHT.
I'LL BE FINE ANYWHERE,
I KNOW A LOT ABOUT LIVING,
IT DON'T PAY TO CARE,
I'LL BE FINE ANYWHERE.

OH YEAH, HONEY.
WELL, IT'S BYE-BYE, HONEY, BYE-BYE, BYE-BYE
AS JERRY LEE LEWIS ONCE SAID, BYE-BYE
BYE-BYE,
BYE-BYE,
BYE-BYE,
BYE-BYE,
BYE -

YEAH, BYE-BYE, BYE-BYE, BABY.

Ó Startling Music Ltd/MCA Music/Beef Puppet Music/Irving Music (Birdie of My Life Music)/Do Dis Music",True,en
6eea1397-bc80-4f67-b166-ebc62780390c,Drift Away,Ringo Starr,300c4c73-33ac-4255-9d57-4e32627f5e13,"pop/rock, contemporary pop/rock",Pop,Ringo Starr,Drift Away,"One, two, three, four

Give me the beat, boys
Give me the beat, boys

Day after day I'm more confused
But I look for the light through the pouring rain
You know, that's a game that I hate to lose
I'm feeling the strain, ain't it a shame?

Give me the beat, boys, and free my soul
I wanna get lost in your rock and roll and drift away
Give me the beat, boys, and free my soul
I wanna get lost in your rock and roll and drift away

I'm beginning to think that I'm wasting time
And I don't understand the things I do
Yeah, the world outside looks so unkind
Now it's up to you to carry me through

Give me the beat, boys, and free my soul
I wanna get lost in your rock and roll and drift away
Give me the beat, boys, and free my soul
I wanna get lost in your rock and roll and drift away

And when my mind is free
You know, the melody can move me
And when I'm feeling blue
The guitar's coming through to soothe me, yeah

Thanks for the joy you've given me
I want you to know that I'm believe in the song
The rhythm and rhyme and harmony
You help me along
You're making me strong

Give me the beat, boys
Give me the beat, boys
Come on!

Give me the beat, boys, and free my soul
I wanna get lost in your rock and roll and drift away

Give me the beat, boys, and free my soul
I wanna get lost in your rock and roll and drift away

Give me the beat, boys, and free my soul
I wanna get lost in your rock and roll and drift away

Give me the beat, boys, and free my soul
I wanna get lost in your rock and roll and drift away

Give me the beat, boy

(That's cool, I'll just double that!)",True,en
97cb74b4-9a0f-4669-9f9d-9093fe62e537,Puppet,Ringo Starr,300c4c73-33ac-4255-9d57-4e32627f5e13,"pop/rock, contemporary pop/rock",Pop,Ringo Starr,Puppet,"By Richard Starkey, Mark Hudson, Dean Grakal and Steve Dudas

WE'VE BEEN FRIENDS FOR SUCH A LONG TIME,
MY HEAD HAS A MIND OF ITS OWN.
I DON'T WANNA WAIT IN NO LINE
ALL I WANNA DO IS GO HOME.
SOMETHING'S GOIN' ON INSIDE ME,
I WON'T LET IT TEAR ME APART.

YOU GOT TO BREAKDOWN TO BREAKTHROUGH,
GROWING UP TOOK SOMEONE LIKE YOU.
FORGET ABOUT THE THINGS IN YOUR HEAD,
IT'S TIME TO PUT THE PUPPET TO BED.

DON'T TELL ME ROME WAS BUILT IN A DAY, (no way)
YOU GOT TO LEAVE BEFORE YOU ARRIVE.
IF YOU'RE WILLING TO GIVE IT AWAY, (okay)
IT'S THE ONLY WAY TO SURVIVE.
NEVER UP IS NEVER IN,
YOU GOT TO LOSE BEFORE YOU CAN WIN.

YOU GOT TO BREAKDOWN TO BREAKTHROUGH,
GROWING UP TOOK SOMEONE LIKE YOU.
FORGET ABOUT THE THINGS IN YOUR HEAD,
IT'S TIME TO PUT THE PUPPET TO BED, YEAH-AH!

DO YOURSELF A FAVOUR,
YOU GOT TO LOVE YOUR NEIGHBOUR.
EVEN WHEN THE CHIPS ARE DOWN.

CUT THE STRINGS AND LET ME GO,
NOW THIS IS A ONE MAN SHOW.

YOU GOT TO BREAKDOWN TO BREAKTHROUGH,
GROWING UP TOOK SOMEONE LIKE YOU.
FORGET ABOUT THE THINGS IN YOUR HEAD,
IT'S TIME TO PUT THE PUPPET TO BED.

YOU GOT TO BREAKDOWN TO BREAKTHROUGH,
GROWING UP TOOK SOMEONE LIKE YOU.
FORGET ABOUT THE THINGS IN YOUR HEAD,
IT'S TIME TO PUT THE PUPPET TO BED.

ALRIGHT! ALRIGHT! ALRIGHT!

Ó Startling Music Ltd/MCA Music/Beef Puppet Music/Irving Music (Birdie of My Life Music)/Do Dis Music",True,en
5cd75434-9073-409f-9485-5b7a13e1b143,One,Ringo Starr,300c4c73-33ac-4255-9d57-4e32627f5e13,"pop/rock, contemporary pop/rock",Pop,Ringo Starr,One,"By Richard Starkey, Mark Hudson, Dean Grakal and Steve Dudas

LIGHT IS FADING, DARKNESS COMING SOON,
FEELING LONELY IN THIS EMPTY ROOM.
SOMETHING'S BEEN GOING WRONG, I'M BARELY HOLDING ON.
AND IT'S TRUE, ALL IT TAKES IS

ONE GIRL FOR JUST ONE MINUTE,
ONE WORLD BUT YOU'RE NOT IN IT,
ONE GIRL, ALL IT TAKES IS ONE.

LATELY I FIND I'M FEELING INSECURE,
IS IT JUST ME I'M NOT REALLY SURE.
SOMETHING'S BEEN GOING ON, I KNOW IT WON'T BE LONG.
AND IT'S TRUE, ALL IT TAKES IS

ONE GIRL FOR JUST ONE MINUTE,
ONE WORLD BUT YOU'RE NOT IN IT,
ONE GIRL, ALL IT TAKES IS ONE.

IT'S GETTING VERY LATE,
WHY DID SHE GO AWAY?
I NEEDED HER TO STAY,
LOOK AT THE STATE I'M IN.

SOMETHING'S BEEN GOING ON,
HOW COULD I HAVE BEEN SO WRONG?
AND IT'S TRUE, ALL IT TAKES IS

YOU GIRL FOR JUST ONE MINUTE,
MY WORLD BUT YOU'RE NOT IN IT.
ONE GIRL, ALL IT TAKES IS
ONE GIRL FOR JUST ONE MINUTE,
ONE WORLD BUT YOU'RE NOT IN IT,
ONE GIRL, ALL IT TAKES IS ONE, (you)
ONE, (you)
ONE.

Ó Startling Music Ltd/MCA Music/Beef Puppet Music/Irving Music (Birdie of My Life Music)/Do Dis Music",True,en
c09ff831-ee65-46ab-a007-2230d7940806,Without Understanding,Ringo Starr,300c4c73-33ac-4255-9d57-4e32627f5e13,"pop/rock, contemporary pop/rock",Pop,Ringo Starr,Without Understanding,"By Richard Starkey, Mark Hudson and Steve Dudas

Oo -

YOU SAID YOU WERE MY FRIEND,
YOU DON'T EVEN KNOW MY NAME.
IS THIS THE BEGINNING OF THE END
SINGING YOUR SONGS WITH THE SAME OLD PAIN.

WITHOUT UNDERSTANDING WHERE CAN WE GO?
AND IF THE WORLD STOPS TURNING HOW WILL WE KNOW?

UNDERSTANDING,
IMAGINATION,
WITHOUT UNDERSTANDING,
NO GOOD VIBRATIONS.

THE BOOK IS OPEN TO ME,
I CAN SEE IN YOUR EMPTY PAGES
YOU GOT EYES THAT WON'T SEE,
TRAVELING BLIND IN YOUR OWN MAZES.

WITHOUT UNDERSTANDING WHERE CAN WE GO? (hey, hey, hey)
AND IF THE WORLD STOPS TURNING HOW WILL WE KNOW?

UNDERSTANDING,
IMAGINATION,
WITHOUT UNDERSTANDING,
NO GOOD VIBRATIONS.

WHEN YOU HEAR THE ANGEL SOUNDS (hey, hey hey)
TURN AROUND. (yeah)
TWO VOICES BECOMING JUST LIKE ONE,
CAN IT BE DONE?

WITHOUT UNDERSTANDING (understanding) WHERE CAN WE GO?
AND IF THE WORLD STOPS TURNING HOW WILL WE KNOW?

UNDERSTANDING,
IMAGINATION,
WITHOUT UNDERSTANDING,
NO GOOD VIBRATIONS.

UNDERSTANDING,
IMAGINATION,
WITHOUT UNDERSTANDING,
NO GOOD VIBRATIONS, (no good vibrations).
NO GOOD VIBRATIONS, (no good vibrations).
NO GOOD VIBRATIONS,
NO GOOD VIBRATIONS.

OO -
AH -

Ó Startling Music Ltd/MCA Music/Beef Puppet Music/Do Dis Music",True,en
2c9e1762-bb7f-44c9-bcfe-5287d29f35ef,Out in Space,S.P.O.C.K,60497e76-7587-42b6-9cc5-f9882fdf1e90,synthpop,Pop,S.P.O.C.K,Out in space,"Late at night, stars shining bright
on me, down by the sea

And when I see them in the sky
constantly I'm asking why
I was stranded here
I wish I could be
Out in space

I dream away, I don't want to stay
in a world that's so absurd

I wish we had a moon or two
like some other planets do
why was I born here?
I wish I could be
Out in space",True,en
b815028a-dde1-4ce7-95c2-1e9f2da02763,All the Children Shall Lead,S.P.O.C.K,60497e76-7587-42b6-9cc5-f9882fdf1e90,synthpop,Pop,S.P.O.C.K.,All the Children Shall Lead,"I'm sitting in my quarters aboard the ship
Thinking about this very special trip

400 people, destiny: our closest star
Mankind has never ever been that far
Soon comes the future, then we will die
All the children shall lead
We'll never see the world that lies ahead
Long before we get there all adults will be dead

Then it is up to the kids we brought along
Now they learn what is right and what is wrong
Soon comes the future, then we will die
All the children shall lead
As a bad example we show them how it used to be
Before the year 2000 it was a total misery
Soon comes the future, then we will die
All the children shall lead",True,en
09aedc6f-a548-44b0-a0b0-8e78f143e714,Astrogirl’s Dilemma,S.P.O.C.K,60497e76-7587-42b6-9cc5-f9882fdf1e90,synthpop,Pop,S.P.O.C.K,Astrogirl's Dilemma,"She's in love again
But she wouldn't know to choose
She's in love again
But she's afraid to loose

She's been working for a long, long time
She wants to get away but she doesn't earn enough
Nobody's tipping her that much

When she works she fakes it all
But underneath her skin she's got a longing heart
Which is hoping for a new start
She's in love again
But she wouldn't know to whom choose
She's in love again
But she's afraid to loose
One of them is the Cosmic Boy
He makes her laugh but it's hard for him to settle down
He doesn't want to be bound

The other one is a stormtrooper
He's a real man but has problems with his attitude
Sometimes he's very, very rude
She's in love again
But she wouldn't know to choose
She's in love again
But she's afraid to loose",True,en
30111f49-6e3a-4859-afa6-e62cc16a9e02,Space Seed,S.P.O.C.K,60497e76-7587-42b6-9cc5-f9882fdf1e90,synthpop,Pop,S.P.O.C.K,Space Seed,"It's an unknown fact to you
Why humans look the way they do
And not like the cavemen you once were

Ages ago we came to Earth
Carried out our holy mission
Developing you to something new
Space seed, new breed
We improve the human race with our space seed

Space seed, new breed
We will help the human race with our space seed
We are the guardians of the galaxy
Preserving life and its mystery
We are behind what your scientists call ""The Missing Link""

Now you can be sure there are E.T: s out there

The thing we've done to you we've been doing everywhere
And we'll do it again and again and again
Space seed, new breed
We improve the human race with our space seed

Space seed, new breed
We will help the human race with our space seed
Now you are misusing your inheritance
You'd better start to behave; there won't be a second chance
But do it now before it gets too late
Or disintegration will be your fate
Space seed, new breed
We improve the human race with our space seed

Space seed, new breed
We will help the human race with our space seed",True,en
a393f7d3-e3ff-439f-8b1c-68b4cdc2c4b5,Force of Life,S.P.O.C.K,60497e76-7587-42b6-9cc5-f9882fdf1e90,synthpop,Pop,S.P.O.C.K,Force of Life,"Can you feel it?

The force of life",True,en
b7ec106d-3bf7-4ae2-9421-738f42d0e573,Beyond the Universe,Sophie Ellis‐Bextor,c4b87e45-c07a-460f-9c58-8d15328e2964,"pop, synth-pop, pop rock",Pop,Sophie Ellis-Bextor,Beyond The Universe,"Feel the light hit the top
As the sun is coming up
Through our skin, it enters in
Right to the heart of us
We're not tethtered to the ground
Not weighed down by any sound
Nothing is around, just us
Stars and the rest is ours
I don't wanna waste today
Gravity fades away
Constellations breaking through
Celestial wanderlust
Climb a little cloud
Scale a little breeze
Ride the morning moon
Won't you come and see?
Everything we want
For eternity, waits for you
Ah, beyond the universe
Ah, beyond the universe
I'll take you there
Ah, take you there
Ah, beyond the universe
Ah, beyond the universe
I'll take you there
Ah, take you there
Galaxies pass us by
All we can do is fly
Falling past the world we knew
All you have to do is trust
And climb a little cloud
Scale a little breeze
Ride the morning moon
Won't you come and see?
Everything we want
For eternity, waits for you
Ah, beyond the universe
Ah, beyond the universe
I'll take you there
Ah, take you there
Ah, beyond the universe
Ah, beyond the universe
I'll take you there
Ah, take you there
We're soaring through the light
Above the atmosphere
Until we disappear
Beyond the universe
Beyond the universe
I'll take you there
Take you there
Ah, beyond the universe
Ah, beyond the universe
I'll take you there
Ah, take you there
Won't you let me take you there?
Won't you let me take you there?
Won't you let me take you there?
Won't you let me take you?
Soaring through the light
Above the atmosphere
Until we disappear",True,en
215834cb-775b-4d95-aba2-32fcdaf1b0fb,Love It Is Love,Sophie Ellis‐Bextor,c4b87e45-c07a-460f-9c58-8d15328e2964,dance-pop,Pop,Sophie Ellis‐Bextor,Love It Is Love,"I can't believe it's happened to me
Taken over so completely
I was content but nevertheless
You've changed my life for the best

I want to hold you 'til I lose time
I never want to be back in my mind

The way that I'm feeling
Love it is love
Keep on with the feeling
Love it is love

Begins without thinking
Be friends with a touch
Keep on with the feeling
Love it is love
Love it is love
Love it is love

So all a sudden stupid makes sense
I succumb and I've no defense
You make me happy inside I dance
Never stopping, fuel is a glance

I've fallen deeper and I am the girl
I used to want to be you spin my world

Onward motion, pure devotion
Onward motion, pure devotion

The way that I'm feeling
Love it is love
Keep on with the feeling
Love it is love

Begins without thinking
Be friends with a touch
Keep on with the feeling
Love it is love
Love it is love
Love it is love

I thought I knew my heart was lone and stark
But baby, oh
You've moved within me, never go
Never go, never go, never go

The way that I'm feeling
Love it is love
Keep on with the feeling
Love it is love

Begins without thinking
Be friends with a touch
Keep on with the feeling
Love it is love

The way that I'm feeling
Love it is love
Keep on with the feeling
Love it is love

Begins without thinking
Be friends with a touch
Keep on with the feeling
Love it is love

Love it is love, it is love, it is love
Love it is love
Love it is love, it is love, it is love
Love it is love",True,en
4112ba46-1330-4717-898a-a1d101d56cb0,He’s a Dreamer,Sophie Ellis‐Bextor,c4b87e45-c07a-460f-9c58-8d15328e2964,"pop, pop rock, chamber pop",Pop,Sophie Ellis-Bextor,He's A Dreamer,"Romantic fantasizer
Star gazing, never with an answer
Sweet voyager, lifting up the atmosphere
Idealist memorizer
My roaming imagination wonder
Want to get into the place so near

Underneath a dark and heavy sky
Let the storm clouds come and lift you high
Hidden from the nightmares, you and I
We're dreaming

He's a dreamer, he's a dreamer
Everywhere he goes
He's a drifter
And I could never keep my eyes so closed
He's a dreamer, he's a dreamer
Always takes it slow
He's a wonder
And I've tried to see the world he knows
Oh, I'll never see the world he knows

My favourite synthesizer
Escape artist, moving like a dancer
Deep ocean, swimming through the atmosphere

Underneath the emerald rolling sea
Let the currents bring you back to me
We can waltz for all eternity
We're dreaming (Dreaming)

He's a dreamer, he's a dreamer
Everywhere he goes
He's a drifter
And I could never keep my eyes so closed (Keep me eyes so closed)
(Never keep my eyes so closed)
He's a dreamer, he's a dreamer
Always takes it slow
He's a wonder
And I've tried to see the world he knows (See the world he knows)
Oh, I'll never see the world he knows

He's a dreamer, he's a dreamer
Everywhere he goes
He's a drifter
And I could never keep my eyes so closed (Keep my eyes so closed)
(Never keep my eyes so closed)
He's a dreamer, he's a dreamer
Always takes it slow
He's a wonder
And I've tried to see the world he knows (See the world he knows)
Oh, I'll never see the world he knows

He knows
He knows
He knows
He knows",True,en
e777ec0d-2e87-4fe6-9712-7cf2d1d1ee67,Hearing in Colour,Sophie Ellis‐Bextor,c4b87e45-c07a-460f-9c58-8d15328e2964,dance-pop,Pop,Sophie Ellis-Bextor,Hearing in Colour,"I'm hearing in colour, I'm seeing in sound
Inhaling emotions and touching no ground
I'm tasting the future, I'm wasting no time
And joy runs forever and ever because you are mine

A million shades in the spectrum since you came
A million senses spark when you call out my name
(Calling my name, calling my name)

I'm hearing in colour
Glitch in my bloodstream
I'm tasting tomorrow
A feverish dream
I'm touched by the visions
It's filling the frame
I'm hearing in colour
When you call my name
When you call my name

I'm over and under
I'm full of the thirst
I'm starving the hunger
So peaceful it hurts

A million shades in the symphony you play
A million senses spark when you call out my name
(Calling my name, calling my name)

I'm hearing in colour
Glitch in my bloodstream
I'm tasting tomorrow
A feverish dream
I'm touched by the visions
It's filling the frame
I'm hearing in colour
When you call my name
When you call my name

Calling my name, calling my name
Calling my name, calling my name
Calling my name, calling my name
Calling my name, calling my name
Calling my name, calling my name
Calling my name, calling my name
Calling my name, calling my name
Calling my name, calling my name

I'm hearing in colour, I'm seeing in sound
All the shades in the symphony, baby, since you've been around
When you call my name",True,en
38228d66-277d-4c6d-9673-0313beb2c06d,Lost in the Sunshine,Sophie Ellis‐Bextor,c4b87e45-c07a-460f-9c58-8d15328e2964,"pop, pop rock, sophisti-pop",Pop,Sophie Ellis-Bextor,Lost in the Sunshine,"The faded colors in the light
I feel no one can touch us, we're alright
I'm gonna take a moment, breathe it in
Not just your image, baby
Warmth on skin
Scent of flowers, taste of blue
All my seasons, you
Let's get lost in the sunshine
And give ourselves to the summertime
An afterglow in clementine
And now the heat is growing
Our blanket covers, the greenest grass
And it's so very tranquil, let it last
As the ice is melting, sun overhead
A breeze to shake the branches, nothing said
Scent of jasmine, taste of blue
All my seasons, you
Let's get lost in the sunshine
And give ourselves to the summertime
An afterglow in clementine
And now the heat is growing
We're getting lost in the sunshine
Margaritas by the riverside
We're gonna let the hours slide
And keep the good times going
Forever always in my mind, I go there when I need to
Forever always in my mind
And when I need to lose some time
You're there when I reach for you
Forever always in my mind
Let's get lost in the sunshine
And give ourselves to the summertime
An afterglow in clementine
And now the heat is growing
We're getting lost in the sunshine
Margarita by the riverside
We're gonna let the hours slide
And keep the good times going
And going, and going",True,en
b3120c68-a05d-4b87-9518-22f79cb38bea,Heart of Stone,Taylor Dayne,c0cd3de7-4654-482b-913b-6fd7dc4ce9a4,synthpop_house_electronic,Pop,Taylor Dayne,Heart of Stone,"We need to lay in each other's arms
There's nowhere else to go
It's all so easy and I want you to know
There'll never be another one who could get this close to me
Everything you give to me is everything I've dreamed of

Even when you turn your back now
I can feel you reaching for me
Even when you walk away
I still know where you're hiding (still know where you're hiding)

I can't believe you've got a heart of stone (ah-ha-ha)
I've seen your tears fall when you thought you were alone
I can't believe you've got a heart of stone (ah-ha-ha)
I can't believe it, yeah
Ooh-oh-oh, oh

You try to make like I'm not there to show me how you feel
You don't have to hurt me with the hurt that you won't reveal
There'll never be another one who could get this close to you
I can give you everything that you ever dreamed of

Even when you turn your back now (I can feel it)
I can feel you reaching for me (when you)
Even when you walk away
I still know where you're hiding, yeah (still know where you're hiding)

I can't believe you've got a heart of stone (ah-ha-ha)
I've seen your tears fall when you thought you were alone
I can't believe you've got a heart of stone (ah-ha-ha)
I can't believe it, yeah

I can't believe you've got a heart of stone (ah-ha-ha)
The more you try to hide your love, the more it shows
I can't believe you've got a heart of stone (ah-ha-ha)
I can't believe it, yeah

Oh-oh-oh-oh-oh, feel it, baby
Oh-oh-oh-oh-oh, feel the loving in me
Oh-oh-oh-oh, I need it
Oh-oh-oh-oh, yeah

I can't believe you've got a heart of stone (ah-ha-ha)
The more you try to hide your love, the more it shows
I can't believe you've got a heart of stone (ah-ha-ha)
I can't believe it, yeah
No, no, no, no, ya better believe it

I can't believe you've got a heart of stone (heart of stone, no, no)
Your eyes say yes even when you tell me no, no (ya better believe it)
I can't believe you've got a heart of stone (heart of stone, no, no)
I can't believe it, yeah

It goes and goes and goes
I can't believe you've got a heart of stone, no, no
Your eyes say yes even when you tell me no, no",True,en
c2f0f7f9-8aea-47bf-94fc-a0625dc7739e,Say a Prayer (Vission Lorimer mix),Taylor Dayne,c0cd3de7-4654-482b-913b-6fd7dc4ce9a4,synthpop_house_electronic_synthpop_house,Pop,Taylor Dayne,Say A Prayer (Vission & Lorimer Mix),"Say a little prayer for you'
Say a little prayer for you
Well, I remember when
You were my only friend
You took the time
When on one else cared
You gave love endlessly
And then you proved to me
No matter what
You'd always be there
And now I understand
Just how life's little plan
Can make it rough to say 'forever'
But you've been there for me
So that's my guarantee
That we will always be together
When I have sleepless nights
That's when you hold me tight
You do it right
I say a little prayer for you
And when my dreams are through
I only think of you
Cause you do it right
I'll say a little prayer for you
We've had good times that's true
We've had our bad times too
But through it all
It makes us stronger
We'll have to build our trust
Because it means too much
To give away to any other
And now I understand
Just how life's little plan
Can make it rough to say 'forever'
But you've been there for me
So that's my guarantee
That we always be together

I say a little prayer for you
Alright
Come on
Say it, say it, say it, say it, say it
Alright
Say a prayer
Alright
Come on
I'll say a little prayer for you
Say it
Come on
I'm prayin'
I'll say a little payer for you
And now I understand
Just how life's little plan
Can make it rough to say 'forever'
But you've been there for me
So that's my guarantee
That we will always be together
I say a little prayer for you
I will
Say a little prayer for you

So far away'

My baby
My love",True,en
b9d3a268-08d6-4772-8b8f-bc1fa2bea67d,I'll Be Your Shelter,Taylor Dayne,c0cd3de7-4654-482b-913b-6fd7dc4ce9a4,synthpop_house_electronic,Pop,Taylor Dayne,I'll Be Your Shelter,"Mm, mm, yeah
When there's clouds hangin' in your sky
They're not just lettin' any light in
And you feel like you'd like to give in
Don't you give up so soon

What you need is a friend to count on
What you got, baby, you got someone
Who will stay when the rain is fallin'?
Won't let it fall on you

I'll see you through
I'll cover you with a love
So deep and warm and true
I will be there, oh

Honey, I'll be your shelter
I'll be the one to take you through the night
Whenever you need shelter
I'll make everything alright
Make everything alright, yeah

Na na na na na na
Na na na na na na
Na na na na na na
Na na na na na na

I got arms strong enough to hold you
Get you through anything you go through
Anything that you need
You know it's only a touch away

When your heart needs a heart beside it
Should be mine that it's keeping time with
'Cause I got so much love inside it
It beats for you every day

I'll be the one
To give you love
When it seems like there's just not enough
Mine will be there, oh

Honey, I'll be your shelter
I'll be the one to take you through the night
Whenever you need shelter
I'll make everything alright
Make everything alright, yeah

Na na na na na na
Na na na na na na
Na na na na na na
Na na na na na na

Na na na na na na
Na na na na na na
Na na na na na na
Na na na na na na

I'll be your shelter
I'll be your shelter, baby

I'll see you through
I'll cover you with a love
So deep and warm and true
I will be there, oh

Honey, I'll be your shelter
I'll be the one to take you through the night
Whenever you need shelter
I'll make everything alright
Make everything alright

And I'll be your shelter
I'll be the one to take you through the night
Whenever you need shelter
I'll make everything alright
Make everything alright, yeah

Na na na na na na
Na na na na na na
Na na na na na na
I'll be your shelter
I'll be your shelter, baby

Na na na na na na
Na na na na na na
Na na na na na na
Na na na na na na

Na na na na na na (I'll be your shelter)
Na na na na na na
Na na na na na na (I'll be the one to take you through the night)
Na na na na na na
Na na na na na na
Na na na na na na
Na na na na na na
Na na na na na na

Na na na na na na (I'll be your shelter)
Na na na na na na (I'll be the one to take you through the night)
Na na na na na na
Na na na na na na
Na na na na na na
Na na na na na na",True,en
d4b25d4a-29c1-4852-8fd3-586e8d7a77fe,I’ll Wait (E-Smoove Hot mix),Taylor Dayne,c0cd3de7-4654-482b-913b-6fd7dc4ce9a4,synthpop_house_electronic,Pop,Taylor Dayne,I'll Wait (E-Smoove Hot mix),"I'll wait by the windows
I'll wait by the door
To make sure you don't come home after dark

Now, I'll wait by the phone
I'll make sure I'm at home
I'll be there when your needin' you know what
Now I can tell you by the things you do
You don't know that I've been watching you
Now I don't understand your games or crazy plans
I'm here for you baby stop playing with my mind

Well, I know what
I feel inside
I trust enough in what my heart tells me
Haven't I been good?
The way I should
Just act like a man and stay here and stand by my side

I'll wait just a little more time
Just a little more time
To move in a new direction
I'll wait just a little more time
Till you make up your mind
You know that you needed me too

Why are you feeeling so scared and unwilling?
To be there when someone's there for you
Why time has to be so unknind for no reason
But love has no measure this is true

Well I know what
I feel inside
I trust enough
In what my heart tells me
Haven't I been good?
The way I should
I'm willing, I'm able
I need you to give me a sign

I'll wait just a little more time
Just a little more time
To move in a new direction
I'll wait just a little more time
Till you make up your mind
You know that you needed me too

I'll wait
Yes, I'll wait
Just a little more time
Baby, new directions
I'll wait just a little more time
Till you make up your mind
I know that you needed me too

Baby haven't I been good to you?
The way that I said I would be
Why are you leaving me now?

Well I know what
I feel inside
I trust enough
In what my heart's been telling me
Haven't I been good?
The way I should
I'm willing I'm able
I need you to give me a sign

I'll wait just a little more time
Just a little more time
To move in a new direction
I'll wait just a little more time
Till you make up your mind
You know that you needed me too",True,en
637edd59-9173-4214-b669-0955ebffd6e5,Say a Prayer (Morales mix),Taylor Dayne,c0cd3de7-4654-482b-913b-6fd7dc4ce9a4,synthpop_house_electronic,Pop,Taylor Dayne,Say a Prayer (Morales mix),"Say a little prayer for you'
Say a little prayer for you
Well, I remember when
You were my only friend
You took the time
When on one else cared
You gave love endlessly
And then you proved to me
No matter what
You'd always be there
And now I understand
Just how life's little plan
Can make it rough to say 'forever'
But you've been there for me
So that's my guarantee
That we will always be together
When I have sleepless nights
That's when you hold me tight
You do it right
I say a little prayer for you
And when my dreams are through
I only think of you
Cause you do it right
I'll say a little prayer for you
We've had good times that's true
We've had our bad times too
But through it all
It makes us stronger
We'll have to build our trust
Because it means too much
To give away to any other
And now I understand
Just how life's little plan
Can make it rough to say 'forever'
But you've been there for me
So that's my guarantee
That we always be together

I say a little prayer for you
Alright
Come on
Say it, say it, say it, say it, say it
Alright
Say a prayer
Alright
Come on
I'll say a little prayer for you
Say it
Come on
I'm prayin'
I'll say a little payer for you
And now I understand
Just how life's little plan
Can make it rough to say 'forever'
But you've been there for me
So that's my guarantee
That we will always be together
I say a little prayer for you
I will
Say a little prayer for you

So far away'

My baby
My love",True,en
14db782d-9efa-451c-83dc-4d2765187211,Los reyes Católicos (reprise),Tears for Fears,7c7f9c94-dee8-4903-892b-6cf44652e2de,synthpop,Pop,Tears For Fears,Los Reyes Catolicos (Reprise),"A home is like a castle
A place where a king can reign
Los reyes catolicos
Raoul and the kings of Spain

Ghosts all gone (ghosts all gone)
Ghosts all gone
To another place

Los reyes catolicos

Los reyes catolicos
Los reyes catolicos
Los reyes catolicos

Ghosts all gone
Ghosts all gone
Ghosts all gone
To another place",True,en
49532d5c-27a8-4869-a6ee-00a5be514929,Secrets,Tears for Fears,7c7f9c94-dee8-4903-892b-6cf44652e2de,synthpop,Pop,Tears For Fears,Secrets,"It seems we caused a forest fire
With just a flicker of a flame
And now I set alight to everything
Now all I do is cause you pain

I won't keep secrets alive
I'll send them all out to space
Without the will to survive
They won't be going no place

Oh my angel
Woman child

I used to think the time would come
When man would rise above the beast
I gave up thinking that way long ago
In conversation with a priest

I won't keep secrets alive
I'll send them all out to space
Without the will to survive
They won't be going no place

Oh my angel
Woman child

We could have heal this blindness
With some human kindness
I know secrets kill you
But my love can fill you
Time and time again
Time and time again

It would be so fine
If you could be mine

I won't keep secrets alive
I'll send them all out to space
Without the will to survive
They won't be going no place

Oh my angel
Woman child",True,en
5027a7b5-5e4c-4b99-9cc3-0e212f470fea,Memories Fade,Tears for Fears,7c7f9c94-dee8-4903-892b-6cf44652e2de,synthpop,Pop,Tears For Fears,Memories Fade,"There's only need, I love your need
So much I'm losing me
I cannot see the reason for the pain
With hungry joy, I'll be your toy
Just hoping you will play
Without the hope, my body starts to fail
Memories fade but the scars still linger
Goodbye my friend

Will I ever love again?
Memories fade but the scars still linger
Ohh ho
I cannot grow, I cannot move

I cannot feel my age
The vice like grip of tension holds me fast
Engulfed by you, what can I do?
When history's my cage
Look forward to a future in the past
Memories fade but the scars still linger
Goodbye my friend
Will I ever love again?

Memories fade but the scars still linger
Woh woh
The more I talk, the more I say
The less you seem to hear

I'm speechless in a most peculiar way
Your mind is weak, your need is great
And nothing is too dear
For you to use to take the pain away
Memories fade but the scars still linger
Goodbye my friend
Will I ever love again?
Memories fade
Now don't pretend, you can justify the end
Memories fade but the scars still linger
Woh woh, still linger
Still linger, woh",True,en
be84eecf-0cf0-4aae-92fe-f23d9be1006c,Pale Shelter,Tears for Fears,7c7f9c94-dee8-4903-892b-6cf44652e2de,synthpop,Pop,Tears For Fears,Pale Shelter,"How can I be sure?
When your intrusion is my illusion
How can I be sure
When all the time you changed my mind
I asked for more and more
How can I be sure
When you don't give me love (You gave me pale shelter)
You don't give me love (you give me cold hands)
And I can't operate on this failure
When all I want to be is
Completely in command
How can I be sure
For all you say you keep me waiting
How can I be sure
When all you do is see me through
I asked for more and more
How can I be sure
When you don't give me love (You gave me pale shelter)
You don't give me love (you give me cold hands)
And I can't operate on this failure
When all I want to be is
Completely in command
I've been here before
There is no why, no need to try
I thought you had it all
I'm calling you, I'm calling you
I ask for more and more
How can I be sure
When you don't give me love (You gave me pale shelter)
You don't give me love (you give me cold hands)
And I can't operate on this failure
When all I want to be is
Completely in command
You don't give me love
You don't give me love
You don't give me love
You don't give me love
You don't give me love
You don't give me love",True,en
4b3fe4d2-3076-4dce-b93b-59517aaf3c3b,The Hurting,Tears for Fears,7c7f9c94-dee8-4903-892b-6cf44652e2de,synthpop,Pop,Tears For Fears,The Hurting,"Is it an horrific dream?
Am I sinking fast?
Could a person be so mean
As to laugh and laugh on my own?
Could you ease my load?
Could you see my pain?
Could you please explain the hurting?

Could you understand a child
When he cries in pain?
Could you give him all he needs?
Or do you feel the same all along?
You've been told you're wrong
When you felt it right
And you're left to fight the hurting

The hurt
Hurt
Hurt
The hurt
Hurt
Hurt

Get in line with the things you know
Feel the pain, feel the sorrow
Touch the hurt and don't let go
Don't let go, don't let go
Get in line with the things you know
Learn to cry like a baby
Then the hurting won't come back
Won't come back, won't come back

The hurt
Hurt
Hurt
The hurt
Hurt
Hurt

(Is it an horrific dream?)
Hurt, hurt, hurt
(Is it an horrific dream?)
Hurt, hurt, hurt
(Is it an horrific dream?)
Hurt, hurt, hurt

(Is it an horrific dream?)
Hurt, hurt, hurt
(Is it an horrific dream?)
Hurt, hurt, hurt
(Is it an horrific dream?)
Hurt, hurt, hurt",True,en
22e95152-6741-4dfb-b519-6989d48e6d4b,Why Didn't You Believe?,The Hollies,d4305549-6b4e-4a57-b24d-8af0743fe191,"pop, am pop, pop/rock, contemporary pop/rock, rock/pop",Pop,The Hollies,Why Didn’t You Believe?,"Why didn't you believe in Him?
Why didn't you believe?
Why didn't you believe in Him?
Why didn't you believe?

He asked for you to love one another
You turned your back and played on with your games
If you had listened, you would have discovered
The Bible would have told a different story

Why didn't you believe in Him?
Why didn't you believe?
Why didn't you believe in Him?
Why didn't you believe?

I'm sick and tired of this old world
There's so many religions to believe in
If I had been alive at the time
I'd known where and what and why I am

Why didn't you believe in Him?
Why didn't you believe?
Why didn't you believe in Him?
Why didn't you believe?

You got to believe (Gotta believe)
You got to believe (Gotta believe)
You got to believe (Gotta believe)
You got to believe (Gotta believe)
You got to believe
(Gotta believe, gotta believe, gotta believe,
Gotta believe, gotta believe, gotta believe, gotta believe)

You crucified the man who came to save us
Forgive them for they know not what they do
But I cannot forgive you what you did
I believed, why couldn't you

Why didn't you believe in Him?
Why didn't you believe?
Why didn't you believe in Him?
Why didn't you believe?

Why didn't you believe in Him?
Why didn't you believe?
Why didn't you believe in Him?
Why didn't you believe?

Why didn't you believe in Him?
Why didn't you believe?
Why didn't you believe in Him?
Why didn't you believe?

Why didn't you believe in Him?
Why didn't you believe?
Why didn't you believe in Him?
Why didn't you believe?

Why didn't you believe in Him?
Why didn't you believe?",True,en
aa576127-7cf4-4363-8cd6-0525fb127b7a,Man With No Expression,The Hollies,d4305549-6b4e-4a57-b24d-8af0743fe191,"pop, pop rock, rock/pop",Pop,The Hollies,Man With No Expression,"There's a man I know with no expression no not none at all

Have you ever ridden horses through a rainstorm
or led a lion through a busy street bazaar
There are many things I'd like to turn you on to
but somehow I feel you're safer where you are

If you're looking for examples to refer to
take a look around yourself I'm sure you'll find
there are many things to make your life much brighter
and I'd bet there's many more inside your mind

There's a man I know with no expression no not none at all

There's a man I know with no expression no not none at all

But I've never seen this man laughing

and come to think of it I've never seen him cry
But I might by sitting hear him singing
By and by he'll stop and sigh
he'll feel a breeze and then begin to freeze
as he thinks goodbye

Have you ever ridden horses through a rainstorm
or led a lion through a busy street bazaar
There are many things I'd like to turn you on to
but somehow I feel you're safer where you are

There's a man I know with no expression no not none at all
There's a man with no expression
man with no expression
man with no expression",True,en
3b578443-29b2-4a1d-84b3-294231444c7d,Do You Believe in Love,The Hollies,d4305549-6b4e-4a57-b24d-8af0743fe191,"pop, am pop, pop/rock, contemporary pop/rock, rock/pop",Pop,The Hollies,Do You Believe in Love?,"Do you believe in love?
Do you believe in love?
There ain't no doubt about it
Everybody's gonna jump up and shout about
Do you believe in love?
Do you believe in love?
Do you believe in love?
There ain't no doubt about it
Everybody's gonna jump up and shout about
Do you believe in love?
Taking a walk down in the street
There's bound to be someone you can meet
Someone who believes in love
Someone who only needs a shove
Going together hand in hand
Don't need a reason for what's planned
Don't mess around, you gotta do it right
Do it right, you can stay all night
Do you believe in love?
Do you believe in love?
There ain't no doubt about it
Everybody's gonna jump up and shout about
Do you believe in love?
Do you believe in love?
Do you believe in love?
Do you believe in love?",True,en
2e745f46-1695-4b62-80ed-bcaacd0d41f3,Cable Car,The Hollies,d4305549-6b4e-4a57-b24d-8af0743fe191,"pop, am pop, pop/rock, contemporary pop/rock, rock/pop",Pop,The Hollies,Cable Car,"Cable car
Flying high
Passing stars, wondering why
Did she go or did she die?
I don't know

Mountainside
Not so green
Snow is more than ever seen
Will she come back in a dream?
I don't know

Thoughts of her reminding me
Of a time I couldn't see
Anything but you and me together

Colored cloud
On you go
To a land you may not know
If you see her
Tell her I'm so alone

Colored cloud
On you go
To a land you may not know
If you see her
Tell her I'm so alone",True,en
cbafa2ac-f294-4bc4-b2cf-8734682e3601,Long Dark Road,The Hollies,d4305549-6b4e-4a57-b24d-8af0743fe191,"pop, am pop, pop/rock, contemporary pop/rock, rock/pop",Pop,The Hollies,Long Dark Road,"It's over, well over
In my mind and in my heart
It's over, well over
But then again, it didn't have a good start

You'd tell me, try to sell me
It could have been all I asked
It's over, well over
It's there and flows away a distant past

Now it's a long, dark road
Yes, a long, dark road
And you know I loved you
Yes, you know I loved you

Now it's a long, dark road
Yes, a long, dark road
And you know I loved you
Yes, you know I loved you

It's over, well over
And we can't revive what's past
It's gone now, moved on now
But then again it didn't have a chance to last
No, no, no, a chance to last

Now it's a long, dark road (It's a long, very long, road)
Yes, a long, dark road (It's a long, very long, road)
And you know I loved you
Yes, you know I loved you

Now it's a long, dark road (It's a long, very long, road)
Yes, a long, dark road (It's a long, very long, road)

Now it's a long, dark road (It's a long, very long, road)
Yes, a long, dark road (It's a long, very long, road)

Now it's a long, dark road (It's a long, very long, road) (Baby, I need you, I need you)
Yes, a long, dark road (It's a long, very long, road)

Now it's a long, dark road (It's a long, very long, road)
Yes, a long, dark road (It's a long, very long, road)",True,en
f17ccf10-1ed1-4304-bb87-7c8be7b7f98d,My Bloody Mary,The Refreshments,f007e70c-40c7-406c-ae8f-27a380e8f7ee,pop/rock,Pop,The Refreshments,My bloody Mary,"My Bloody Mary J. Arnell
I've noticed a pattern In the way I behave
And I believe it will stick 'Til I'm lyin' in my grave
'Cause each time we have some friends for dinner
I start of as a saint and end as a sinner
'Round midnight I lean Against the record machine
Soon everyone's gone And I'm dancin' alone
To a blastin' Chuck Berry
And in the mornin' I sit with my Bloody Mary
I promised myself I wouldn't do that again
But old habits die hard and when the clock striked ten
I took out some old records And said just one drink more
And before I knew I was tearin' up the floor
'Round midnight I did lean Against the record machine
Soon everyone was gone And I was dancin' alone
To a blastin' Chuck Berry
And in the mornin' I sat with my Bloody Mary
solo
Oh Mary, My Mary You ease my head
You're my mornin' lover You get me out of bed
You have never let me down You get me 'round the bend
And on Sunday mornings You're my only friend
'Round midnight I lean Against the record machine
Soon everyone's gone And I'm dancin' alone
To a blastin' Chuck Berry
And in the mornin' I sit with my Bloody Mary
Yeah, in the mornin' I sit with my Bloody Mary
In the mornin's I sit with my Bloody Mary",True,en
14d96163-2620-4266-8422-a2d0c5e59331,"Easy to Pick Up, Hard to Put Down",The Refreshments,f007e70c-40c7-406c-ae8f-27a380e8f7ee,pop/rock,Pop,The Refreshments,"Easy to Pick Up, Hard to Put Down","Me and the guys had nothing to do
So we borrowed an old guitar
I've been hooked on since
Rocking away from love
Till my dying days
Well, I had just a try
Now I'm bound
So easy to pick up
Hard to put down
Sitting in the back room after the gig
Dying for a real cold drink
The waitress said, ""It's your lucky day""
And a gin and tonic came my way
And I had just a sip
Now I'm bound
So easy to pick up
Hard to put down
Hanging in the bar around midnight
With an old man smoking cigar
He offered me to try just one puff
Now I can't seem to get enough
Well, I had just a taste
Now I'm bound
So easy to pick up
Hard to put down
Later that night in the comfort lounge
I was talking to a little girl
It was getting late
I brought her to my room
Now she's my bride and I'm her groom
Well, I had just a bit
Now I'm bound
So easy to pick up
Hard to put down
So easy to pick up
Hard to put down",True,en
620fee5a-ab6b-4aa4-8776-1c112c09d8d9,Old Black Joe (I'm Coming Home),The Refreshments,f007e70c-40c7-406c-ae8f-27a380e8f7ee,pop/rock,Pop,The Refreshments,Old black Joe (I'm coming home),"Gone are the days when my heart was young and gay
Gone are my friends from the cotton fields away
Gone from this earth to a better land I know
I hear those gentle voices calling, ""Old Black Joe""

I'm coming, I'm coming
For my head is bending low
I hear those gentle voices calling, ""Old Black Joe""
I'm coming home, I'm coming home
For my head is bending low
I hear those gentle voices calling, ""Old Black Joe""

I'm coming, I'm coming
For my head is bending low
I hear those gentle voices calling, ""Old Black Joe""

I'm coming home (I'm coming home), I'm coming home (I'm coming home)
For my head is bending low
I hear those gentle voices calling, ""Old Black Joe""

I'm coming home (I'm coming home), I'm coming home (I'm coming home)
For my head is bending low
I hear those gentle voices calling, ""Old Black Joe""

Old Black Joe
Old Black Joe",True,en
5034e9d0-2fe0-409f-bd79-94b0cfb0804c,In the Back of a Pontiac,The Refreshments,f007e70c-40c7-406c-ae8f-27a380e8f7ee,pop/rock,Pop,The Refreshments,In the back of a Pontiac,"In the back of a Pontiac J. Arnell
In a sixty-two Pontiac Bonneville
Two young lovers went ridin' up the hill
They went hidin' from the rest of the world
Same old story 'bout boy meets girl
She had found the one that she'd been dreamin' of
They made love that night under stars above
In the back of a Pontiac
In the back of a Pontiac
In the back of a Pontiac
She got pregnant that night and first she cried
But Johnny kneeled and she became his bride
Then them nine months went by in a wink of an eye
And two weeks early they heard the first cry
They were speedin' down the highway but too late
She gave birth to a baby girl who would not wait
In the back of a Pontiac
In the back of a Pontiac
In the back of a Pontiac
solo
Well she grew up gracefully and in her teens
She was a full grown beauty by all means
Every weekend she borrowed the car
Loaded with friends they were ridin' far
They were goin' ' round and makin' some noise
She was just havin' fun and kissin' the boys
In the back of a Pontiac
In the back of a Pontiac
In the back of a Pontiac
solo
On a Sunday mornin' on their way back home
On a windin' road came a Fleetwood Brougham
Way too fast around a bend
They screamed out loud as they saw the end
The radio was playin' the Man in black
Then it all went quite there in the back
Of thePontiac
Well it all went so fast she felt no pain
As she died that night in the cold and drivin' rain
In the back of a Pontiac
In the back of a Pontiac
In the back of a Pontiac",True,en
41c535e3-9a70-4983-9678-053f5d1e8acd,Love-Generator,The Refreshments,f007e70c-40c7-406c-ae8f-27a380e8f7ee,pop/rock,Pop,The Refreshments,Love Generator,"I was orderin´ Wild Turkey she was drinkin´ Blue Moon
At a Lonely hearts club one night in late June
While the sun did slowly set
On me and that brunette
Yeah
She was lookin´ like Sheryllin Fenn in Twin peaks
And the gloominess I´d been fightin´ for weeks
All of a sudden flew
And the sun broke through
She turned my world upside down
Changed it all around
Against all odds this old heart began to pound
Just when I was through with love
Came an angel from above
Oh I know heaven must have made her
She´s a love generator
Yeah I know heaven must have made her
She´s a love generator
I had lost all faith in love, you see
And finally decided it was not for me
There was no way in the world
No matter what girl
No
I had made my plan for once and for all
To keep away and never get involved
When Cupid aimed the gun
´n´ I was back at square one
Solo
She was wakin´ up feelings that I thought was dead
And the wildest thoughts started runnin´ in my head
I could hear a choir sing
And weddingbells ring
Yeah
She was sawin´ the seeds of love in me
And they were growin´ big like Redwood trees
She could make flowers grow
In ten feet snow",True,en
fd5c2a51-10e4-4eb2-b9a8-0ba0b4496961,Pixel,Yot Club,7df45a14-19d1-4273-b073-c7292790a6a6,"pop, indie pop, alternative pop",Pop,Yot Club,Pixel,"There's competition in the sky that we can't see, over us
Preoccupied with what we try to understand, within our trust

In the past life close to the borderline
I try to call you up with the boost from the satellite
Listen to the rhythm that I play on the phone line
I'm only a pixel in this world

This technology makes me so aware of how small I am
I see the world in such a way that was not meant for any man, no

In the past life close to the borderline
I try to call you up with the boost from the satellite
Listen to the rhythm that I play on the phone line
I'm only a pixel in this world

In the past life close to the borderline
I try to call you up with the boost from the satellite
Listen to the rhythm that I play on the phone line
I'm only a pixel

Oh, in the past life close to the borderline
I try to call you up with the boost from the satellite
Listen to the rhythm that I play on the phone line
I'm only a pixel in this world",True,en
852f7e9e-fbab-46f8-a188-252c42fdebaa,Nostalgia,Yot Club,7df45a14-19d1-4273-b073-c7292790a6a6,"pop, indie pop, alternative pop",Pop,Yot Club,Nostalgia,"When I get away from home
The thoughts just fade away
An old picture on the phone, it brings me to that day

Nostalgia, it follows you
I never meant to let that feeling go
Thoughts are gone, insomnia
I never meant to learn the hard way

If I don't know what's right
I'll just make something up
Stumble through this life until I've seen enough

Nostalgia, it follows you
I never meant to let that feeling go
Thoughts are gone, insomnia
I never meant to learn the hard way

Nostalgia, it follows you
I never meant to let that feeling go
Thoughts are gone, insomnia
I never meant to learn the hard way",True,en
fb760170-8db8-4962-9461-8cf231e33625,Other World,Yot Club,7df45a14-19d1-4273-b073-c7292790a6a6,"pop, indie pop, alternative pop",Pop,Yot Club,Other World,"Try living a dream 'bout losing sleep
Stop thinking about all of those things
Time breaking up all the words I say
Bomb breaking all the right ways

I fall into another world
I fall into another world
Keep breaking the fall until I'm outta touch 'cause
I fall into another

Try waiting around until you're certain
Nobody wants to be a burden, oh
Just playing along to fill the hours
Last stop on the list of things I would not do

I fall into another world
I fall into another world
Keep breaking the fall until I'm outta touch 'cause
I fall into another

I fall into another world
I fall into another world
Keep breaking the fall 'til I'm outta touch 'cause
I fall into another",True,en
d27d9be5-cf3e-40a7-97cc-1dc7ebeed343,Rufus,Yot Club,7df45a14-19d1-4273-b073-c7292790a6a6,"pop, indie pop, alternative pop",Pop,Yot Club,Rufus,"Don't nobody know what he said?
Don't nobody know what he said?
He's wrong, wrong, wrong, wrong

Don't nobody know what he said?
Don't nobody know what he said?
He's wrong, wrong, wrong

But I don't listen to what he said
And what's all goin' on in his head
It's wrong, wrong, wrong, wrong

Share the table that showed the charts and spreads
I can't even begin to understand
What's wrong, wrong, wrong

Oh, there's been a big mistake
Everybody stay in place
I'm sorry there's a big delay
There's no way to communicate, yeah-oh

Oh-oh
Oh-oh

Oh, there's been a big mistake
Everybody stay in place
I'm sorry there's a big delay
There's no way to communicate",True,en
90add391-d8d9-46da-a5ec-4e92a52209ae,Human Nature,Yot Club,7df45a14-19d1-4273-b073-c7292790a6a6,"pop, indie pop, alternative pop",Pop,Yot Club,Human Nature,"Always felt like you were gonna stick around
Since you left me, things have been upside-down
You told me, I was good at giving what you want
But I know that's a lie
I wanted to be honest, you walk in out the door, but to no one's surprise

You turned into a stranger, could've seen it coming
It's human nature, everyone's gonna leave sooner or later
Too used to running, but I'm not a savior

It's looking like I turned into a stranger
Could've seen it coming, it's human nature
Everyone's gonna leave sooner or later
Too used to running, but I'm not a savior
I won't be looking back

Saw you last night, said your man was out of town
Gave me impressing look, as when you wanna bounce
Such a pity, I was ready to follow you home
But then I looked into your eyes
You were just playing the same game that I give, losing every time

I wanna turn you back into a stranger
Could've seen it coming, it's human nature
Everyone's gonna leave sooner or later
Too used to running, but I'm not a savior

It's looking like I turned into a stranger
Could've seen it coming, it's human nature
Everyone's gonna leave sooner or later
Too used to running, but I'm not a savior
I won't be looking back",True,en
d406b615-75b8-4b2e-b8e0-85c93384f3a1,Blood on the Sun,Alice Cooper,4d7928cd-7ed2-4282-8c29-c0c9f966f1bd,hard rock,Rock,Alice Cooper,Blood On The Sun,"Gathering of eagles, they flew alone
Hunters are for killing
Wrecking crew is out, winner take all
A cool sound from Hell is chilling
Young and innocent, children of dust
Don’t cry, it’s only thunder
The angry silence, of mice and men
Here I am A stranger
Blood on the sun x3
Johnny Got His Gun
Death screams out, the killer is loose
The rising sun is burning
Soldiers of fortune, from dusk till dawn
War of the worlds, fate’s turning
Flyin’ Tigers, twelve o’clock high
One minute to zero
All the young men, between heaven and hell
A company of heroes
Blood on the sun x3
The hour of the gun
Blood on the sun x3
The hour of the gun
Blood on the sun x3
The hour of the gun",True,en
a698416b-8c08-46c3-b39f-dd849549500b,Wild Ones,Alice Cooper,4d7928cd-7ed2-4282-8c29-c0c9f966f1bd,hard rock,Rock,Alice Cooper,Wild Ones,"We are the wild ones crashin' through the night
Livin' in the shadows, hidden from the light
Revvin' up our engines, sharpenin' our claws
'Cause baby, when you're hungry, the jungle is the law
Ohh-oh, runnin' with the wild ones
Yeah, baby, we're the wild ones
Yeah, we're the wild ones, we live in every town
We own the city streets, we rule the underground
There is no cagin' us and you'll suffer if you try
We got the rage in us 'cause it makes us feel alive
Ohh-oh, runnin' with the wild ones
Yeah, baby, we're the wild ones
Wild ones
Wild ones
Wild ones
Can you feel it? Rollin' thunder
Lose your mind and drag you under
Can you see it? Gettin' higher
'Cause it's burnin', burnin' like a fire
We are the damned ones, this is the life we choose
There's no redemption and nothin' left to lose
If you see us comin', you won't have time to pray
When you hear the motors gunnin', just get out of our way
Yeah, runnin' with the wild ones
Yeah, baby, we're the wild ones
Wild ones
Wild ones
Wild ones
Can you feel it? Rollin' thunder
Lose your mind and drag you under
Can you see it? Gettin' higher
'Cause it's burnin' like a fire",True,en
e005ff61-ef36-4127-a111-433b92e71f6c,Unfinished Sweet,Alice Cooper,4d7928cd-7ed2-4282-8c29-c0c9f966f1bd,hard rock,Rock,Alice Cooper,Unfinished Sweet,"Candy everywhere, got chocolate in my hair,
Aching to get me.
Sticky sweet suckers in the Halloween air,
Aching to get me.
Saint Vitus dance on my molars tonight,
Aching to get me.
Aching to get me, get me oh ...
Take it to the doc, I guess he ought to know,
La, da, da, da, da.
Which ones can stay, which ones gotta go.
La, da, da, da, da.
He looks in my mouth and then he starts to gloat.
He says my teeth are O.K.,
But my gums got to go.Oh oh ...
I come off the gas but I'm still seeing spies,
Aching to get me.
I can see them all through a glassy pair of eyes,
Aching to get me.
De Sade's gonna live in my mouth tonight,
La, da, da, da, da,
And the rotten tooth fairy is satisfied,
La, da, da, da, da,
Aching to get me, get me oh ...",True,en
e62b6ceb-d522-4d42-9cb0-2871ddf66742,Dead Babies,Alice Cooper,4d7928cd-7ed2-4282-8c29-c0c9f966f1bd,hard rock,Rock,Alice Cooper,Dead Babies,"Little Betty ate a pound of aspirin
She got them from the shelf upon the wall
Betty's mommy wasn't there to save her
She didn't even hear her baby call

Dead babies
Can't take care of themselves
Dead babies
Can't take things off the shelf
Well we didn't want you anyway
Lalala-la, lalala-la, la la la

Daddy is an agrophile in Texas
Mommy's on the bar most every night
Little Betty's sleeping in the graveyard
Living there in burgundy and white

Dead babies
Can't take care of themselves
Dead babies
Can't take things off the shelf
Well we didn't want you anyway
Lalala-la, lalala-la, la la la

Goodbye, Little Betty
Goodbye, Little Betty
So long, Little Betty
So long, Little Betty
Betty, so long

Dead babies
Can't take care of themselves
Dead babies
Can't take things off the shelf
Well we didn't need you anyway
Lalala-la, lalala-la, la la la

Goodbye, Little Betty",True,en
020d27c1-22e8-4306-8dfc-57be58e37c42,Up All Night,Alice Cooper,4d7928cd-7ed2-4282-8c29-c0c9f966f1bd,hard rock,Rock,Alice Cooper,Up All Night,"Its alright with me
New York city round a quarter to nine
Some money in my pocket and I’m relatively fine because
I look real good – a walkin’ Hollywood
So I go motivatin’ to a Boujie neighborhood
Where all the talent there is posin’ - and they’re all there blowing nosin’
And supposin’ that’s all right with me
But things get cookin’, and she’s so good lookin’
That I sacrifice morality
And I’m gonna be
Up all night…I’ll be burning bright…Till the morning light…Yeah, I can keep it up all night
And now my brain pan is steamin’, and I’m simmering red
A belly full of demons, and a pounding in my head
And yet I don’t look back, yeah I get her in the sack
But I’m out of conversation and I’m starting to lose track
And she says “sonny, honey, don’t forget my money…
“you pay for this ability”
I say: “it’s no exaggeration, I’m an overnight sensation
Girl, you should be payin’ me”
Cause I can keep it
Up all night…You better treat me right……until the morning light… I can keep it up all night
So word gets ‘round, and my legend starts to grow
‘Cause all over town, it seems that everybody knows I keep it
Up all night…Till the morning light…I’ll be burning bright…Yeah, I can keep it up all night",True,en
11e022f6-dad5-4ea6-a165-0e81bb03c73c,The Stone,Dave Matthews Band,07e748f1-075e-428d-85dc-ce3be434e906,alternative rock,Rock,Dave Matthews Band,The stone,"I've this creeping
Suspicion that things here are not as they seem
Reassure me
Oh, why do I feel as if I'm in too deep?
Now, I've been praying
For some way to show them
I'm not what they see
Yes I have done wrong
But what I did I thought needed be done
I swear
Oh, unholy day
If I leave now I might get away
Oh but, this weighs on me
As heavy as stone and as blue as I go
I was just wondering if you'd come along
To hold up my head when my head won't hold on
I'll do the same if the same's what you want
If not I'll go
I will go alone
A long way
Oh, from that fool's mistake
and now forever pay
No, run
I will run and I'll be OK
I was just wondering if you'd come along
To hold up my head when my head won't hold on
I'll do the same if the same's what you want
But if not I'll go
I will go a long way
To bury the past
For I don't want to pay
Oh, how I wish this
To turn back the clock
And do over again
Now, I'm just wondering if you'd come along
hold up my head when my head won't hold on
I'll do the same if the same's what you want
But if not I'll go
I'll go alone
I need so
To stay in your arms see you smile hold you close
And now it weighs on me
As heavy as stone and a bone chilling cold
I was just wondering if you'd come along
Tell me you will",True,en
d1242f05-ddb0-4b84-8262-e778c8ed3852,Warehouse,Dave Matthews Band,07e748f1-075e-428d-85dc-ce3be434e906,alternative rock,Rock,Dave Matthews Band,Warehouse,"See, I'm leaving
This warehouse frightens me
Has me tied up in knots
Can't rest for a moment
Soon I'm going

I'm slippin' slow away
Hoping to find something better than
I've got inside of here
And the warehouse slips away

Hey, reckless mind
Don't throw away your playful beginnings
You and I will fumble around
In the touches and be sure to

Leave all the lights on
So we can see the black cat changing colours
And we can walk under ladders
And swim as the tide turns you around and around

Hey, we have found
Becoming one in a million
Slip into the crowd
This question I found in a gap in the sidewalk

Keep all your sights on, hey
The black cat changing colours
And you can walk under ladders
And swim as the tide choose to turn you 'round

But I say life goes on
End of tunnel, T.V. set
Spot in the middle
Static fade, statistical bit
Soon, I'll fade away, I'll fade away

But this I admit
Tastes so good, hard to believe an end to it
Smell, touch, feel
How could this rhythm ever quit?
Bags packed on a plane
Hopefully to Heaven, yeah

Shut up, I'm thinking
I had a clue, now it's gone forever
Sitting over these bones
You can read in whatever you're needing to

Keep all your sights on
Yeah, man, the black cat changing colours
When it's not the colours that matter
But that they'll all fade away, yeah, yeah, yeah

Life, life goes on
End of tunnel, T.V. set
Spot in the middle
Static fade, statistical bit
Soon I'll fade away, I'll fade away

This I admit seems so good
Hard to believe an end to it
Warehouse is bare
Nothing at all inside of it
The walls and halls have disappeared
They've disappeared, yeah

Oh, I'd love to stay, yeah
Oh, I'd love to stay, yeah
Oh, I'd love to stay, yeah
Oh, I'd love to stay, yeah

In a corner was wondering
If a change could be better than this
Oh, and then I worry
Maybe things won't be better than they have been

Here in the warehouse
In the warehouse
In the warehouse
Oh, how I'd love to stay here
At the warehouse
Every man and woman, get alive

That's our blood down there
Seems poured from the hands of angels
But trickle into the ground
Leaves the warehouse bare and empty

And my heart's numbered beat
Still echo in this empty room
And fear wells in me
But nothing seems enough to defend
So I am going away, I am going away
I'm not giving in",True,en
4b53b0d9-efeb-467b-b9a5-f62652a63f92,One Sweet World,Dave Matthews Band,07e748f1-075e-428d-85dc-ce3be434e906,alternative rock,Rock,Dave Matthews Band,One Sweet World,"Nine planets around the sun
Only one does the sun embrace
And upon this watered one
So much we take for granted

So let us sleep outside tonight
Lay down in our mother's arms
For here we can rest safely

And if green should turn to grey
Would our hearts still bloody beat?
And if all the mountains crumble away and rivers dry
Would it stop the stepping feet?

Oh let us sleep outside tonight
Lay down in our mother's arms
For here we can rest safely

Take all that we can get
When it's done
Nobody left to bury here
Nobody left to dig the holes
And here we can rest safely

One sweet world
Around this star is spinning
One sweet world
And in her breath we're swimming
And here we will rest in peace, yeah

I do
Very, very, very good to be here indeed
Thank you so much",True,en
eae37af1-d686-4fa1-835a-db60117a7a6f,Everyday,Dave Matthews Band,07e748f1-075e-428d-85dc-ce3be434e906,alternative rock,Rock,Dave Matthews Band,Everyday,"Pick me up, love!
(Pick me up, love)
Hey, how long, how long, how long
(Everyday)
Everyday

Pick me up, oh, from the bottom
Up to the top, love, everyday
Pay no mind to taunts or advances
I take my chances on everyday

Left to right
Up and down, love
I push up love, love everyday

Jump in the mud, oh
Get your hands dirty with
Love it up oh everyday

All you need is
All you want is
All you need is love

All you need is
What you want is
All you need is love

Everyday
Everyday
Oh, everyday

Pick me up, love, from the bottom
Up onto the top, love, everyday
Pay no mind to taunts or advances
I'm gonna take my chances on everyday

Left to right
Up and up and inside out right
Good love fight for everyday

Jump in the mud, mud
Get your hands filthy, love
Give it up, love, everyday

All you need is
All you want is
All you need is love

All you need is
What you want is
All you need is love, oooh

What you've got
Lay it down on me
What you've got
Lay it down on me

All you need is
All you want is
All you need is love

All you need is
What you want is
All you need is love, oooh

Everyday
Everyday
Oh, everyday

(Pick me up love)
Pick me up love
Lift me up love
(Everyday)
Pick me up love
(C'mon, c'mon, c'mon)
Everyday

Pick me up love
Lift me up love
(Hello, hello)
Pick me up love
(Everyday)
Everyday

(C'mon, c'mon, love)
Pick me up love
Lift me up love
Pick me up love
Everyday

(Up from the bottom)
Pick me up love
(Everyday)
Lift me up love
(Up on, up on to the top love)
Pick me up love
(Everyday)
Everyday

Pick me up love
(Everyday)
Lift me up love
Pick me up love
Everyday
(Every, everyday)

Pick me up love
Lift me up love
(Everyday)
Pick me up love
(C'mon, c'mon, c'mon)
Everyday
(Everyday)

Pick me up love
Lift me up love
Pick me up love
Everyday",True,en
6657448e-7bb8-441b-9c1a-d7624f6a1829,American Baby,Dave Matthews Band,07e748f1-075e-428d-85dc-ce3be434e906,alternative rock,Rock,Dave Matthews Band,American Baby,"If these walls came crumbling down
Fell so hard to make us lose our faith
From what's left you'd figure it out
Still make lemonade taste like a sunny day
Stay, beautiful baby
I hope you stay, american baby
American baby
Nobody's laughing now
Gods grace lost and the devil is proud
But I've been walking for a thousand miles
One last time I could see you smile
I, I, hold, hold on to you
You bring me hope
I'll see you soon
And if I don't see you
I'm afraid we've lost the way
Stay, beautiful baby
I hope you stay, american baby
American baby
American baby
I hold on, to you, you lift me up
And always will
I see you in life
Hope I don't get left behind
I, I, hold, hold on to you
You bring me hope
I'll see you soon
And if I don't see you
I'm afraid we've lost the way
Stay, beautiful baby
I hope you stay, american baby
I hope you stay, beautiful baby
I hope you stay, american baby
American baby
American baby
Alright, stay, american baby
Beautiful
Nobody's laughing now
'Cause you could always make me laugh out loud
Stay, American baby
American baby
Stay, american baby
American baby (american baby)",True,en
f8963dbb-6d8a-45b6-88a8-36a662ed8c9a,Lights Out (live),Dr. Feelgood,fcc0e623-435b-4a46-b9b3-73823e22e1ec,classic rock,Rock,Dr. Feelgood,Lights Out (live),"Standin' on my front porch
Grabbed her and I kissed her
Boy I was surprised when I saw her little sister

Lights out, lights out
I'm glad now the lights were out
Sister knows more about
What to do when the lights go out

Mother looked at me
She was a-peepin' through the window
The way she looked at me
Boy, I thought I was a sinner

Lights out, lights out
I'm glad now the lights were out
Sister knows more about
What to do when the lights go out

Lovin' on the front porch sittin' on the swing
I can almost hear those weddin' bells ring

Lights out, lights out
I'm glad now the lights were out
Sister knows more about
What to do when the lights go out

Lovin' on the front porch sittin' on the swing
I can almost hear those weddin' bells ring

Lights out, lights out
I'm glad now the lights were out
Sister knows more about
What to do when the lights go out

Now we're married and we bought a little house
Would have married little sister, but the lights went out

Lights out, lights out
I'm glad now the lights were out
Sister knows more about
What to do when the lights go out",True,en
3b4310a4-6b23-4cad-b701-a2e3b2abbc8c,Take a Tip,Dr. Feelgood,fcc0e623-435b-4a46-b9b3-73823e22e1ec,classic rock,Rock,Dr. Feelgood,Take A Tip,"(Lee Brilleaux/Gypie Mayo)

Take a little tip from Mr. Johnny Green
Keep your rear view mirror clean
Keep an eye on the road and the one behind
Increase your speed if you're so inclined

Gotta to go faster
Gotta get along
Gotta to go faster
Put your foot to the floor
Push yourself just a little bit more

Take a little tip from Mr. Nosebleed Sam
Kissed the screen in a traffic jam
It minced his face and it bust his nose
Broke his leg and ripped his clothes

Gotta to go faster
Gotta get along
Gotta to go faster
Grit your teeth, clench your jaws
Push yourself just a little bit more

Take a little tip from Mr. Racetrack Tony
Stick it on the nose and ride your pony
Dance for the winner and ride your nag
Take your dinner from a new nose back

Gotta to go faster
Gotta get along
Gotta to go faster
Ride your nag till your sore
Push yourself just a little bit more

Gotta to go faster
Gotta get along
Gotta to go faster
Grit your teeth, clench your jaws
Push yourself just a little bit more

Take a little tip from Mr. Johnny Green
Keep your rear view mirror clean
Keep an eye on the road and the one behind
Increase your speed if you're so inclined",True,en
c2b96479-f86a-4414-a229-286c7ccec134,Down at the (Other) Doctors,Dr. Feelgood,fcc0e623-435b-4a46-b9b3-73823e22e1ec,classic rock,Rock,Dr Feelgood,Down at the (other) doctors,"Now if you leave a joint
You still feel alive
You need a place to go
And you're bound to find

Down at the doctor's
Down at the doctor's
Down at the doctor's
Make you feel good all night

Now everybody needs a little shot of R&B
So come on down to the surgery

Down at the doctor's
Down at the doctor's
Down at the doctor's
Make you feel good all night

Now come here baby
Ain't gonna do you no harm
I just wanna shoot some rock 'n' roll in your arm

Down at the doctor's
Down at the doctor's
Down at the doctor's
Make you feel good all night

Down at the doctor's
Down at the doctor's
Down at the doctor's
Make you feel good all night",True,en
c6a6cbf6-da37-418b-8d20-3ea4977b13df,Suzie Q,Dr. Feelgood,fcc0e623-435b-4a46-b9b3-73823e22e1ec,classic rock,Rock,Dr. Feelgood,Suzie Q,"(Eleanor Broadwater/Dale Hawkins/Stanley S. Lewis)

Oh Suzie Q., oh Suzie Q.
Oh Suzie Q., baby I love you
Suzie Q.

I like the way you walk
I like the way you talk
I like the way you walk, I like the way you talk
My Suzie Q.

Oh Suzie Q., oh Suzie Q.
Oh Suzie Q., baby I love you
My Suzie Q.

Well say that you will be true
Say that you will be true
Say that you will be true and never leave me blue
My Suzie Q.

Oh Suzie Q., oh Suzie Q.
Oh Suzie Q., baby I love you
My Suzie Q",True,en
8736d3c1-d026-4bf1-a8ca-2eed39ddd8fa,Great Balls of Fire (live),Dr. Feelgood,fcc0e623-435b-4a46-b9b3-73823e22e1ec,classic rock,Rock,Dr. Feelgood,Great Balls of Fire (live),"(hammer/blackwell)

You shake my nerves and you rattle my brain
Too much love drives a man insane
You broke my will, but what a thrill
Goodness gracious - great balls of fire

I heard you laugh and I thought it was funny
You come along and moved me, honey
I changed my mind, this world is fine
Goodness gracious - great balls of fire

Kiss me baby
Mmmh, feels good
Hold me baby
I want to love you like a lover should
You're fine, so kind
Gotta tell this world that you're mine mine mine

I twitch my fingers and I wiggle my thumb
I'm real nervous but it sure is fun
Come on baby, drive me crazy
Goodness gracious - great balls of fire

- guitar break -

Kiss me baby
Mmmh, feels good
Hold me baby
I want to love you like a lover should
You're fine, so kind
Gotta tell this world that you're mine mine mine

I twitch my fingers and I wiggle my thumb
I'm real nervous but it sure is fun
Come on baby, drive me crazy
Goodness gracious - great balls of fire

- guitar break -

Kiss me baby
Mmmh, feels good
Hold me baby
I want to love you like a lover should
You're fine, so kind
Gotta tell this world that you're mine mine mine

I twitch my fingers and I wiggle my thumb
I'm real nervous but it sure is fun
Come on baby, drive me crazy
Goodness gracious - great balls of fire",True,en
16992809-e749-4387-a50c-9a61207e1077,Unspoken Words,Gotthard,4a252ce3-5352-4e7d-bdf5-b75a67908a08,hard rock,Rock,Gotthard,Unspoken Words,"Here i lie awake
And my world is upside down
All has turned to grey
And i start to hate this town
I try to cope, what happened to my life
Now the king of fools
Has finally got his crown

Oh lord i should've seen it coming
But i was so blind
When all out of nowhere
She entered my life
And i did let her go

Tonight, unspoken words
Inside, something still hurts
Deep inside

Would've never believed
This could happen to me for real
Cuz i've lost my head
To a heart that's made of steel
And here i stand with no more words to say
See me down on the ground
No, you'll never know how i feel

Oh lord i should've seen it coming
Come, answer my prayer
But if life's just a game
One thing's oh so true
I'm gonna play this one with you

Tonight, unspoken words
Inside, something still hurts
Tonight, unspoken words
Next time, i won't make the same mistake twice

Looking back on endless broken glass
Cracks with every step i take
Can't get rid of shadows of the past
Out in the rain
Just me to blame",True,en
a10c8ad3-4912-43f3-95b2-7874d6dfde7a,Man on a Mission,Gotthard,4a252ce3-5352-4e7d-bdf5-b75a67908a08,hard rock,Rock,Gotthard,Man on a Mission,"I'm a man on a mission
Now walking alone
Got no plan but ambition
And that's all I own
Before the sunrise I'm gonna leave
I ain't going home

I'm not a fan of tradition
I like the unknown
I keep on changing my vision
But the one thing I know
Is when I come down, I'm gonna bleed
And fall like a stone
Like a stone, ooo

But my addiction is you, and I've had a few
I'm hooked and I can't break away
The one drug I fell into, you're all that I do
I'm so addicted to you

I got fire and ignition
The moon in my sight
Cross the wires on suspicion
I'm taking the flight
And when I'll look down onto the world
Round will be right
I'll be right, I'll be right

But my addiction is you, and I've had a few
I'm hooked and I can't break away
The one drug I fell into, you're all that I do
I'm so addicted to you

No, there ain't no healin'
No, there ain't no cure
No, there ain't no healin'
No, there ain't no cure

But my addiction is you, and I've had a few
I'm hooked and I can't break away
The one drug I fell into, you're all that I do
I'm so addicted to you, you
'Cause my addiction is you, and I've had a few
I'm hooked and I can't break away
The best thing I ever knew, you're all that is true
I'm so addicted to you

I'm a man on a mission
With a picture of you",True,en
ea7cb675-9c2d-48a4-b578-3563ac49a900,My Oh My,Gotthard,4a252ce3-5352-4e7d-bdf5-b75a67908a08,hard rock,Rock,Gotthard,My Oh My,"In my mind, I can't explain
Every time it feels the same
I don't know this world you paint
And I can't bear one more complaint

Let it go, let me breathe, let it sing to me
Let it go, let me breathe, let me live, let me live

My Oh My Oh My... You're gonna make me feel like I can't fly
My Oh My Oh My... No one's gonna stop me till I die
You can paint it black and white but I'll take the up, the down
Whatever's around
My Oh My Oh My... Let me fly

Empty words you speak in vein
Every time they sound the same
Out of time and out of place
Empty as the black of space

Let it go, let me breathe, let it sing to me
Let it go, let me breathe, let me live, just let me live

My Oh My Oh My... You're gonna make me feel like I can't fly
My Oh My Oh My... No ones gonna stop me till I die
You can paint it black and white but I'll take the up, the down
Whatever's around
My Oh My Oh My... Let me fly

Let it go, let it go, let it sing to me
Let it go, let me breathe, let me live
Let it go, let me breathe, this is it for me
Let it go, let me breathe, let me sing, let me sing, singing...

My Oh My Oh My... You're gonna make me feel like I can't fly
My Oh My Oh My... No one's gonna stop me till I die
You can paint it black and white but I'll take the up, the down
Whatever's around
My Oh My Oh My... I'm gonna keep this high",True,en
5d079f86-0b37-4985-a146-a82bc36c2933,My Daddy Told Me,Gotthard,4a252ce3-5352-4e7d-bdf5-b75a67908a08,hard rock,Rock,Gotthard,My Daddy Told Me,"My daddy told me ""these are the rules""
And then he showed me how to play 'em cool
He said ""too many faces and too many lies""
My daddy told me ""don't be too wise""

(Do, do as I do)
My daddy told me ""these are the rules""
And then he told me ""say what I say and be you""
(Do, do as you do)
And all the things you won't learn in school
And then he said ""you gotta be true""

My daddy told me ""no game no win""
And the he told me ""go let love begin""
He said ""many will come and many will go""
My daddy told me ""just take it slow""

(Do, do as I do)
My daddy told me ""these are the rules""
And then he told me ""say what I say and be you""
(Do, do as you do)
And all the things you won't learn in school
And then he said ""you gotta be true""

Hold on these words that I say
Roll out the world on the way, on and on and on!

My daddy told me ""don't sell your soul""
And then he showed me, showed me how to roll
He said ""a million to one, just stick to your guns""
My daddy told me ""don't come undone""

(Do, do as I do)
My daddy told me ""these are the rules""
And then he told me ""say what I say and be you""
(Do, do as you do)
And all the things you won't learn in school
And then he said ""you gotta be, gotta be true""",True,en
52acf75f-c3b3-45a7-8cbd-0224c09f09f3,Every Time I Die,Gotthard,4a252ce3-5352-4e7d-bdf5-b75a67908a08,hard rock,Rock,Gotthard,Every Time I Die,"Inside my soul I'm flying, never get enough
I died a million times just waiting for your love
Like the rolling thunder, shaking up the sky
I can't keep this under, living out a lie

Oh, every time you're next to me
Oh, I'm every time in ecstasy
Oh, I just wanna cry
Oh, 'cause every time I die
Every time I die, I die for you

Tell me now or never, look me in the eye
Will this be forever? Is it worth the fight?
Taking all my chances, everything I own
Despite my circumstances, a risk I take alone

Oh, every time you're next to me
Oh, I'm every time in ecstasy
Oh, I just wanna cry
Oh, 'cause every time I die
Every time I die, I die for you
I die for you, oh

Can't you read between the lines
In between lines I bleed
Can't you read between your lies
In between your lies I bleed

You don't really understand
You don't really know
You don't really care at all
But I'm gonna let you know

Oh, every time you're next to me
Oh, I'm every time in ecstasy
Oh, I just wanna cry
Oh, 'cause every time I die
Every time I die, I die for you
I die for you

Every time I die, I die for you
Every time I die
Every time I die
I die for you
I die for you
I die for you",True,en
931614f3-5d2c-402c-b165-fbb5a2e06c2a,Hot Freaks,Guided by Voices,6c85f4c3-026c-4c16-9a7c-f546f42ed0fb,indie rock,Rock,Guided by Voices,Hot Freaks,"I met a non-dairy creamer
Explicitly laid out like a fruitcake
With a wet spot
Bigger than a great lake
Took me to the new church
And baptized me with salt
She told me, ""liquor""
I am a new man

Hot freaks

This one is on the house
This one is better than ever

I walked into the house of miraculous recovery
And stood before king everything
And he asked me to join him in the red wing
Took me to pie land
Said, ""I'm a thigh man""
I will be eternally hateful

Hot freaks
Hot freaks
Hot freaks

This one is on the house
This one is better than ever
And this one is on the house
This one is better than ever
This one is on the house
This one is better than ever",True,en
36824eaf-4b4b-46dc-91b1-59689c672f29,Over the Neptune / Mesh Gear Fox,Guided by Voices,6c85f4c3-026c-4c16-9a7c-f546f42ed0fb,indie rock,Rock,Guided by Voices,Over the Neptune / Mesh Gear Fox,"Traveller's diagram
For Where I am for what I am
? Vision? (visual?) code?
Overloads, it all explodes
And hey, let's throw the great party
Today for the rest of our lives
The band is just about to get started
So throw the switch
It's rock-n-roll time

Fo ce li let's us blow?
Then the onion lady blows
Kisses to the crying cooks with baited hooks
And lady looks?

And hey, let's throw the great party
Today for the rest of our lives
The band is just about to get started
So throw the switch
It's rock-n-roll time

You must be willing just to ride along with me
You must be happy just to do the job for free
Yours for the taking if you follow simple rules
Such acts of subservience were never taught in schools

Spit me out from your cosmos
Draft me into your troops
Set me up for the knockdown
You can watch
And I'll be back when it's over

I'm much greater than you think
I'm swimmer in the drink
I'm much greedier than you think
I'm slammer in the drink

And oh, mesh gear fox
Put out another bag of tricks from scientific box
Time's wasting and you're not gonna live forever
And if you do
I'll come back and marry you
No use changin' now
You couldn't anyhow and ever (forever?)

It's not the way that I fear that I feel
It's the way you act
It's the way you look when you're near me
It's not so hard to conceal to concede? (conceal?)
It's the things you say
It's the things you do go right through me",True,en
a574cf44-b4b2-4bf8-87fe-53ae1599dfff,Particular Damaged,Guided by Voices,6c85f4c3-026c-4c16-9a7c-f546f42ed0fb,indie rock,Rock,Guided by Voices,Particular Damaged,"Drafted for the troops
We are the earthworm providence
And leading us to the sensational flag
It's all a gag
It's all a gag
Sit through the traffic and capture a tactic
I aim for the soup on a Lexington shopper
Gotta kill the coppers of the God, whiskey knows
Oh, God, whiskey knows
God whiskey knows, knows, knows, knows
(Okay)
Aim for the soup on a Lexington shopper
Gotta kill the coppers
Oh, God, whiskey knows
Oh, God, whiskey knows
Oh, God, whiskey knows, whiskey knows",True,en
7d293a68-e869-41f4-9323-46f5b2487a42,You’re Not an Airplane,Guided by Voices,6c85f4c3-026c-4c16-9a7c-f546f42ed0fb,indie rock,Rock,Guided by Voices,You’re Not an Airplane,"Well, come on now and see the course
That never fields the game of choice
And cold allies of steel
Couldn't buy the way it feels
Rusty and divided steel
The race is yet to come",True,en
b43f2f79-0957-4aa9-ba97-fcdccd3a8c06,Yours to Keep,Guided by Voices,6c85f4c3-026c-4c16-9a7c-f546f42ed0fb,indie rock,Rock,Guided by Voices,Yours to Keep,"To see you sight unseen is worse
Then pick you up because you're first
And go where the whistle blows
And go where the captain knows
Is just a lie

To train the bear to not get up
Slay the beast and win the cup
And stay with the sweet flesh prize
A necklace of 50 eyes
Is yours to keep",True,en
cbb31452-6efd-4bfd-8994-37c84c0e956a,Empire State,Guster,6cbe1e63-5895-4168-ac7e-f0d2836ba0c1,alternative rock,Rock,Guster,Empire State,"Been the crawl of a mountain
Been a link in a chain
I've been scolded for stealing
I've been told to behave

I've been reading the forecast
Something's coming this way
But it's taking forever
I'm too tired to maintain that
I'm slow

Been a scratch on the surface
Been a clog in the drain
I've been melodramatic
I've been sleeping for days

I've been one in a million
Been a million to one
This is taking forever
Always seems to return that
I'm slow

All hands up, salute the Empire State
Faith be true, you know the way
Ten feet tall in this: an empty space
Fallen walls all around
Destroyed again
Destroyed again

Been digging to China
Been a fish in the sea
I've been talking to Jesus
But he's not talking to me

I've been reading the forecast
Something's coming this way
But it's taking forever
And I'm too tired to maintain that
I'm slow

All hands up, salute the Empire State
Faith is true, she knows the way
Ten miles tall in this: an empty space
Fallen walls all around
We'll build again
Rebuild again

Been the crawl of a mountain
Been a link in a chain
Been scolded for stealing
Been carted away",True,en
399231a8-304a-4307-b7ed-2a072e80ff26,C'mon,Guster,6cbe1e63-5895-4168-ac7e-f0d2836ba0c1,alternative rock,Rock,Guster,C'mon,"I look out of my bedroom window pane
Every day, but the view just stays the same
I was young I would run straight from this place
Come back home and then start it all again

I know just what I want, I know just what I need
It's a big old house and it's coming back to haunt me
We'll be alright, we'll be easy
Dont look back, dont look back
Just c'mon, c'mon, c'mon

Look around at the people in this place
I'm afraid that we'll end up the same way
So let's rise, dye our hair, and change our names
Make a wish and just blow it all away

I know just what I want, I know just what I need
It's a big old house and its coming back to haunt me
We'll be alright, we'll be easy
Dont look back, dont look back
Just c'mon, c'mon, c'mon

We'll be alright, we'll be easy
Dont look back, dont look back
Just c'mon, c'mon, c'mon

Cause you know what you want
So c'mon, c'mon, c'mon",True,en
e8a5743a-ba0b-4ab5-92c0-1946500831bd,Lightning Rod,Guster,6cbe1e63-5895-4168-ac7e-f0d2836ba0c1,alternative rock,Rock,Guster,Lightning Rod,"Standing on a building
I am a lightning rod
And all these clouds are so familiar
Descending from the mountain tops
The gods are threatening
But I will return an honest soldier

Home...

Steady on this high-rise
Like every lightning rod
And all these clouds are boiling over
Swimming in adrenaline
The sky is caving in
But I will remain the honest soldier

Home...",True,en
6e2e4f89-1e94-4d22-bcb3-39bbb03643d5,Ruby Falls,Guster,6cbe1e63-5895-4168-ac7e-f0d2836ba0c1,alternative rock,Rock,Guster,Ruby Falls,"Tonight
Where do we go from here?
The road through Ruby Falls has reached the end
And now we're digging in the sand
They're promising that help is on the way

Love, confession number one
Impossible and sorry
And judge, can you look the other way?
Some things are best unsaid

And now where can we go from here
When all the morning birds have gone away
Two wrongs won't navigate tonight
The afterlife is all in the end
The afterlife is ours in the end

Love, don't look me in the eye
Just wash it all down
And judge, can you let me run away
We're outta here, straight outta here

Somewhere down buried in the sand
Two birds give out a song
And all of Ruby Falls is singin' along

Sing along...

(...gone and turned away (?))
(...gonna make you pay (?))",True,en
7e4b7201-0094-45ca-864a-b46146dc5fa9,The Beginning of the End,Guster,6cbe1e63-5895-4168-ac7e-f0d2836ba0c1,alternative rock,Rock,Guster,The Beginning of the End,"We're not sentimental
We're just oil-filled machines
Trying not to say the things we mean
You gotta show us a little love

Our big brother tells us
That it's something in our genes
Pretty soon we'll all be coming clean
Gotta show us a little skin

I'm the judge and jury
I'm the lion and the lamb
This is the beginning of the end
It's breaking you down
We're breaking you down

We're unrecognizable
We're sunken submarines
Trying to escape before we're seen
You're gonna miss us when we're gone

I'm the judge and jury
I'm the lion and the lamb
This is the beginning of the end
We're breaking you down
We're breaking you down",True,en
3ca7ef2d-b0ef-419a-8a09-1668d518adb4,Wild Imagination,Kurt Vile,e07a111e-4e8a-4651-a849-01ac60551ab2,indie rock,Rock,Kurt Vile,Wild Imagination,"I'm looking at you
But it's only a picture so I take that back
But it ain't really a picture
It's just an image on a screen
You can imagine if I was though, right?
Just like I can imagine you can imagine it, can't you?
I got a wild imagination

Give it some time
Give it some time
Give it some time
Give ya some time
Give ya some time

I'm laughing out loud
So much it appears that I'm crying babe, yes
Come out on the porch, mama
I'll tell you about my past
There's believers and lovers
And druggers and dreamers
And drunkards and schemers
And I'm afraid that I am feeling much too many feelings
Simultaneously, at such a rapid clip

Give it some time
Give it some time
Give it some time
Give ya some time
Give ya some time

Give it some time
Give it some time
Give it some time
Give ya some time
Give ya some time

I'm looking at you
But it's only a picture so I take that back
But it ain't really a picture
It's just an image on a screen
You can imagine if I was though, right?
Just like I can imagine you can imagine it, can't you?
I got a wild imagination

Give it some time
Give it some time
Give it some time
Give ya some time
Give ya some time",True,en
5711ab38-e738-41d1-a2be-318785f043b4,Life Like This,Kurt Vile,e07a111e-4e8a-4651-a849-01ac60551ab2,indie rock,Rock,Kurt Vile,Life Like This (Life Like This),"Wanna live, wanna live, live a life like mine
Well, I been doin' it, baby all the time
To do so, you gotta roll with the punches
Jump from the sweetest to the toughest of tough love

Maybe you think I'm a talking tube
Baby try playing, that's all I really ever wanna do
You didn't hear me right, oh yeah

That's right, I wanna live, live
A life like this, yeah
You wish

Wanna live, wanna live a life like mine
Hey, baby, well, get in line
Ready to take a life test
What it is, is it, it's the best

Maybe you don't hear me talking strange
Well, hang on, you better wait
Maybe you didn't hear me right

Well, it's up and down and out of sight
Do you got what it takes?
Well, I think you might

Wanna live, wanna live a life like mine
Well, I been doin' it, baby all the time
To do so, you gotta roll with the punches
Jump from the sweetest to the toughest of tough love
Maybe you don't hear me talking strange
Well hold on, you better wait
Maybe you must think that I'm talking crooked
Well, that's all good

Wanna live, wanna live a life like some
Young and dumb and full of
Come on over to my house, there's a party goin' on here all the time
Wanna live, wanna live a life like mine

Eh, you wish
Eh, you wish
Eh, you wish, eh
Eh

Wanna live, wanna live, live a life like mine
Well, I been doin' it, baby all the time
To do so you gotta roll with the punches
Jump from the sweetest to the toughest of tough love

Well, it's up and down and out of sight
Have you got what it takes?
Well, I think you might",True,en
7ca50acd-5ad4-4f71-bf1e-2af25c092c2a,Kidding Around,Kurt Vile,e07a111e-4e8a-4651-a849-01ac60551ab2,indie rock,Rock,Kurt Vile,Kidding Around,"Walking on the straight and narrow
Straight between your eyes comes an arrow
Blood all over the house you reside in
But it's all an illusion

On vacation at the seashore
By the bay but far away
Inside your mind has been unkind
It brings along your brain you think

What's the meaning of this song
And what's this piece of wood
I don't care it sounds so pretty
It's change is so sublime
What was the meaning of that last line

But I'm just kidding around over here

Oooooooooooooooo
Oooooooooooooooo
Oooooooooooooooo

Ain't it funny when others try to tell you what you're trying to do
But I'm all ears, clearly, have you not been listening to my pretty song

Walking on the straight and narrow
Straight between your eyes comes an arrow
Blood all over the house you reside in
But it's all an illusion

Walking on the rocky brawlway
Forget what I was trying to say
Now I know one way to kill me
Way to go K.B
Hey can I hear me?

But I'm just kidding around over here

Oooooooooooooooo
Oooooooooooooooo
Oooooooooooooooo",True,en
c3708eca-a3ab-48f1-8426-8cbe6e7404c5,Dust Bunnies,Kurt Vile,e07a111e-4e8a-4651-a849-01ac60551ab2,indie rock,Rock,Kurt Vile,Dust Bunnies,"You may think that it's funny now
That I got a headache like a shop vac coughin' dust bunnies
It's hard to see when it's all red
And all you hear are just white noises

This little one she's a delicate creature
No safety features to hold her down
Girl you've been running on all cylinders
Pulling the yard and cutting hard

But no they won't find us lying down on the ground
And it ain't at the bar where I am or you are
We'll take a puff on a cigarette and see what we get
An invigorating fix and a black lung

Don't know much about history
Don't know much about the shape I'm in
There ain't no manual to our minds
We're always looking baby all the time

But no we won't find it rolling around on the ground
And it ain't at the bar where I am, where you are
I took a puff on a cigarette, saw what I get
An invigorating fix and a black lung

You think you're tired, put your face in my place
We swap faces and I see you're tired
It's hard to think with a squashed brain and
Let's hope that don't leave a permanent stain

How can you talk over all that racket
What's there to feel but totally whacked

But we don't got time to wallow around in it
Though it don't look so far away from where we are
I wanna put out the cigarette and leave it behind
Hold you real close, take you by the hand
We'll walk away
Walk away",True,en
3b241cc6-86ef-472d-afcb-80694a91a8c5,All in a Daze Work,Kurt Vile,e07a111e-4e8a-4651-a849-01ac60551ab2,indie rock,Rock,Kurt Vile,All In A Daze Work,"Chinese charms and well-tanked in Burbank
Strumming unsuccessfully but moreso just pressin' keys and
Hey Jack of diamonds all jack of horse and
Hey man I believe I'm floating and of course of course
Guess I got my mind well twisted didn't I, well...

All in a daze work, and
All in a daze work, and
All in a daze work, and
All in a daze work, and
All in a daze work, and
All in a... all in a... all in a daze work

She come flying through like a traveling gypsy show tornado
Leaving us lying there bleedin'
Cut wide open, hearts broken
Guess I got my mind well twisted didn't I, well...

All in a daze work, and
All in a daze work, and
All in a daze work, and
All in a daze work, and
All in a daze work, and
All in a... all in a... all in a daze work",True,en
f3c7e3d0-7232-4e6e-8cce-ab3fd9e09538,Blood for Blood (A Life Divided club remix),Lord of the Lost,8cf95123-5023-4257-933e-4d7ebbc5d8a2,"rock, goth rock, rock/goth rock",Rock,Lord of the Lost,Blood For Blood (A Life Divided Club Remix),"1 2 3 4 to the floor
I give blood for blood
But you want more
1 2 3 4 to the floor
I give blood for blood
Not more

Forever yours
From head to feet
Till the breaking down

In the lustful heat
Tonight I'll love you forever
When I go down and eat
Hot sweat in black leather

We're moving to the beat

1 2 3 4 to the floor
I give blood for blood
But you want more

1 2 3 4 to the floor
I give blood for blood
Not more
Until the end of night

I will always be your whore
Until the sun will shine
I give blood for blood
Not more

It's not a game
This love is true
When you scream my name
Both of you
You are going commando
Let us trick and treat
It takes two to tango
We're moving to the beat

1 2 3 4 to the floor
I give blood for blood
But you want more
1 2 3 4 to the floor
I give blood for blood
Not more
Until the end of night
I will always be your whore
Until the sun will shine
I give blood for blood
Not more",True,en
32f5c86c-70dc-4459-a9c2-80f656a7215b,Bitch,Lord of the Lost,8cf95123-5023-4257-933e-4d7ebbc5d8a2,"rock, goth rock, rock/goth rock",Rock,Lord of the Lost,Bitch,"You'll learn to lose me
And you'll love me when it's over

I know that Lennon died and Morrison is dead
I saw Cobain losing his head
Life's a bitch!
Where is the Nihilism? Where does Nietzscge sway?
The devil moved out for lavey
Life's a bitch / to be bi, or not to be
Time is winning anyway
In 2000 years of this cabaret
We'll need a Gaga-Cross to Pray

Life's a bitch
She's not not lover and not your friend
Recall
Life's a bitch
Nothing more than a one-night stand
Now you know better don't let her come

Too close
Just Fuck her from behind and let her go
Recall
Life's a bitch
She'll make you fall in love with her again
Life's a bitch

I still hear Jimi Shres
I still see Janis dance
Buried alive in the blues
Life's a bitch / I'll never save the world
I'll ever be a slave / for a Mayfly day
Life's a bitch / To be a lie or not to be
Time is winning anyway
In 2000 Years of this cabaret
We make the world a better place

One, Two / One, Two, Fuck you!

I know that you don't love me
But you won't let me go

You'll learn to lose me and you'll love me
When it's over.",True,en
866efcb4-2bbe-4c7d-a17b-d7cea3a7fc33,Prologue (Mental Breakdown remix),Lord of the Lost,8cf95123-5023-4257-933e-4d7ebbc5d8a2,"rock, goth rock, rock/goth rock",Rock,Lord of the Lost,Prologue (Mental Breakdown Remix),"Breakdown with me

Before my eyes, I see you, I feel you
But still I cannot have you
I want you to want me
To want you, betray me, save me

Lying face down

Lying face down

No, I don't, don't want you to tell me the hard truth
I beg you, belie me, I suffer, just try me
Betray me, save me

Lie to me, oh, say that you're falling in love
Save me from falling and falling apart
Lie to me, oh, say that you're falling in love
Save me from falling and falling apart

Lie to me, oh, say that you're falling in love
Save me from falling and falling apart
Lie to me, oh, say that you're falling in love
Save me from falling and falling apart

Before my eyes
I want you
Though I know I cannot have you
I really want you
I see you right beside me

I won't go without-
Without you, honey, without-
Without my back, you know me
When I see you, can't stop thinking
Babe, don't try me
Girl, I want to talk to you
Talk to you, think about it
Girl, I want to talk to you
Girl, I want you, girl, I need you
Save me, save me (my breakdown)",True,en
f3ea576c-5d5e-4d6d-b666-b5e10ca4a5b4,Heart for Sale (Darkhaus remix),Lord of the Lost,8cf95123-5023-4257-933e-4d7ebbc5d8a2,"rock, goth rock, rock/goth rock",Rock,Lord Of The Lost,Heart For Sale (Darkhaus Remix),"And if you don't need my love, I'll give it all away

If you don't need my love, need my love
If you don't need my love

No one ever saw me, nobody ever cared
No one ever stole my heart, and left the half unpaired

Spring went by, summer lead to fall
In winters night, a devil in the sky
And after all

The agonies and fears
Did someone hear my call
And came to dry my tears or let me fall?

And if you don't need my love, I'll give it all away
And if you refuse, I prostitute my heart for sale
I prostitute my heart for sale

No one ever listened or spoke, once in a while
No one ever touched my heart, but left me undefiled

Spring went by, summer lead to fall
In winter's night, a devil in the sky

And if you don't need my love, I'll give it all away
And if you refuse, I prostitute my heart for sale
And if you don't need my love, I'll give it all away
And if you refuse, I prostitute, my heart for sale

In agonies and fears, will someone hear my call?
And come to dry my tears or let me fall
(And if you don't need my love)
I prostitute my heart for sale
(And if you don't need my love)
I'll give it all, I'll give it all away

And if you don't need my love, I'll give it all away
And if you refuse, I prostitute my heart for sale
And if you don't need my love, I'll give it all away
And if you refuse, I prostitute my heart for sale

(And if you don't need my love)
I prostitute my heart for sale
(And if you don't need my love, need my love)
I'll give it all, I'll give it all away",True,en
731de7e9-5f18-4fd0-bba3-33b9a379f43d,Nothing Words Can Say (Noodlz remix),Lord of the Lost,8cf95123-5023-4257-933e-4d7ebbc5d8a2,"rock, goth rock, rock/goth rock",Rock,Lord of the Lost,Nothing Words Can Say (Noodlz Remix),"When every dream is lived
And every mask is worn
When every kiss is kissed
And every swear is sworn
I'll maybe find a reason
I'll maybe find a way
But it's nothing
Nothing words can say

At the end of the world
And it's cold outside
At the end of all times
In the desert of life
The end of the world
And the night of the day
But there's nothing to harm you
It's nothing words can say

When all the grace is falling
And when I feel so small
I might archive the wisdom
To know about it all
I'll maybe find the right words
I'll might know what to say
Oh, I will find
Oh, I will find a way

At the end of the world
And it's cold outside
At the end of all times
In the desert of life
The end of the world
And the night of the day
But there's nothing to harm you
It's nothing words can say

When it's cold outside
At the end of all times
In the desert of life
The end of the world
And the night of the day
But there's nothing to harm you
It's nothing words can say

At the end of the world
And it's cold outside
At the end of all times
In the desert of life
The end of the world
And the night of the day
But there's nothing to harm you
It's nothing words can say

When it's cold outside
At the end of all times
In the desert of life
The end of the world
And the night of the day
But there's nothing to harm you
It's nothing words can say",True,en
14b9889b-42f4-4cb2-8ba3-d450ed6c2fd8,Psychonaut,Motorpsycho,5d0764c8-b14a-47fb-adc7-2ba9fb5f0d76,alternative rock,Rock,Motorpsycho,Psychonaut,"And i'll feed you the lies that you wanna hear
And i'll kick you around till you eat your fear
And i'll sing any song that i want to sing
And i know if i want i'll be anything

And i'll smoke anything that i want to smoke
And i'll read 'tween the lines till i get the joke
And i'll preach any law that i will obide
And i show who i am and i never hide

And i look till i find what's inside of me
And i search till i find where i wanna be
And i'll pull any string just to get me there
And i'll rip any fabric i need to tear

And it's high time we bleed for the coming one
And the stars and the moon and the rising sun
Allthe bull and debris that we lug around
And the hide that i shed when i hear the sound

Of my corvette",True,en
d8c2609e-b6e5-431f-b84d-21a7d1323ab8,Babylon,Motorpsycho,5d0764c8-b14a-47fb-adc7-2ba9fb5f0d76,alternative rock,Rock,Motorpsycho,Babylon,"Your son's wasted, mama
And he don't care if you don't
He's hurting when he's concious,
Annd forgetting when he's stoned
There's too much confusion
And too much pain
Your bastard son blew it again

Disillusion is the name of the game
Try playing wounded when there's noone to blame
Pride is the mouse and pride is the cat
Why do you all have to be like that?

Babylon, oh Babylon
Your gardens have pools in them now
Babylon, oh Babylon
The TV-set's your holy cow

The neighbours kid, mama
He OD'd last night
I guess something here just ain't quite right...

Babylon!",True,en
245e18b5-c301-4ad8-aec6-2db821545f34,Landslide,Motorpsycho,5d0764c8-b14a-47fb-adc7-2ba9fb5f0d76,alternative rock,Rock,Motorpsycho,Landslide,"nothing to explain
whenever you're around me
the silence's still astounding
unshadowed by distress or overcasting anger
we're lucky if the landslide hit's us hard on time;
our rose-lipped youth is passing by

so easy that it's hard
walking on a faultline, spending all the dreamtime
waiting for the landslide to hit home
so those self-seeking satellites stop spinning 'round
and are forced to choose a different course

who would wanna know?
if you're not gonna show
how the crazy gift of time takes it's toll
Impress me and say that you will put it straight
wipe off the residue and clean the slate
go get a grip before it's all too late
all and everythings at stake.

too proud to let you know (nothing to explain)
I tried to prove you wrong (no need to complain)
but there's a consolation:
the gravity's increasing (nothing to explain whenever you're around me)
since you've been around
the self-seeking satellites stopped spinning 'round
can't find no joke to fend you off

who would wanna know?
if you're not gonna show
how the crazy gift of time takes it's toll

Impress me and say that you will put it straight
wipe off the residue and clean the slate
go get a grip before it's all too late
all and everythings at stake:
more than anyone can take!",True,en
5b38aa1f-4629-4502-b3ed-3d9a330e951f,577,Motorpsycho,5d0764c8-b14a-47fb-adc7-2ba9fb5f0d76,alternative rock,Rock,Motorpsycho,577,"At 13 - it's a magazine
Next to the pony-queen in the rain

At 14 - it's a daydream
It's a book that you read on the train

At 15 - it's a lazerbeam
It cuts to the core of your soul

At 16 - it's a favourite scheme
The prize & revard for the bold

And if, while breaking your heart
You pry it apart, you'll find
That what was good for you then
Is good for you now
But your mind will tell you
It's too late
You missed it and that's your fate...

At 17 - it's not what it seems
A much stronger force than you thought

At 18 - you run out of steam
And wonder why you even fought

At 19 -...

It all seems like a dream",True,en
48aed920-8e1e-42b6-9610-8a5f86b43630,When You’re Dead,Motorpsycho,5d0764c8-b14a-47fb-adc7-2ba9fb5f0d76,alternative rock,Rock,Motorpsycho,When You're Dead,"I watch you show
the profusion of colours your petals bestow
in fragrant flares all through the night
'till daybreak turns from blue to bright

let me know now
is it now or is it never
is it for real or is it forever?

strangeness yet to come
leaves have died and grown back on
with earth we bury when tired of strife
from earth we came into this life

so when you see me fall apart
won't you help me up and guide me back to start?
even in my dreams when I am in doubt
oh, Lord won't you help me when I am down and out?

no colours seem right
they faded out into the night
who will turn the light back on,
when darkness turns from black to wrong?
let me know now
is it now or is it never
is it for real or is it forever?
is it now or is it never
is it for real or is it forever?
is it now or is it never
is it for real or is it forever?

everything is great when you're dead
your family surrounds you, there are flowers in your bed
everything is just like they said...
I like lying down just to feel it.",True,en
d4ae8a4d-d1dc-49a8-9421-e7a02cc75fdc,The Chase Is Better Than the Catch,Motörhead,57961a97-3796-4bf7-9f02-a985a8979ae9,hard rock,Rock,Motörhead,The Chase Is Better Than The Catch,"You know I'm bad, the times I've had
I've got a bad reputation
I don't care, I get my share
Don't feel no deprivation, I don't

The more I get, the better it is
I like it fine, I like a little whizz
Treat 'em like ladies, that's a fact
You know the chase is better than the catch, you know

The silver tongued Devil, demon letch
I know just what I'm doing
I like a little innocent bitch
You know I ain't just screwing, I ain't

I love you baby, know you're too much
I like it fine, I feel your touch
But your appearance don't hold no class
You know the chase is better than the catch, you know

A little beauty, I love you madly
Come on home with me
I know you're hot, I know what you've got
You know I wanna shake your tree, they know

Come on, honey, touch me right there
Come on, honey, don't you get scared
Come on, honey, let me get you in the sack
You know the chase is better than the catch, you know

All right!
Come on-on-on!

Let me hear ya
Let me hear ya
Let me hear ya
Let me hear ya

I can't hear ya
I can't hear ya
I can't hear ya, can't hear!",True,en
da07331b-a813-4839-beaf-c6ec5cd91132,The Thousand Names of God,Motörhead,57961a97-3796-4bf7-9f02-a985a8979ae9,hard rock,Rock,Motorhead,The Thousand Names Of God,"Walking forever is a long, long time
Destiny is just the same old line
The war has come and we have let it come
The war for the blood of the chosen one

All that you see is illusion
And all you feel is mute confusion
The war is never over

No-one ever sees the black machine
You'll never fill my shoes
Out on the killing floor the eagle screams
Bad man luck and bad man dreams

No, you cannot kill the time
You will not have to choose
And then you'll have to pay your dues
You don't care about the pain
You will survive the day
To speak the thousand names of God

Outside the law is such a lonely place
Running and hiding, trying to change your face
The war has come and we don't understand
The war for the world and the future man

All of your days are dying
All of the doomsday birds are flying
The war is never over

Nobody ever likes to hear the truth
Too much like taking blame
The way we are, we are the living proof
Bad news boogie and sunk in shame

No, you cannot kill the time
You will not have to choose
And then you'll have to pay your dues
You don't care about the pain
You will survive the day
To speak the thousand names of God

Under the world is only dead and cold
And you still think that you can save your soul
The war has come and we have washed our hands
Bathed in the blood of the fighting man

All of your hearts are broken
And every magic word is spoken
The war is never over

You'll never walk out of this poison ground
You'll never be the one
Your head will never get to wear the crown
No luck left when hope is gone

No, you cannot kill the time
You will not have to choose
And then you'll have to pay your dues
You don't care about the pain
You will survive the day
And speak the thousand names of God",True,en
e4419a3a-20a1-4836-b76c-203f0e428347,I Know How to Die,Motörhead,57961a97-3796-4bf7-9f02-a985a8979ae9,hard rock,Rock,Motörhead,. I Know How to Die,"Say the word and I'll be yours
Save me from the killing floor
Out of time, out of sight
Creeping up on you tonight

Can't see your face no more, hanging in the sky
Might be gone forever and that's a long, long time
If I could find the cure, I wouldn't have to cry
I know the law, I know how to die

Thousand years lost in time
Out of shape and out of line
Flying high, you know it's true
Searching all the world for you

Take the wild ride, teach you how to fly
Be on my side, hate them long goodbyes
Don't believe in miracles, and I won't even try
I know the law, I know how to die

No more lies, no excuse
Walk a mile in my shoes
Out of luck, out on bail
Run like hell, stay out of jail

Can't see the way no more, needles in my eyes
Rotten to the core, hang me out to dry
Give me satisfaction or a damn good reason why
Cross your heart and hope to die

Stay on the right track, you can't live a lie
Make sure you don't go back, look me in the eye
Know I ain't no angel, broken wings don't fly
I know the law, I know how to die",True,en
7bdf36d0-ec5c-4e8a-a8d1-f6e4cb88675a,Metropolis,Motörhead,57961a97-3796-4bf7-9f02-a985a8979ae9,hard rock,Rock,"Motörhead, Motorhead",Metropolis,"Metropolis, the worlds collide
Ain't nobody could be on your side
I don't care
I don't care

Metropolis is something new
Ain't nobody got their eye on you
I don't care
It's nowhere

Metropolis, the worlds divide
Ain't nobody on the other side
I don't care
I'm not there",True,en
e9bb0b2a-d181-4750-825a-7899a9640eaf,Going to Brazil,Motörhead,57961a97-3796-4bf7-9f02-a985a8979ae9,hard rock,Rock,Motörhead,Going to Brazil,"Here we go again on a 747
Looking at the clouds from the other side of Heaven
Smoking and drinking, never gonna stop
Reading magazines stop me looking at the clock

Wanna watch the movie, can't sit still
Flying down to Rio, going to Brazil

Watching all the roadcrew attacking little girls
Joined the mile high club, goin' around the world
All the booze is free, airline going broke
Here come the lady with another Jack and Coke

Wanna watch the movie, can't sit still
Flying down to Rio, going to Brazil

Steve, Clem, Hobbsy, John, Crazy Dil and Pappy
Had to travel second class, they ain't too fucking happy
Elevator music, butter in my ears
Think we're gonna die, just the pilot changing gear

Wanna watch the movie, can't sit still
Flying down to Rio, going to Brazil",True,en
c1f8f249-49a7-4103-afca-146208f5ca54,Greens,Nazareth,88f219d8-4140-4191-af4b-de81c7c587c4,hard rock,Rock,Nazareth,Greens,"Woke up this morning crawled out between the sheets
My woman was warm, kisses oh so sweet
Wanted to stay but I had to go
Headed for the factory, made myself some dough

Chorus:

I said greens is what I mean
Well it don't keep ya warm as lovin'
But it sure pays for that fun in between

Got me some new wheels bright red fast and mean
Felt good drivin' around in that machine
Cruisin' 'round puttin' on a show
Couldn't make the payment the car just had to go

(Repeat chorus)

(Lead)

Gotta make some changes, gotta get myself in gear
Thing's are gettin' heavy, I'm cuttin' out of here
Take my woman, make some speed
Don't know where I'm going but I sure know what I need

(Repeat chorus)2x

(Agnew, Charlton, McCafferty, Sweet)
Nazsongs/Panache Music
1977 Nazareth (Dunfermline) Ltd.",True,en
83a269ba-bbc3-4fd3-9710-a8d33e683116,Where Are You Now,Nazareth,88f219d8-4140-4191-af4b-de81c7c587c4,hard rock,Rock,Nazareth,Where Are You Now,"Every single day
I think of the times
When you were still mine
And I'm blue

Got to get away
Get you out of my mind
I'm caught up in time
And I'm blue

I don't miss all the fun that we had
You were always around me

Where are you now
I need you now
If you were around
It would be alright

Living on my own
I know I'm to blame
I'm locked in my chains
And you're free

Fallen like a stone
I'm down on the ground
I'm tied up and bound
And you're free

I don't miss all the fun that we had
You were always around me

Where are you now
I need you now
If you were around
It would be alright

I don't miss all the fun that we had
You were always around me

Where are you now
I need you now
If you were around
It would be alright

Where are you now
I need you now
If you were around
It would be alright",True,en
24cf6566-e092-4e64-8007-54e78c517b15,Razamanaz,Nazareth,88f219d8-4140-4191-af4b-de81c7c587c4,hard rock,Rock,Nazareth,Razamanaz,"We've got to get it together
You bring the wine, we'll bring the weather
We haven't come to be clever
Let's make it now 'cause this could be never
We're gonna razamataz ya tonight
We're gonna razamanaz ya all night
Razamataz, razamanaz, up on your feet
Let's see ya dance, dance, dance.

Now that we've come to a showdown
We won't allow you a second to slow down
The moment has come to deliver
You as the taker, and we as the giver
We're gonna razamataz ya tonight
We're gonna razamanaz ya all night
Razamataz, razamanaz, up on your feet
Let's see ya dance, dance, dance.

All of the world loves a raver
We're playin' for ravers who savour the flavour
You all appear calm and collected
Razamanazin' you never expected
We're gonna razamataz ya tonight
We're gonna razamanaz ya all night
Razamataz, razamanaz, up on your feet
Let's see ya dance, dance, dance.

We're gonna razamataz ya tonight
We're gonna razamanaz ya all night
Razamataz, razamanaz, up on your feet
Let's see ya dance, dance, dance.",True,en
f4b373ed-73c7-478f-b8ea-5a27337eb338,Shanghai’d in Shanghai,Nazareth,88f219d8-4140-4191-af4b-de81c7c587c4,hard rock,Rock,Nazareth,Shanghai'd In Shanghai,"Nazareth
Greatest Hits
Shanghai'd In Shanghai
Standing on a corner in downtown L.A.
Waiting for the man to come along
She comes up to me and says ""too bad, too sad""
You know that he's been dead and gone.

L.A. lady, kinda shady
She picked him up and took him home

I woke up groggy my sight was smoggy
And I knew that it had been blown

Early in the morning sitting in a hotel
Moscow's looking fine through the wine
Spaced out I crashed out
When the K.G.B. came on the line.

It's a cold one, bein' sent down
It's gotta be fifty below

Mama here's a postcard to let you know
I'm in a saltmine and looking for coal

Shanghai'd in Shanghai
Stood on in Tuscon
Ripped off and kicked right out the bed

Flyin' across the desert from Texas to Tuscon
But we're headed for a southern star
The captain says it's fine in Havana
This dude behind me needs a cigar.

He's a big one, he's got a big gun
I guess we better go along

Mister we've got a gig in Arizona
Second billing to the Rolling Stones

Shanghai'd in Shanghai
Stood on in Tuscon
Ripped off and kicked right out the bed
Shanghai'd in Shanghai
Laid low in 'Frisco
Done in and left behind for dead",True,en
48bf78f9-f86f-4fb3-8d99-2dae2820ae35,Silver Dollar Forger (edited version),Nazareth,88f219d8-4140-4191-af4b-de81c7c587c4,hard rock,Rock,Nazareth,Silver Dollar Forger* [edited version],"Swingin' my sweet chariot low
Gotta make it home to georgia
Excise lawman on my trail
I'm a silver dollar forger
I see a road block on my right
Engine take me through the night
Gotta make it home to the arms of my sweet baby.

Twenty miles from that georgia state
I can hear the sirens wailing
If only I can cross that line
And leave the police trailing
I see a red light at my rear
Now I'm sweatin' cold steel fear
Gotta make it home to the arms of my sweet baby.

I'm tired of all this running
Hiding from the light
I want to walk out in the sun

I'll soon be home I can see the clay
I'll soon be in atlanta
If only I can hold that line
I can live just how I want to
I see the state line in my lights
Engine take me through the night
Gotta make it home to the arms of my sweet baby.

(Copyright 1974 mountain/carlin music)",True,en
64601a60-935a-4fee-a963-18787468e107,Fly by Night / In the Mood,Rush,534ee493-bfac-4575-a44a-0ae41e2c3fe4,classic rock,Rock,Rush,Fly By Night - In The Mood,"Why try? I know why
The feeling inside me says it's time I was gone
Clear head, new life ahead
I want to be king now not just one more pawn

Fly by night, away from here
Change my life again
Fly by night goodbye my dear
My ship isn't coming and I just can't pretend

Moon rise, thoughtful eyes
Staring back at me from the window beside
No fright or hindsight
Leaving behind that empty feeling inside

Fly by night, away from here
Change my life again
Fly by night goodbye my dear
My ship isn't coming and I just can't pretend

Fly by night, away from here
Change my life again
Fly by night goodbye my dear
My ship isn't coming and I just can't pretend

Hey now, baby
Well, I like your smile
Won't you come and talk to me
For a little while

Well, you're makin' me crazy
The way you roll them eyes
Won't you come and sit with me
I'll tell you all my lies

Hey baby, it's a quarter to eight
I feel I'm in the mood
Hey baby, the hour is late
I feel I've got to move

Hey baby, it's a quarter to eight
I feel I'm in the mood
Hey baby, the hour is late
I feel I've got to move

Well, hey now, baby
I said, I like your style
You really got me, baby
Way down deep inside

Oo, you drive me crazy
Baby, you're the one
I just want to rock-and-roll you woman
Until the night is gone

Hey baby, it's a quarter to eight
I feel I'm in the mood
Hey baby, the hour is late
I feel I've got to move",True,en
b4e47b01-bcef-464a-9ced-df4b9b83736c,Closer to the Heart,Rush,534ee493-bfac-4575-a44a-0ae41e2c3fe4,classic rock,Rock,Rush,Closer to the heart,"And the men who hold high places
Must be the ones who start
To mold a new reality
Closer to the heart
Closer to the heart

The blacksmith and the artist
Reflect it in their art
They forge their creativity
Closer to the heart
Yes closer to the heart

Philosophers and ploughmen
Each must know his part
To sow a new mentality
Closer to the heart
Yes closer to the heart, yeah

You can be the captain
And I will draw the chart
Sailing into destiny
Closer to the heart
Closer to the heart

Well closer to the heart, yeah
Closer to the heart
Closer to the heart
I said closer to the heart

Well closer to the heart yeah
Closer to your heart
Closer to your heart",True,en
44047e91-2553-46e2-8838-dcc7f59ae030,The Spirit of Radio,Rush,534ee493-bfac-4575-a44a-0ae41e2c3fe4,classic rock,Rock,Rush,The Spirit Of Radio,"Begin the day with a friendly voice
A companion unobtrusive
Plays that song that's so elusive
And the magic music makes your morning mood

Off on your way, hit the open road
There is magic at your fingers
For the Spirit ever lingers
Undemanding contact in your happy solitude

Invisible airwaves crackle with life
Bright antenna bristle with the energy
Emotional feedback on timeless wavelength
Bearing a gift beyond price, almost free

All this machinery making modern music
Can still be open-hearted
Not so coldly charted, it's really just a question
Of your honesty, yeah, your honesty

One likes to believe in the freedom of music
But glittering prizes and endless compromises
Shatter the illusion of integrity, yeah

Invisible airwaves crackle with life
Bright antenna bristle with the energy
Emotional feedback on timeless wavelength
Bearing a gift beyond price, almost free

For the words of the profits were written on the studio wall
Concert hall
And echoes with the sound of salesmen.
Of salesmen
Of salesmen",True,en
ad2ab423-be6c-4670-aa6d-645a317e397c,Second Nature,Rush,534ee493-bfac-4575-a44a-0ae41e2c3fe4,classic rock,Rock,Rush,Second Nature,"A memo to a higher office
Open letter to the powers that be
To a god, a king, a head of state
A captain of industry
To the movers and the shakers
Can't everybody see?

It ought to be a second nature
I mean the places where we live
Let's talk about this sensibly
We're not insensitive

I know progress has no patience
But something's got to give

I know you're different
You know I'm the same
We're both too busy
To be taking the blame

I'd like some changes
But you don't have the time
We can't go on thinking
It's a victimless crime.

No one is blameless
But we're all without shame

We fight the fire
While we're feeding the flames

Folks have got to make choices
And choices got to have voices
Folks are basically decent
Conventional wisdom would say
Well we read about the exceptions

In the papers everyday

It ought to be second nature
At least that's what I feel
Now I lay me down in dreamland
I know perfect's not for real
I thought we might get closer
But I'm ready to make a deal

Today is different
And tomorrow the same
It's hard to take the world
The way that it came

Too many rapids
Keep us sweeping along
Too many captains
Keep on steering us wrong

It's hard to take the heat
It's hard to lay blame
To fight the fire
While we're feeding the flames

It ought to be a second nature
At least that's what I feel
Now I lay me down in dreamland
I know perfect's not for real
I thought we might get closer",True,en
c66a814a-538f-4076-91c0-e6effac9c34c,Tom Sawyer,Rush,534ee493-bfac-4575-a44a-0ae41e2c3fe4,classic rock,Rock,Rush,Tom Sawyer,"A modern day warrior
Mean, mean stride
Today's Tom Sawyer
Mean, mean pride

Though his mind is not for rent
Don't put him down as arrogant
His reserve, a quiet defense
Riding out the day's events
The river

What you say about his company
Is what you say about society
Catch the mist, catch the myth
Catch the mystery, catch the drift

The world is, the world is
Love and life are deep
Maybe as his skies are wide

Today's Tom Sawyer
He gets high on you
And the space he invades
He gets by on you

No, his mind is not for rent
To any god or government
Always hopeful, yet discontent
He knows changes aren't permanent
But change is

What you say about his company
Is what you say about society
Catch the witness, catch the wit
Catch the spirit, catch the spit

The world is, the world is
Love and life are deep
Maybe as his eyes are wide

Exit the warrior
Today's Tom Sawyer
He gets high on you
And the energy you trade
He gets right on to the friction of the day",True,en
98678e91-d91a-42c1-bc1f-b6b7630cf270,God Knows It's True,Teenage Fanclub,e6f8912b-7df9-4aae-b551-2cd03dc29588,indie rock,Rock,Teenage Fanclub,God Knows It's True,"Maybe I just got it wrong
Express the feelings in a song
I didn't mean that much to you
I'm given such a tainted view

I'm not bitter, you're still sweet
If I'm the bones, then you're the meat
I'd like to spend some time with you
'Cause everything's got in a stew

God knows it's true
But I think that the devil knows it too
God knows it's true
But I think that the devil knows it too

God knows it's true
But I think that the devil knows it too
God knows it's true
But I think that the devil knows it too

Singing with a different band
Playing with a different hand
Somebody broke into my house
Stole the words out of my mouth

Baby said I've got it wrong
I sang the feelings in a song
If they don't mean a thing to you
A lot she says is nothing new

God knows it's true
But I think that the devil knows it too
God knows it's true
But I think that the devil knows it too",True,en
20816c67-7b13-4200-b439-a83fd2fc7431,Verisimilitude,Teenage Fanclub,e6f8912b-7df9-4aae-b551-2cd03dc29588,indie rock,Rock,Teenage Fanclub,Verisimilitude,"I've got a pocketful of words in my brain
I pull something out when I think I should
I feel like I'm going insane
I'm not, I just said it 'cause I thought I would

I always feel the need to profane
I've always said, ""Fuck,"" when I thought I could
To me this seems so inane

I don't need an attitude
Rebellion is a platitude
I only hope the verse is good
I hate verisimilitude

I've got a reason to think of your name
I always feel good when I look at you
I never feel the need to defame
Irony is something I mistook in you
I know our needs are the same
I'm thankful for not overlooking you
Still I need to declaim

I don't need an attitude
Rebellion is a platitude
I only hope the verse is good
I hate verisimilitude

I don't need an attitude
Rebellion is a platitude
I only hope the verse is good
I hate verisimilitude

I've got a pocketful of words in my brain
I'll try to find something I can give to you
I feel like I'm going insane
I know I'll calm down when I live with you

You always feel the need to profane
I guess that's something I'll forgive of you
Still I need to explain

I don't need an attitude
Rebellion is a platitude
I only hope the verse is good
I hate verisimilitude

I don't need an attitude
Rebellion is a platitude
I only hope the verse is good
I hate verisimilitude",True,en
c6030ebc-3a9c-491f-b157-0f4707e11257,Your Love Is the Place Where I Come From,Teenage Fanclub,e6f8912b-7df9-4aae-b551-2cd03dc29588,indie rock,Rock,Teenage Fanclub,Your Love Is the Place Where I Come From,"Your sadness don't lie
Your feelings can't hide
You always know why
But your reasons are sly
You never deny
What you feel inside

I, I disappear when you're not here
In my life

I can't slip away when I see your face
I lose my confusion
Your love is the place where I come from
When I'm on my own I'm lost in space
My freedom's a delusion
Your love is the place where I come from

My sadness don't lie
My feelings can't hide
I just can't deny
What I feel inside

I can't slip away when I see your face
I lose my confusion
Your love is the place where I come from
When I'm on my own I'm lost in space
My freedom's a delusion
Your love is the place where I come from

I can't slip away when I see your face
I lose my confusion
Your love is the place where I come from
When I'm on my own I'm lost in space
My freedom's a delusion
Your love is the place where I come from",True,en
e1d13a1a-16bc-4f8f-a5b5-aa50129e8f90,About You,Teenage Fanclub,e6f8912b-7df9-4aae-b551-2cd03dc29588,indie rock,Rock,Teenage Fanclub,About You,"I always knew the way about you
I always knew the way about you

Always on my mind
Always take my time
Take my time and I can find my way

I never took the time to see through
I always knew the way about you

Always on my mind
Always take my time
Take my time and I can find my way

Always on my mind
Always take my time
Take my time and I can find my way

Always on my mind
Always take my time
Take my time and I can find my way

Always on my mind
Always take my time
Take my time and I can find my way
Take my time and I can find my way
Take my time and I can find my way",True,en
15cbb1c0-e506-4f78-a71d-1ca23e2a938d,Tears,Teenage Fanclub,e6f8912b-7df9-4aae-b551-2cd03dc29588,indie rock,Rock,Teenage Fanclub,Tears,"There's no future, so don't fake it
Don't know if you're going to make it
When everything becomes unclear

You're tired and you're broken
Your true feelings remain unspoken
You couldn't hide behind your name

You're excited and ecstatic
You're exit was so dramatic
When all your passion disappeared

You're no sucker so don't blow it
You're succeeding but you don't know it
You've got to turn yourself around",True,en
89de3011-9c4a-48ad-9611-7de0862b4742,Happiness Is Overrated,The Airborne Toxic Event,892fb2e4-0af4-42be-9e60-22898de51d32,alternative rock,Rock,The Airborne Toxic Event,Happiness Is Overrated,"
And speaking of
Little Miss Catherine
I feel swell, oh well
Because losing you
Was something I always
Did so well

I guess I just can't tell anymore
And the feeling I get when I see your clothes
Spread out on my floor
Oh, I'm such a bore, I'm such a bore
I don't do anything anymore
I just count these ceiling tiles falling to my floor

Sorry, I really lost my head
I'm sorry, I really lost my head
But you know those words that you said
They get stuck here in my head

And this feeling I dread, it makes me wish I was dead
Or just alone instead, I'll be alone instead
I don't need anyone in this bed
Just these ceiling tiles falling through my head

Sorry, I really lost my head
Oh, I'm so sorry, I really lost my head
Oh those words you said
",True,en
26bbdb08-7324-4677-bb9a-e76d1eb49f4f,All I Ever Wanted,The Airborne Toxic Event,892fb2e4-0af4-42be-9e60-22898de51d32,alternative rock,Rock,The Airborne Toxic Event,All I Ever Wanted,"I can only say these things to you while you're sleeping
I hear the hum from the wires, the sounds of the morning creeping
I lie awake and pretend you can hear me

You tell me that you're scared that you're turning into your mother
I feel myself turning into my father
We could lie to each other like they do and say we're so happy
It's easy when you're young and you still want it so badly

And I feel my heart pounding
And I think I might scream
I can tell you that you're all I've ever wanted, dear
I can utter every word you've ever hoped to hear
I shudder when I think that I might not be here forever, forever, forever

In the night you whisper like a ghost and you look so shaken
You're so quiet and small, and you tell me you want to be taken
I just never think of you as the kind of girl who would say that
You suddenly seem like some faceless thing in my grasp
Your eyes so wide, your face aglow
It's the face of someone I don't know

I can tell you that you're all I've ever wanted, dear
I can utter every word you've ever hoped to hear
I shudder when I think I might not be here forever, forever, forever

And all I can think is that it must be a kind of rebellion
To arm your fears like soldiers and slay them

I can tell that you're all I've ever wanted, dear
Through the din while you're breathing, while you're sleeping here
You wake, and you ask me if I'm gonna be here forever, forever, forever
Your face so twisted and your eyes alight
I want to tell you I can change you when you cry at night
But I'd be lying
Love is defying
",True,en
f41e81ea-803b-4d94-86f7-b35908c1f591,Do You Remember Rock 'N' Roll Radio?,The Airborne Toxic Event,892fb2e4-0af4-42be-9e60-22898de51d32,alternative rock,Rock,The Airborne Toxic Event,Do You Remember Rock 'N' Roll Radio?,"Rock'n, rock'n'roll radio Let's go
Rock'n, rock'n'roll radio Let's go
Rock'n, rock'n'roll radio Let's go
Rock'n, rock'n'roll radio Let's go

Do you remember Hullabaloo,
Upbeat, Shinding and Ed Sullivan too?
Do you remember rock'n'roll radio?
Do you remember rock'n'roll radio?

Do you remember Murray the K
Alan Freed, and high energy?
It's the end, the end of the 70's
It's the end, the end of the century

Do you remember lying in bed
With your covers pulled up over your head?
Radio playin' so no one can see
We need change, we need it fast
Before rock's just part of the past
'Cause lately it all sounds the same to me
Oh oh oh oh, oh oh

Rock'n, rock'n'roll radio Let's go
Rock'n, rock'n'roll radio Let's go
Rock'n, rock'n'roll radio Let's go
Rock'n, rock'n'roll radio Let's go

Will you remember Jerry Lee
John Lennon, T. Rex and OI Moulty?
It's the end, the end of the 70's
It's the end, the end of the century

Do you remember lying in bed
With your covers pulled up over your head?
Radio playin' so no one can see
We need change, we need it fast
Before rock's just part of the past
'Cause lately it all sounds the same to me
Oh oh oh oh, oh oh

Rock'n, rock'n'roll radio Let's go
Rock'n, rock'n'roll radio Let's go
Rock'n, rock'n'roll radio Let's go
Rock'n, rock'n'roll radio Let's go",True,en
4ecd233e-d7e2-43b0-9cb6-b5c016ed3f59,Wishing Well,The Airborne Toxic Event,892fb2e4-0af4-42be-9e60-22898de51d32,alternative rock,Rock,The Airborne Toxic Event,Wishing Well,"Standing on a bus stop
Feeling your head pop
Out in the night
In the kind of night
Where you want to be out
On the street, on the street
Crawling up the walls
Like a cat in heat

And the air is thin
And it blows through your skin
And you feel like something
Is about to begin
But you don't know what
And you don't know when
So you tear at your hair

And you scratch at your skin

You wanna run away, run away
Just get on the fucking train and leave today
And it doesn't matter where you spend the night
You just might end up somewhere in a fight, in a fight
Or caught in your room in a concrete shell
Fighting all alone, with yourself, with yourself
And you just wanna feel like a coin that's been tossed
In a wishing well, a wishing well
A wishing well, a wishing well
Well you're tossed in the air
And you fell and you fell
Through the dark blue waters

Where you cast your spell
Like you were just a wish that could turn out well

So you stand on the corner
Where the angels sit
And you think to yourself,
""This is it, this is it
This is all that I have
All I can stand
Is this air in my lungs
And this coin in my hand
That you tossed in the air
And I fell, and I fell
All the way to the bottom
Of the well, of the well.""
Like those soft little secrets

That you tell, that you tell
To yourself when you think
No one's listening too well

And the walls spin
And you're paper-thin
From the haze of the smoke
And the mescaline
The sweat of your brow
Under unmade sheets
In your ear with the noise
From the darkened streets
Where you ran far and wide
You screamed, you cried
You thought suicide was an alibi
But you were always a mess
You were always aloof

Yeah, it's awful, I guess
But it's the awful truth
It was true from the first
To the last words that she read

And she emerged from the dark
Like a ghost in my head
She said, ""I haven't forgot
Any words that you said
I just stare at the clocks
And I cry in my sleep
And I tear up your letters
And I burn them in heaps
And I gather the ashes
In that hole in the ground
Where we fell""",True,en
b03d2dcd-b21a-4adc-b82a-b6be1f00652d,Sometime Around Midnight,The Airborne Toxic Event,892fb2e4-0af4-42be-9e60-22898de51d32,alternative rock,Rock,The Airborne Toxic Event,Sometime Around Midnight,"And it starts sometime around midnight
Or at least that's when you lose yourself for a minute or two
As you stand under the bar lights
And the band plays some song
About forgetting yourself for a while
And the piano's this melancholy soundcheck to her smile
And that white dress she's wearing
You haven't seen her for a while

But you know that she's watching
She's laughing, she's turning
She's holding her tonic like a crux
The room's suddenly spinning
She walks up and asks how you are
So you can smell her perfume
You can see her lying naked in your arms

And so there's a change in your emotions
And all of these memories come rushing
Like feral waves to your mind
Of the curl of your bodies
Like two perfect circles entwined
And you feel hopeless, and homeless
And lost in the haze of the wine

Then she leaves with someone you don't know
But she makes sure you saw her
She looks right at you and bolts
As she walks out the door
Your blood boiling, your stomach in ropes
Oh, and your friends say, ""What is it?
You look like you've seen a ghost""

Then you walk under the streetlights
And you're too drunk to notice
That everyone is staring at you
You just don't care what you look like
The world is falling 'round you

You just have to see her
You just have to see her
You just have to see her
You just have to see her
You just have to see her

You know that she'll break you in two",True,en
0f5f61d0-9226-4112-82fa-d05987b6c1f6,Hollywood,The Cranberries,c98d40fd-f6cf-4b26-883e-eaa515ee2851,"alternative rock, alternative-rock",Rock,The Cranberries,Hollywood,"Oh, oh, oh, oh, oh, oh, oh, oh, oh, oh, oh, oh, oh, oh, oh, oh

I've got a picture in my head, in my head
It's me and you, we are in bed, we are in bed
You'll always be there when I call, when I call
You'll always be there most of all, all, all, all

This is not Hollywood, like I understood
Is not Hollywood, like, like, like
This is not Hollywood, like I understood
Is not Hollywood, like, like, like
Runaway, runaway, is there anybody there?
Runaway, runaway, is there anybody there?
Get away, get away, get away-ay-ay-ay-ay-ay-ay
Get away, get away, get away-ay-ay-ay-ay-ay-ay
Ooh-oh-oh-oh, oohh-oh-oh-oh-oh
Ooh-oh-oh-oh, oohh-oh-oh-oh-oh

I've got a picture in my room, in my room
I will return there I presume should be soon
The greatest irony of all, shoot the wall
It's not so glamorous at all, all, all, all

This is not Hollywood, like I understood
Is not Hollywood, like, like, like
This is not Hollywood, like I understood
Is not Hollywood, like, like, like
Runaway, runaway, is there anybody there?
Runaway, runaway, is there anybody there?
Get away, get away, get away-ay-ay-ay-ay-ay-ay
Get away, get away, get away-ay-ay-ay-ay-ay-ay
Ooh-oh-oh-oh, oohh-oh-oh-oh-oh
Ooh-oh-oh-oh, oohh-oh-oh-oh-oh

This is not Hollywood (runaway)
This is not Hollywood
Like, like (runaway)
Like, like (runaway)
Like, like (runaway)
Like, like (runaway)
Like, like (runaway)
Like, like (runaway)
Like, like (runaway)
Like, like (runaway)
Like, like (runaway)
Like, uh...",True,en
0c62a275-cd0a-490e-b073-eed0a1f0fa97,Animal Instinct,The Cranberries,c98d40fd-f6cf-4b26-883e-eaa515ee2851,"alternative rock, alternative-rock",Rock,The Cranberries,Animal Instinct,"Suddenly, something has happened to me
As I was having my cup of tea
Suddenly, I was feeling depressed
I was utterly and totally stressed
Do you know you made me cry? (Woah-oh)
Do you know you made me die?

And the thing that gets to me (thing that gets to me)
Is you'll never really see (never really see)
And the thing that freaks me out (thing that freaks me out)
Is I'll always be in doubt (always be in)

It is the lovely thing that we have
It is the lovely thing that we
It is the lovely thing
The animal, the animal instinct

So take my hands and come with me
We will change reality
So take my hands and we will pray
They won't take you away
They will never make me cry, no-oh
They will never make me die

And the thing that gets to me (thing that gets to me)
Is you'll never really see (never really see)
And the thing that freaks me out (thing that freaks me out)
Is I'll always be in doubt (always be in)

The animal, the animal
The animal instinct in me
It's the animal, the animal
The animal instinct in me
It's the animal, it's the animal
It's the animal instinct in me
It's the animal, it's the animal
It's the animal instinct in me

The animal, the animal
The animal instinct in me
It's the animal, it's the animal
It's the animal instinct in me",True,en
d8d054f4-ee08-42aa-8029-626a02f74413,Joe,The Cranberries,c98d40fd-f6cf-4b26-883e-eaa515ee2851,"rock, alternative rock, punk, alternative-rock, rock_alternative rock",Rock,The Cranberries,Joe,"There was a time, I was so lonely (away)
Remember the time, It was a Friday (away)
You made me feel fine, We did it my way (away)
I sat on your knees, every Friday (away)

(We walked in fields of golden hay)
I still recall you
(We walked in fields of golden hay)
I see you in the summer

Joe
Joe

I sat on your chair by the fire. (away)
Transfixed in a stare taking me higher (away)
Precious years to remember (away)
Childhood fears I surrender (away)

(We walked in fields of golden hay)
I still recall you
(We walked in fields of golden hay)
I see you in the summer

Joe
Joe",True,en
85c09703-d521-4259-8b32-461db1a9577a,When You’re Gone (acoustic version),The Cranberries,c98d40fd-f6cf-4b26-883e-eaa515ee2851,"alternative rock, indie, alternative-rock",Rock,The Cranberries,When You're Gone (Acoustic Version),"Hold onto love
That is what I do
Now that I've found you
And from above
Everything's stinking
They're not around you

And in the night
I could be helpless
I could be lonely
Sleeping without you

And in the day
Everything's complex
There's nothing simple
When I'm not around you

But I miss you when you're gone
That is what I do
Hey, baby
And it's going to carry on
That is what I knew
Hey, baby

Do-be-da, do-be-da
Do-be-da, do-be-da

Hold onto my hands
I feel I'm sinking
Sinking without you
And to my mind
Everything's stinking
Stinking without you

And in the night
I could be helpless
I could be lonely
Sleeping without you

And in the day
Everything's complex
There's nothing simple
When I'm not around you

And miss you when you're gone
That is what I do
Hey, baby
And it's going to carry on
That is what I knew
Hey, baby

Do-be-da, do-be-da
Do-be-da, do-be-da

Hey, baby

Do-be-da, do-be-da
Do-be-da, do-be-da

Hey, baby",True,en
74ea1127-9821-466f-89bd-4d3b302835c8,Animal Instinct (acoustic version),The Cranberries,c98d40fd-f6cf-4b26-883e-eaa515ee2851,"alternative rock, indie, alternative-rock",Rock,The Cranberries,Animal Instinct (Acoustic Version),"Suddenly something has happened to me
As I was having my cup of tea
Suddenly I was feeling depressed
I was utterly and totally stressed
Do you know you made me cry
Do you know you made me die

And the thing that gets to me
Is you'll never really see
And the thing that freaks me out
Is I'll always be in doubt
It is a lovely thing that we have
It is a lovely thing that we
It is a lovely thing, the animal
The animal instinct

So take my hands and come with me
We will change reality
So take my hands and we will pray
They won't take you away
They will never make me cry, no
They will never make me die

And the thing that gets to me
Is you'll never really see
And the thing that freaks me out
Is I'll always be in doubt

The animal, the animal, the animal instinct in me
It's the animal, the animal, the animal instinct in me
It's the animal, it's the animal, it's the animal instinct in me
It's the animal, it's the animal, it's the animal instinct in me

The animal, the animal, the animal instinct in me
It's the animal, the animal, the animal instinct in me
It's the animal, it's the animal, it's the animal instinct in me
It's the animal, it's the animal, it's the animal instinct in me",True,en
12de7f42-eff2-43a9-b8b4-3dccd9433f0c,Different World,Uriah Heep,f1548c5b-329e-4036-921c-02213a04b525,hard rock,Rock,Uriah Heep,Different World,"You can't stop a man from learning
I could write the book of love
Captured moments there
Between me and you
Then I had the thought of leavin'
It was a voice inside my head
Telling me I got to have the strength
To see it through

And I know it's
Gonna break your heart
And I know it's
Gonna break your heart

I'm living in a different world
And as I slip away
I see you fade to black and white
I'm living in a different world
With all my hopes and dreams
I drift off in the night

I'm alone but I'm not lonely
I found something that I never had
Laying back in the easy chair

Is not the life for me
You think I'm your one and only
But you gamble with a restless man
In the end I've found the way
That we can both be free

I'm living in a different world
And as I slip away
I see you fade to black and white
I'm living in a different world
With all my hopes and dreams
I disappear into the night

I'm living in a different world
And as I slip away
I see you fade to black and white
I'm living in a different world
With all my hopes and dreams
I'm living in a different world
And as I slip away
I'm living in a different world
With all my hopes and dreams

I disappear into the night",True,en
19e541a5-3e9c-48bd-bf2c-2deec269f260,Universal Wheels,Uriah Heep,f1548c5b-329e-4036-921c-02213a04b525,hard rock,Rock,Uriah Heep,Universal Wheels,"(Natures retalliation)

All the fields are
Smoke and flame, fire in the sky
It's a state of emergency
Much more than meets the eye
Just hide away your tears
There are many more hidden fears
As the universal wheels
Go round n' round n' round

Rivers of pollution
Taking life from living things
Running out of oxygen
There is no way to win
We ignore the signs of nature
Got to learn to live beside her
As the universal wheels

Go round n' round n' round

Better take good care of
All the things you say and do
Round n' round n' round ...
Look out for the warning sign
Now it's up to you

There's a mighty eight point six
Waiting in the ground
When she opens up
This world will humble to the sound
There is only one real power
Creating life by the hour
See the universal wheels
See the universal wheels
See the universal wheels
Go round n' round n' round ...",True,en
49690ba8-3fa1-49b7-8186-f9f4a5161d18,The Easy Road,Uriah Heep,f1548c5b-329e-4036-921c-02213a04b525,hard rock,Rock,Uriah Heep,The Easy Road,"If you're looking for a place
You can fly together
And you're really afraid of
What you're leaving behind
Take the easiest road
But take care my brother
For you'll never find peace
With a troubled mind

Far better to love each other
Than to worry so deeply
¡®bout the place you're in
And far better to kiss her softly
Than lookin' back on a love
You'll never have again

Time's as fickle as
The sky in winter
And two hearts always
Were better than one
Love has the wings
Of a tireless angel
She'll stay beside you
Till the day is done

La la la la la ...

Far better to love each other
Than to worry so deeply
About the place you're in
And far better to kiss her softly
Than lookin' back on a love
You'll never have again

You'll never have again
No no no, never again
You'll never have again",True,en
9a9260c4-d937-4923-9955-328ced938133,Wonderworld,Uriah Heep,f1548c5b-329e-4036-921c-02213a04b525,hard rock,Rock,Uriah Heep,Wonderworld,"We freely speak of dreams
We marvel at what they conceal
But in my wonderworld
Each sleeping vision is so real
So I believe and hope
That all the things I see
May one day bring
Such truth and peace
As we can feel

Free from this waking world
Deep in sleep's mystery
My will is free to wander
Free to wander carelessly
At times it's not so far
From what we call reality
And at times I know I wonder
If it all could come true

Oh, mr. wonderworld
Don't be afraid

'Cause dreams were made
Were made to dim the light
The torment day can bring
And leave you free
To laugh aloud and hear
Your heart bells ring
Oh, oh, mr. wonderworld
Wonderworld

Oh, mr. wonderworld
Don't be afraid
'Cause your dreams were made
They were made to dim the light
The torment day can bring
And leave you free
To laugh aloud and hear
Your heart bells ring
Oh, oh, mr. wonderworld
Mr. wonderworld
Mr. wonderworld",True,en
1ef16902-1cd8-4cef-aca9-651921a5d6d6,Between Two Worlds,Uriah Heep,f1548c5b-329e-4036-921c-02213a04b525,hard rock,Rock,uriah heep,between two worlds,"You're not the only one
Amongst the saints and sinners
There are those that we can see
And those no longer with us
To take that walk again
With someone you were close to
On stage in the other world tonight

And there are many
Who will say it's speculation
We need to focus on
The sleeping generation
The healing vision
That extends beyond the pain
Will take you there and back again

I can remember
You were no stranger
As you came to me
Dreamers walking
And in that moment
Between two worlds
I saw the furthest star
Exploding all around you

And through the journey
You spoke in silence
And you made it clear
Walk in peace now
Then you touched me
Revealing all upon your way
Inside the burning fountain of timeOf time ...

A time so real as the one
We share each day
The same dimension
Just a heartbeat away
In every part of you
There's so much exploration
Out on the edge of space and time",True,en
380fc3a4-0f3b-4de4-a0b9-71fd7518edfe,Ready for You,Vandenberg,103b58fb-26ef-4c66-9b48-6eda02763fc8,hard rock,Rock,Vandenberg,Ready For You,"See the spotlights turning red
We've got the fever in our heads
Is it loud enough for you?
We're gonna rock the whole night through

Let the music touch your soul
When the time is right just let it roll
We're getting down tonight
Are you feeling higher?

Ready for you
We're gonna rock this place tonight
Do you feel the time is right?
Ready for you
We're gonna rock this place tonight
Do you feel the time is right?
Right?

Guess these guys are back in town
Let's just burn the whole place down
Till the thunder move to the ground
Yes there's no band like this around

Let the music touch your soul
When the time is right just let it roll
We're getting down tonight
Are you feeling higher?

Ready for you
We're gonna rock this place tonight
Do you feel the time is right?
Ready for you
We're gonna rock this place tonight
Do you feel the time is right?
Get it

See the spotlights turning red
We've got the fever in our heads
Is it loud enough for you?
We're gonna rock the whole night through

Let the music touch your soul
When the time is right just let it roll
We're getting down tonight
Are you feeling higher?

Ready for you
We're gonna rock this place tonight
Do you feel the time is right?
Ready for you
We're gonna rock this place tonight
Do you feel the time is right?

Ready for you
We're gonna rock this place tonight
Do you feel the time is right?
Ready for you
We're gonna rock this place tonight
Do you feel the time is right?

We are ready
Are you ready?",True,en
032ac62e-f6b6-46ab-afbd-334498ffc296,Fighting Against the World,Vandenberg,103b58fb-26ef-4c66-9b48-6eda02763fc8,hard rock,Rock,Vandenberg,Fighting Against The World,"I don't agree with the way some people make all the rules, control society
No rules for me, I wanna live my life the way I want, no one's controlling me

They say I'm wrong, I know I'm right
I make my own rules and fight (I'm gonna make my own rules and fight)

Chorus:
I'm fighting against the world, my back against the wall
That's the way I'm gonna fall

I've got my dreams, yeah, done what I wanna do in my life
What I want to achieve
Sometimes it seems, everytime I make a move
Someone gets in my way, takes the lead, oh

I'll get what I want, I'll make a stand
I'm gonna fight 'til the end (gonna fight until the very end)

(Chorus)

I've got a long way to travel, before I reach the place where I wanna be
Sooner or later I'll get there, I'll have my way
Don't stop me now, you might get in trouble, you see

(Solo)

(Fighting against the world)

One thing I know, I walk the right way, for me, there is only one way to go
All the time it shows, there are so many things in my life
That are worth fighting for, yeah

I know I've got one foot in the door, I'm gonna be pushing for more
(I'm gonna push back at you for more)

(Chorus)

I'm fighting against the world, my back against the wall

(Solo)

Fight!",True,en
3ae322f3-3603-4b94-9c8c-c8d9b6346a9d,Skyfall,Vandenberg,103b58fb-26ef-4c66-9b48-6eda02763fc8,hard rock,Rock,Vandenberg,Skyfall,"No looking back, keep moving on
When the sky turns black, you try to find the sun
When darkness comes, it's so hard to see
The shape of things when your heart bleeds

Ooh, your feet are losing ground
Scream without a sound

Try to run, but your feet ain't moving
Your hands are tied, and you can't reach the light
Try to scream, but your tongue is tied, tied, tied
There's light in the distance, but you got no time

When the sky falls down
Fears are burning all around, I'll be right beside you
When the sky falls down
We'll be around, still be around

Gotta make your way, before the walls come tumbling down
There's no escape, we'll find a way out
Born to run, born to be wild and free
Gotta kick some doors to find your destiny

When the sky falls down
Fears are burning all around, I'll be right beside you
When the sky falls down
We'll be around, still be around

In the darkest night
In the howling storm, you're holding on
You gotta fight the fight
Ignore the pain and carry on

Ooh, your feet are losing ground
Scream without a sound

When the sky falls down
Fears are burning all around, I'll be right beside you
When the sky falls down
We'll be around, still be around
When the sky falls down
Fears are burning all around, I'll be right beside you
When the sky falls down
We'll be around, still be around",True,en
09e8b469-9f7e-427b-8419-157c066c627e,Friday Night,Vandenberg,103b58fb-26ef-4c66-9b48-6eda02763fc8,hard rock,Rock,vandenberg,friday night,"During the week I'm only half alive
Wasting my time all day from nine to five
They think I'm slow and I'm a lazy guy
They should see me now
I'm hitting the town
I'm blowing the fuses right out

Friday night gonna let it go
Dynamite ready to explode

My boss says I'm not working hard enough
Don't even know that I sleep on the job
I'm only interested in rock 'n' roll
I'm using the week to save energy
I'm recharging my batteries

Friday night gonna let it go yeah
Dynamite ready to explode

Friday's okay I get my pay
Spend it all night
On rock women and wine

Oh, I'm allergic to those working days
Oh, but I must survive till Friday
Friday, Friday

Friday night gonna let it go yeah
Dynamite ready to explode
I just can't wait till
Friday night gonna let it go yeah
Dynamite ready to explode

Friday night
Friday night
Dynamite that's the night
That I like
That I like
Friday night.",True,en
c3c379b8-1472-4e68-a521-f9ea7c050b80,How Long,Vandenberg,103b58fb-26ef-4c66-9b48-6eda02763fc8,hard rock,Rock,Vandenberg,How Long,"It took so long to find you, now you say that you need some more time
Somehow I'm getting used to, hangin' 'round 'til you've made up your mind

Everytime you need me, you just call knowing that I will be right there
A fool for your love, but I don't care

Chorus:
How long, how long will you keep me hangin' on
How long, how long, don't know if I can hold on

I never realized love is more than a game to play
Used to spend my time, breaking hearts now I find that I'm paying my debt
Now it's my heart that breaks and it hurts so bad

(chorus)

So many things to do, so many things to say
(What you wanted to say, we shouldn't wait too long)
We shouldn't wait too long, it seems like such a waste

(Solo)

So many things to do, so many things to say, oh
We shouldn't wait too long, it seems like such a waste (how long)
How long?

(chorus)",True,en
ae85dbe5-ba8f-431a-8377-0dfef6ffa660,Whiteout,Warpaint,cf82a38f-9413-4333-bacb-ca5b6db95794,indie rock,Rock,Warpaint,Whiteout,"You wouldn't know it but you're really in your prime
Is there a question not answered in your mind?
Before you know the answer, you're running out of time
There is an anchor, I'll put it in my heart
You gotta do what's right for you, and do it from the start
Even when they wonder, they wonder where you are
You know what I want
To know the secrets in your heart
And now I keep it low
There's just some things I don't need to know
Don't go tonight
Don't go tonight
You oughta know it, but it happens all the time
Is there a question? You treat it like a crime
And in the walls you weaken and up the walls you climb
Oh, why is it not all that it seems?
You lock it up so easily
I wanna believe all that you say to me
Oh, you know what I want
To rip it open and pull it out
And we'll take it low
There's just some things I don't need to know
Don't go tonight
Don't go tonight
White out
You want it, you wanted it out
White out
You want it, you want it all out
White out
You want it, you wanted it out
White out
Tonight
Don't go tonight
You're talking suddenly, though I'm transparent for you
You like on my skin, always I skip
If you're feeling, touch you
I'm focused on the run
I'm focused on the run
But I feel like you wanted me to",True,en
758c5a36-93a3-47ad-8e63-4323451a90cd,Heads Up,Warpaint,cf82a38f-9413-4333-bacb-ca5b6db95794,indie rock,Rock,Warpaint,Heads Up,"Mama, how've you been
Come on and turn around
Put your head up then turn around
All of the sky

I know, I know, I know why
I know, I know, I know why

You've got me one way and turn around
You remind me of our song
All brought up on my own
You make me other ways
You burn the eyes on my own eyes

I know, I know, I know why
I know, I know, I know why
And it's okay, it's okay, it's okay
And it's okay, it's okay, it's okay

It's alright

Always, upward
Always, upward
Always, upward

Tell me you're not around
Then you're asking me to be alright
(In and out, in and out)
I'm always, I'm always, I'm always down
And I know, I know, I know why
And it's okay, it's okay, it's okay
And it's alright, it's okay, it's okay

Got to keep my mind at ease
Got to keep my head up
Got to keep my mind at ease (always, upward)
Got to keep my head up (always)

It's alright, I know, I know why
It's alright, I know, I know why",True,en
0ed870f9-e726-477a-958b-5f240b481ebb,By Your Side,Warpaint,cf82a38f-9413-4333-bacb-ca5b6db95794,indie rock,Rock,Warpaint,By Your Side,"You know
You know
You know just what you're doing
Admit it
Oh, why [?] years to talk?
You know

She'll think she know it all alone
She'll lie, she's a liar
Who didn't want to face your front
But doesn't need to be some price
[?] don't comprise
For anyone
The only speaking words
A [?] someone
Who doesn't know

Did you come undone?
Did you wake up someone I know?

Now I know I'm not alone
God, my girls, I'm not alone
Now I know I'm not alone
God, my girls, I'm not alone
Love you for days, I'm not alone
You're the place that I belong
God, my girls, I'm not alone
Not alone

You know
You know
You know just what you're doing
Admit it
Oh, why [?] years to talk?
You know

She'll think she know it all alone
She'll lie, she's a liar
Who didn't want to face your front
But doesn't need to be some price
[?] don't compromise
Love (love)
For anyone

Now I know I'm not alone
God, my girls, I'm not alone
Now I know I'm not alone
God, my girls, I'm not alone
Love you for days, I'm not alone
You're the place that I belong
God, my girls, I'm not alone
Not alone",True,en
f6d49808-6643-452c-bab4-b675bef3b871,Don’t Wanna,Warpaint,cf82a38f-9413-4333-bacb-ca5b6db95794,indie rock,Rock,Warpaint,Don’t Wanna,"Why's this story got to follow the reason?
Why's this story got to be about things that you know?
We're down to hold you down
There's something in the words you choose to live by
But you know that it's the words that often hide you down
Oh, we will not be defined

Don't wanna
Don't wanna (define)
Don't wanna
Define myself
Don't wanna
Don't wanna
Define myself
Don't wanna
Don't wanna (define)
Dont wanna
Define myself
Don't wanna
Don't wanna
Define myself

What you know about this love, this love
Would you thought about all inside you now?
That you only hold
Turning corners like someone's gonna get you
Take your shovel cause it's thinking
It might beat you up, you up

Let's have it all, have it all with it
Get it all, get it all with it
Come out with it
Come out with it
Get it out

Don't wanna
Don't wanna (defend)
Dont wanna
Defend myself
Don't wanna
Don't wanna (defend)
Don't wanna
Defend myself
Don't wanna
Don't wanna (defend)
Don't wanna
Defend myself
Don't wanna
Don't wanna (defend)
Don't wanna
Defend myself
Don't wanna
Don't wanna (defend)
Don't wanna
Defend myself
Don't wanna
Don't wanna (defend)
Don't wanna
Defend myself",True,en
5d8809bf-a35e-4a03-bf8b-42e02c357153,Don’t Let Go,Warpaint,cf82a38f-9413-4333-bacb-ca5b6db95794,indie rock,Rock,Warpaint,Don't Let Go,"Don't let go
I want you
Don't let go
I need you now
Don't let go
I want you
Don't let go
I need you now

I'm living
As we're in love
I'm living
I'm living

Don't let go
I want you
Let me go
I need you now
Let go
I want you
Let me go
I need you now

It's the end of us
Because of what I've done
What I've done
Love is rushing to my head, I'm trying
My best to make a little sense at least once

Please someone show me how
Someone show me how

To let go
I want you
Let you go
I need you now
Don't let go
I want you
Let me go
I need you now

Please someone show me how
Someone show me how
Someone show me how",True,en
bc982de7-8367-4040-be4d-047c95d183d6,Maps (early four track demo),Yeah Yeah Yeahs,584c04d2-4acc-491b-8a0a-e63133f4bfc4,indie rock,Rock,Yeah Yeah Yeahs,Maps (Early Four Track Demo),"Pack up
I'm straight
Enough
Oh, say, say, say
Oh, say, say, say
Oh, say, say, say
Oh, say, say, say
Oh, say, say, say
Wait, they don't love you like I love you
Wait, they don't love you like I love you
Maps
Wait, they don't love you like I love you
Wait, they don't love you like I love you
Maps
Wait, they don't love you like I love you
Pack up",True,en
610d1377-c111-452c-9ee4-da623b798e87,Modern Things,Yeah Yeah Yeahs,584c04d2-4acc-491b-8a0a-e63133f4bfc4,indie rock,Rock,Yeah Yeah Yeahs,Modern Things,"Did you fund the boy you meant to destroy
Did you feel him?
Did you span the world for the red-eyed girl
Did you feel her?
Well makes me swamped
Yeah, makes me sweat
Did you feel her?
And maybe she cries in the middle of the night
Did you feel her?

Modern things don't die just stain
Modern things don't die just stain

Well, say you feel nice to break the ice
Are you ready?
Now say the word I never heard
I'm ready
Well, makes me strong, yeah makes me strive
When I hear her
And maybe she cries in the middle of the night
Do you feel her?

Try me out, find what I'm all about
And we can make some noise
Not like the other boys

Modern things don't die just stain

Did you find the boy you meant to destroy
Did you heal him?
Did you span the world for the red-eyed girl
Did you heal her?
Well, makes me strong, yeah makes me fight
Do you heal her?
And maybe she calls in the middle of the night
Do you feel her?

Try me out find what I'm all about
And we can make some noise not like the other boys
And you can hold me tight
Yeah, on a motorbike
And we can make some noise
Yeah we can do this right

Modern things
Modern things
Yeah, modern things
Yeah, modern things",True,en
a9b1b032-a9be-4df4-b5b0-a9e09f7499df,Maps (live),Yeah Yeah Yeahs,584c04d2-4acc-491b-8a0a-e63133f4bfc4,indie rock,Rock,Yeah Yeah Yeahs,Maps (Live),"Pack up
I'm strayed
Enough

Oh say say say
Oh say say say
Oh say say say
Oh say say say
Oh say say say

Wait, they don't love you like I love you
Wait, they don't love you like I love you
Maps
Wait, they don't love you like I love you

Made off
Don't stray
My kind's your kind
I'll stay the same
Pack up
Don't stray
Oh say say say
Oh say say say

Wait, they don't love you like I love you
Wait, they don't love you like I love you
Maps
Wait, they don't love you like I love you

Wait, they don't love you like I love you
Maps
Wait, they don't love you like I love you

Wait, they don't love you like I love you
Wait, they don't love you like I love you
Maps
Wait, they don't love you like I love you

Wait, they don't love you like I love you
Maps
Wait, they don't love you like I love you",True,en
8064eb26-20b3-4cd2-b3ac-7cf052179030,Graveyard,Yeah Yeah Yeahs,584c04d2-4acc-491b-8a0a-e63133f4bfc4,indie rock,Rock,Yeah Yeah Yeahs,Graveyard,"Graveyard

I'll kiss you once yeah I'll kiss you twice
I'll kiss you once yeah I'll kiss you twice
I'll kiss you once yeah I'll kiss you twice
And I get the shivers 'cause you're cold as ice

I'll dig you up and I'll get some
I'll be the one ticklin right in your ear
I'll dig your belly skin on tight
I'll dig you you're comin home with me
I'll dig you up oh overnight
I'll dig you up
I'll dig you up

You take me home gonna rockin zombie
I got appetite for your body

I bring you flowers every night at ten like a night at ten
Well well well well
I gotta shows babe you got bone
Ow!
C'mon

I'll dig you up and I'll get some
I'll dig y-I'm the ticklin one in your ear
I'll dig y- the belly skin skin on tight
I'll dig y-- you're stayin over here
I'll dig you up oh overnight
I'll dig you up
I'll dig you up

I got your heart down in the cemetary
No cheers, there really scary
R-I-P R-I-P yeah R-I-P man right by me
Second verse sounds good to me",True,en
5381e3a9-6d25-44e2-b1ed-21b49b5082f0,Boogers,Yeah Yeah Yeahs,584c04d2-4acc-491b-8a0a-e63133f4bfc4,indie rock,Rock,Yeah Yeah Yeahs,Boogers,"In the dark I ease
Call it love less street
Says some of the crush crossed me
Waits for me (for me), waits for me (for me)
I ease, I ease

Stood and watch i stoped
While both of your hands traped up
Split your eyes turn me
Wait for me (for me), wait for me (for me)

Do do do do, do do do do do do, do do do do
Hey hey hey hey hey hey hey hey hey hey hey hey hey hey hey hey

Do do do do, do do do do do do
Hey hey hey hey hey hey hey hey hey hey hey hey hey hey hey hey

We are dead desease
Call it love less shit
Says some of the crush crossed me
Waits for me (for me), waits for me (for me)

Do do do do, do do do do do do, do do do do
Hey hey hey hey hey hey hey hey hey hey hey hey hey hey hey hey",True,en
a9f57070-4e03-45b0-bcd9-4dc971f601fd,"Going to Your Funeral, Part I",eels,14387b0f-765c-4852-852f-135335790466,indie rock,Rock,EELS,"Going to Your Funeral, Part I","Going to your funeral now and feeling I could scream
""Everything goes away""
Driving down the highway through the perfect sunny dream
A perfect day for perfect pain

Look at all the people with the flowers in their hands
They put the flower on the box that's holding all the sand that was...
That was once...
That was once you

Honolulu hurricane, I knew that you were not insane
Living in the insane world
Smiling like it's no big deal
Scabby wounds that never heal
The woman was only a girl

Look at all the people with their heads down in their hands
When everything I'm feeling makes it hard to understand that, eh...
What I need to miss it's...
What I need to miss...
Is you

Going to your funeral and I'm feeling like a fool
No one's gonna take the blame
Thinking 'bout the days of hanging out behind the school
Everything goes away",True,en
d24d9df3-b593-44b3-8616-ed5a12e8a469,Everything’s Gonna Be Cool This Christmas,eels,14387b0f-765c-4852-852f-135335790466,indie rock,Rock,Eels,Everything's Gonna Be Cool This Christmas,"Remember last year when you were on your own?
You swore the spirit couldn't be found
December rolled around and you were countin' on it to roll out

Well, everything's gonna be cool this Christmas
(Everything's gonna be cool this Christmas)
Everything's gonna be cool this Christmas
(Everything's gonna be cool this Christmas)
Everything's gonna be cool this Christmas

Well, everybody's lookin' for you down at the house
The tree is lookin' so inspired
There's a yuletide groove waitin' for you to move
I'll go and throw another log on the fire

Everything's gonna be cool this Christmas
(Everything's gonna be cool this Christmas)
Everything's gonna be cool this Christmas
(Everything's gonna be cool this Christmas)
Everything's gonna be cool this Christmas

Baby Jesus, born to rock

As days go by, the more we need friends
And the harder they are to find
If I could have a friend like you in my life
Well, I guess I'd be doing just fine

Everything's gonna be cool this Christmas
(Everything's gonna be cool this Christmas)
Everything's gonna be cool this Christmas
(Everything's gonna be cool this Christmas)
Everything's gonna be cool this Christmas",True,en
83a1f546-d545-47f4-bfec-b4b3552e495e,Not Ready Yet,eels,14387b0f-765c-4852-852f-135335790466,indie rock,Rock,Eels,Not Ready Yet,"There's a world outside
And I know 'cause I've heard talk
In my sweetest dream
I would go out for a walk

But I don't think I'm ready yet
I'm not feeling up to it now
Just not that steady yet
And I don't need you telling me how

There's some happiness
And my stone face cracks again
Maybe sometime sooner or later

But I don't think I'm ready yet
I'm not feeling up to it now
Just not that steady yet
And I don't need you telling me how

So if I leave my room
Don't you tell me to lighten up
Maybe sometime sooner or later

But I don't think I'm ready yet
I'm not feeling up to it now
Just not that steady yet
And I don't need you telling me how

I don't need you telling me how
I don't need you telling me how
I don't need you telling me how
I don't need you telling me how
I don't need you telling me how
I don't need you telling me how
I don't, I don't need you telling me how",True,en
d84d98c1-402e-460d-b23a-6ca6205709a4,Cancer for the Cure,eels,14387b0f-765c-4852-852f-135335790466,indie rock,Rock,Eels,Cancer for the Cure,"The kids are digging up a brand new hole
Where they put their deadbeat mom
Grandpa's happy watching video porn
With the closed-caption on

And father knows best
About suicide and smack
Well, hee hee hee

Cancer for the cure
Cancer for the cure
Buckle up and endure now, baby
Cancer for the... cure

Ol' Blue Eyes is back again
But he was never here in the first place
A heart attack may be something to fear
But take a look out back

'Cause Courtney needs love
And so do I
Well, hee hee hee

Cancer for the cure
Cancer for the cure, my baby
Buckle up and endure now, sweet thing
Cancer for the... cure

Cancer for the cure
Cancer for the cure, my baby
Buckle up and endure now, sweet thing
Cancer for the...

The cancer for the...
The cancer for the...
The cancer for the cure

Cancer for the cure
Cancer for the cure
Cancer for the cure
Cancer for the cure

Hee, hee, hee
What is that?

Cancer for the cure
Cancer for the cure
Cancer for the cure
Cancer for the cure",True,en
8e898fae-3d9d-43a3-a5d6-a3bb67a9a511,"Souljacker, Part I",eels,14387b0f-765c-4852-852f-135335790466,indie rock,Rock,EELS,"Souljacker, Part I","22 Miles of hard road
33 Years of tough luck
44 Skulls buried in the ground
Crawling down through the muck
Oh yeah
Johnny don't like the teacher
Johnny don't like the school
One day Johnny is gonna to do somethin'
Show 'em he's nobody's fool
Oh yeah
Sisters Brothers make better lovers
Family Affairs are under the covers
Gina clocks the broken hearts
Won't let you leave until you're bleeding
Sally don't like her daddy
Sally don't like her friends
Sally and Johnny are watchin' TV
Waitin' for it to end
Oh yeah
Sisters Brothers make better lovers
Family Affairs are under the covers
Gina clocks the broken hearts
Won't let you leave until you're bleeding
22 Miles of hard road
33 Years of tough luck
44 Skulls buried in the ground
Crawling down through the muck
Oh yeah",True,en
db351e4e-2a4c-4bdf-a6c2-63d838e3884c,Sandbox Interlude,50 Cent,8e68819d-71be-4e7d-b41d-f1df81b01d3f,"hip hop, gangsta rap",Hip-Hop/Rap,50 Cent,Sandbox Interlude,"Listen, man
Everybody who know me know, I don't forget nothin'
If you kicked sand on me in the sandbox when we was kids
I'ma catch you, I'ma kick your fuckin' ass for that now, now",True,en
c3ff3617-9d7c-429c-b02f-81fbdf852239,Gotta Get Mine,50 Cent,8e68819d-71be-4e7d-b41d-f1df81b01d3f,"hip hop, gangsta rap",Hip-Hop/Rap,50 Cent,Gotta Get Mine,"""Gotta Get Mine""

If I can't eat man if I cant shine
Its just a matter of time
Before I back out runnin round wit my nine (its fucked up)
Cuz I GOTTA GET MINE

You know how drought feel, fiends around niggas ain't got work
Stains from my roaches, grape drink on my t-shirt
Blowin whites back and forth, beef boy was on the block
Niggas watchin bootleg flicks in the barber shop
Tony he was up in it, talkin bout dis and dat
Sayin niggas owe him money they gon' pay him or get clapped
Man when it come to the bread niggas know what im about
Nigga owe me 7grams I'm tryna air his ass out
Call the connect four times this nigga ain't callin back
All of sudden hes pumpin now dat niggas ain't got crack
Banks in the projects fuckin wit bitches that fuck bitches
Tryna get by her to give her sumtin in her momma kitchen
This rap shit just came to me son its like I be havin visions
After being shot the fuck up I make better descisions
I sat-back taught my soldiers how to re-act
El took my trey pound and blew blacks heart out his back
The beef don't mean nuttin to me son I'm always in drama
Shit I say in my rap is real I put that on my momma
Say a prey before I sleep, lord bless me wit sum cake
And if I die before I wake I pray the lord my soul he take

If I can't eat man if I cant shine
Its just a matter of time
Before I back out runnin round wit my nine (its fucked up)
Cuz I GOTTA GET MINE",True,en
4bfd32e2-bb0b-42cd-83bd-234719e9a3d7,Ski Mask Way (Eminem remix),50 Cent,8e68819d-71be-4e7d-b41d-f1df81b01d3f,gangsta rap,Hip-Hop/Rap,50 Cent,Ski Mask Way (Eminem remix),"An exclusive (remix) remix
Yeah
I'm tryin' to catch me somethin'
A little jux or somethin'

Nigga, that watch is nice, that's what you bought for me?
That chain is nice, that's what you bought for me?
Them earrings is nice, that's what you bought for me?
Take that shit off, move, I'll break you off properly

You wan' spray at me? Go head
The last nigga that tried, got hit, keeled over, and bled 'til he died
Your lil' sister callin' you stupid, reason why?
Her and your mama in the livin' room now, hogtied
I came up with two new ways to get rich, I can't wait
Got a brand new cig and that ol' 38
I be schemin' to put a lil' bread on my plate
Watch and dress shirts, stomp through the hole in the gate
I stick a nigga for his shine, sell him back the next day

You thought I really wanted it, you pussy? Bitch, please
This is stash-house, jackpot, there go them ki's
My black G-Unit hoodies, just reek of marijuana
Cocaine comin' out my pores in the sauna
I'm serious, man, I'm so sincere
This the flow right here that fucked up Jeffery's career
Make money, take money
Yeah, nigga, yeah

Nigga, that watch is nice, that's what you bought for me?
That chain is nice, that's what you bought for me?
Them earrings is nice, that's what you bought for me?
Take that shit off, move I'll break you off properly

I get mine the fast way, ski mask way
Make money, make money, money, money
Nigga, if you ask me, it's the only way
Take money, take money, money, money

Who's that peepin' in my window?
Wow, the feds on me now
They know when I'm sleepin', they know when I'm wake
I know they got my phone taped, I'm screamin', ""Fuck Jake""
I'm tryin' to stay out them pens, so I switched states
Bad news, V.A. now, that sounds great
I see niggas wit that ice on, rims shined up
This towns one big pussy, waitin' to get fucked

I holla at A.I. peoples to get gats
They charged me 500 a piece for two Mac's
Then I'm back doin' me, I'm back out on a spree
Catch me and niggas slippin' out pumpin' that D
Give me a lil' crew, I'll have 'em pumpin' for me
The more product I take, the more paper we see
Change my name in NY, they don't know where I be
Yeah, a nigga doin' dirt, but a nigga low key

Nigga, that watch is nice, that's what you bought for me?
That chain is nice, that's what you bought for me?
Them earrings is nice, that's what you bought for me?
Take that shit off, move, I'll break you off properly

I get mine the fast way, ski mask way
Make money, make money, money, money
Nigga, if you ask me, it's the only way
Take money, take money, money, money

(Come on)",True,en
68b2783c-3742-41f4-ba56-c7e67b1cf41f,9 Shots,50 Cent,8e68819d-71be-4e7d-b41d-f1df81b01d3f,"hip hop, gangsta rap",Hip-Hop/Rap,50 Cent,9 Shots,"Fifty, fifty
Ferrari, Ferrari
Shooter, shooter
I was innocent then, I ain't do no wrong
She said, you mommy little man, I said, yep, uh huh
She was everything to me, when she came, I just lit up
Sunday morning I was so sharp, all did up
It was welfare hustlin', they killed her for that
The first shot, bullet wound in my back
I'm fucked up, look at my sneakers, I'm fucked up
Now I'm on my own, mommy gone
Sam said, you a young boy, why your clothes look so old?
You don't need fish, little nigga, you need a pole
You don't need no new kicks, you need an O
Chop that, bag it, get right back at it
That touched me, it hit me in my heart
I'm a hustler, homie, you was giving me my start
I am what I am, Sabrina's only baby
Practicing in the mirror, pulling out my .380
Oh man, I fucked up nana gonna kill me
Whenever shit can go wrong it always will, see
Seven grams of cocaine, three grams of dope
Saint Mary medallion hanging from my rope
Try to punk me and my gun smoke
Look, I'm outta control, my gun go
Off like it's legal, call the cops, you need to
Give 'em my description, I ain't bullshittin'
My high school sweetheart love didn't last long
Niggas start flashing that bread and she was gone
That hurt me like the bullet in my calf then
My next girl was a pain in the ass
I got two shots left, in case niggas try to get me
That's nine shots, we just call it fifty
Mama said the Lord gon' bless us
Mama said, mama said
Mama said the Lord gon' bless us
Then in came the landlord, beef, and the stresses
Mama said the Lord gon' bless us
Mama said, mama said
Mama said the Lord gon' bless us
The dope bought the shit the food stamps couldn't get us
Mama said the Lord gon' bless us
That's what mama said, that's what mama said",True,en
120564b8-55d8-4fed-9faa-c3b156cfa908,Pimpin',50 Cent,8e68819d-71be-4e7d-b41d-f1df81b01d3f,"hip hop, gangsta rap",Hip-Hop/Rap,50 Cent,Pimpin Pt.2,"Yeah, Im back baby, you miss me? (Ha Ha)Come hear.

I Be Pimpin'! Ridin' in My Coop Deviel. Pimpin'Crome On Tha Spokes And Rims. Pimpin' Tell Them What I Tought You Girl. Purse First Ass Later.
I Be Pimpin'! Ridin' in My Coop Deviel. Pimpin'Crome On Tha Spokes And Rims. Pimpin' Tell Them What I Tought You Girl. Purse First Ass Later Pimpin'

I em simply what you call a P.I.M.P you could never go broke when your G tight like me. You Wanna Ride With Tha King Of New York maybe get your money up choose a pimp and we can talk maybe. They say the games to be sold not told. I sprinkle a lil shit in my lines it's hot tho. You see tha bitches i fuck with. you know its real i swet em to man i get em too man i stay on they heels. Fuck a parkinlot everyware im at im pimpin' sunshine rain sleet or snow mane. When im around niggas handcuff they dames, i fuck em and send em home and they dont love me tha same. See my face on MTV tha mood just change she suddinly dosent want you touchin' her mane. I had tha same affect on brods tha same befor tha fame. Queen's track hustler point niggas know me mane

I Be Pimpin'! Ridin' in My Coop Deviel. Pimpin'Crome On Tha Spokes And Rims. Pimpin' Tell Them What I Tought You Girl. Purse First Ass Later.
I Be Pimpin'! Ridin' in My Coop Deviel. Pimpin'Crome On Tha Spokes And Rims. Pimpin' Tell Them What I Tought You Girl. Purse First Ass Later Pimpin'

I can see it in her eye's she tired of tha adverge live. Fuckin' with me so adjective to tha clameres live. Fallow instructions baby tha sky's tha limit. if you can belive suceed then achefe, But first past tha weed i was born ta be a balla. Niggas be hatein' on a kid i can't call it. I could be everything you need tha shoulder you lean on, tha one that you talk to, tha one that you key lone. if your atracktive we get to thumpin' for awile. If you listen long enough ill send some humer ta make you smile. Got you outta pokit now bitch go on choose a pimp. Doc blew me lost my moma iv been pimpin' ever since. Im a special kinda nigga girl cant you see? I talk tha way out hood on to your t.v. I may change tha way of life apere so easy. But you gotta be about your paper if your rollin' with me let's go.

I Be Pimpin'! Ridin' in My Coop Deviel. Pimpin'Crome On Tha Spokes And Rims. Pimpin' Tell Them What I Tought You Girl. Purse First Ass Later.
I Be Pimpin'! Ridin' in My Coop Deviel. Pimpin'Crome On Tha Spokes And Rims. Pimpin' Tell Them What I Tought You Girl. Purse First Ass Later Pimpin'

Im from a bottom from a bottom goin' ta take it to tha top! If you think we cant do it nigga watch. we go to all tha way to a drop. From a lil to alot put a touch up and we got it. She's far from adverge. she a spechil lady she'll do anything for me and that drives me crazy. We get our grind on. I let her blow on my dice then my luck change i hit tha h right twice. Its simple its mental she down for me. when theres no one around, she around for me. she's my sunshine after tha pain my joy after tha rain its easy to comprehend simple and clean

I Be Pimpin'! Ridin' in My Coop Deviel. Pimpin'Crome On Tha Spokes And Rims. Pimpin' Tell Them What I Tought You Girl. Purse First Ass Later.
I Be Pimpin'! Ridin' in My Coop Deviel. Pimpin'Crome On Tha Spokes And Rims. Pimpin' Tell Them What I Tought You Girl. Purse First Ass Later Pimpin'
I be pimpin'...
Purse First ass later i be pimpin'",True,en
aac5bf26-0229-4bb2-be1a-83112c45206e,Set It Off,Big Daddy Kane,8e75d270-4d53-4a4a-bc14-e3ace37ebd4e,"hip-hop, hip hop",Hip-Hop/Rap,Big Daddy Kane,Set It Off,"Let it roll, get bold, I just can't hold
Back, or fold cos I'm a man with soul
In control and effect, so what the heck
Rock the discotheques and this groove is what's next
Attack, react, exact, the mack'll move you with
A strong song, as long as you groove to this
I keep the crowd loud when you're hype
Do damage onstage and injure the mic
As I shoot the gift MC's stand stiff
While my rhymes stick to you like Skippy and Jif
Feel my blood fist, or my death kiss
The rap soloist, you don't want none of this
Supreme in this era, I reign with terror
When I grab the mic believe you're gonna hear a
Fascinatin' rhyme as I enchant them
So let's all sing the Big Daddy anthem
Go with the flow, my rhymes grow like an afro
I entertain again and Kane'll never have no
Problem, I can sneeze, sniffle and cough
E-e-e-even if I stutter Imma still come off
Cos rappers can't understand the mics I rip
They sure enough ain't equipped, that's why they got flipped
But my apparatus is up to status
Don't ask who's the baddest, of course that is
The maker, breaker, taker, my rhymes ache the head
Put it to bed, so watch what is said
Save the bass for the pipe and rearrange your tone
Or take a loss and be forced in the danger zone
Cos I get ill and kill at will
Teachin' a skill that's real, you're no thrill
So just stand still and chill as I build
Science I drill until my rhymes fill
Your head up... don't even get up
The teacher is teachin', so just shut up

Rappers, take a step back, or you will soon regret that
You ever had to confront me and you can bet that
I come correct, perfect, in full effect
Disconnect, dissect, eject as I wreck shop
Stand in command with the clan
Caravan or van, we go man for man and
Without further ado or any delay
Mister Cee as we say, call him the DJ
Mad Money Murf with the triple M
Smooth the barber keepin' my flat-top trim
Scoob Lover my brother, Scrap Lover my other
Dancin' with the crew so allow the boys to smother
The floor, and endure just for your pleasure
As the microphone lord proceeds to get raw
Acrobatic, Asiatic, rap fanatic
I get dramatic and rhymes start flowin' automatically
From me, so don't play me, obey me
When asked ""Who's the best?"", you better say me
I'm sendin' sucker MC's headin' north
And if you still want some... set if off
For you to cope is just a wish and a hope
And if you are what you eat they're feedin' me dope
Cos I'm just about as dope as dope can get
Ultimate, legit, Kane is a perfect fit
The king of my kingdom, completin' a cipher
As I release the masterpiece
The groove will never cease until Kane says ""Peace""
So, maestro, yo, hit it
Big Daddy Kane's about to come with it, cos...

(I can't hold it back...)",True,en
9db7e956-bfe7-4082-8a66-58c6ac43d2cf,I’ll Take You There,Big Daddy Kane,8e75d270-4d53-4a4a-bc14-e3ace37ebd4e,"hip-hop, hip hop",Hip-Hop/Rap,Big Daddy Kane,I'll Take You There,"

Hear ye, hear ye, from far and near
The one they call the Big Daddy Kane is here
To deliver a message to everyone everywhere
So listen up party people cause this you should hear
It's a story of a far-away atmosphere
That you will find very rare and far beyond compare
All is sincere and rather debonair
So let's all gather around, because...

 (x4)

What I discovered may just only seem
As something that you find in your wildest dream
But! on the real tip, you will see
I'm not playing, what I'm saying is reality
There is a place people live with joy
That the next man cannot come along and destroy
No one faces problems, no one says sorry
And war ain't nothing but a game on Atari
This message also applies to other nations
Like Africa for instance, where there's starvation
But if you come with me, you're sure to see
Ethiopians can eat in Red Lobster for free
And people that you saw before that were poor
Will never ever see the situation no more
Cause in this world everyone's a millionaire

Are you sick?
And what the hell is welfare?
Fashions are smashing for all to flaunt
And we can get anything that we want
So don't think you can't afford expensive design
Because fresh Gucci wear is only $5.99
So come ye all and attend this affair
As we journey to the promised land, and...

 (x4)

(X9)

(X4)",True,en
2ef1a8f5-de25-42d1-b725-66df898c7680,Mister Cee’s Master Plan,Big Daddy Kane,8e75d270-4d53-4a4a-bc14-e3ace37ebd4e,"hip-hop, hip hop",Hip-Hop/Rap,Big Daddy Kane,Mister Cee’s Master Plan,"

Yes, here we go, on with the show
As the rhythm of this starts to flow
No matter the tempo, fast or slow
Get up and dance cause the Kane said so
This is the dance floor groove of the album
Presented to you all live from Calvin
Whoops! I meant to say Mister Cee
The disc jockey down with me, the
Microphone lord, my wisdom is a sword
Try to get with us, and get floored
Some DJ's try to front, but yo don't let them fool you
Cause wine is fine, but Calvin is cooler
Jump up and down, and eh, and all around and
Check out the way that my DJ is sounding
On the turntables to keep the crowd stable
Killing the cuts putting bodies on a record label
And just for the symphony
Here comes the M.I.S.T.E.R.C.E.E.
Taking a stand like a band
Mister Cee got a master plan
Hit it!

 (x4)













",True,en
85876eb0-0bbd-4639-9105-40892fc17a52,Word to the Mother (Land),Big Daddy Kane,8e75d270-4d53-4a4a-bc14-e3ace37ebd4e,"hip-hop, hip hop",Hip-Hop/Rap,Big Daddy Kane,Word To The Mother Land,"Grab a hold of yourself, open your eyes
Get wise to the exercise
Being taught by the teacher that抯 most dominant
You need knowledge?
Well I抦 dropping it
Listen to the rap allow it to trap
Your body and soul so that you can adapt
To the man on display as I take you away
So may I?

Proud to be a Black man
Coming exact and
Giving up to brothers five on the back hand
Pray for lease and peace upon each other
With my sisters and brothers

I say the mother, as in the motherland
But on the other hand, another man
Tackled and shackled our ancestors
But we beat him with freedom, so let抯 bless the
Country that we all came from
Because the moral of it all is we shall overcome
The cream will keep rising
We be sizing
Up, the Asiatic one is enterprising
Building and building to carry on
All the way from Malcolm X to Farrakhan
Martin Luther was a tutor, many were pupils
Those who fell victim were those without scruples
However, to sever, we could never
So hold up the peace sign and stand together
Take heed to the words that I manifest
And when I抦 through speaking, Marley Marl抣l do the rest

 (x2)


Take a stand the fight for power
Cause we抳e been here before the Mayflower
Living superior abiding by nature
The history of the Asiatic one paid the
Price to be paid in slavery
Like the name of Antonio was gave to me
But knowledge of self broke every shackle and chain
Now I declare myself as the Big Daddy Kane
The teacher, teaching a lesson to be heard
That抯 word, to the mother my brother
So discover the truth of one another
Cause here抯 the real deal upon our skin color
Lay down white, yellow, red or pink
But the color of black is most dominant
The rising and sizing can never cease

Peace!



 (x2)

",True,en
3c9ea4f0-822e-4648-af5c-7ce1d17648be,The Day You’re Mine,Big Daddy Kane,8e75d270-4d53-4a4a-bc14-e3ace37ebd4e,"hip-hop, hip hop",Hip-Hop/Rap,Big Daddy Kane,The Day You’re Mine,"Talk about ever meeting ms. right
But one thing I know is this girl is hype
Not a crab I see but such a lovely female
And if looks could kill, she would be in jail
For raving all over with exotic beauty
And to captivate her love is my only duty
There's not a single feature that this girl lacks
Sweetheart, you're my aphrodisiac

You've got me waiting for you day by day
Fantasies of you has got me drifting away
And I know, a love like yours would be so hard to find
So I'll just keep on waiting for the day you're mine

Now I've talked to young girls and sophisticated ladies
But I swear my dear, none appear on your level baby
Maybe, it's just me imagining
Then again, I probably just haven't been
With the right female and in detail
I'll probably never will be, girl if we fail
Cause every time I appear to be pleased
You know what happens?
I just get skeezed

The girl that I admire, one that I desire
And no one can stop the feelings that you inspire
The way that you leave me in this obsession
With the chambers of my heart in your possession
We were meant to be together, always and forever
For that engagement, I shall endeavor
Pray for the day that we combine
And I can say for sure that you're truly mine
In benevolence and reverence
As soon as our relationship commence
But for now, I wait impatiently
For the day that you can give your all to me

The moment of truth is what I really should call it
I worked so hard for it so please don't spoil it
Yeah it's a lot that I'm asking you to give me
That's only because I need you with me
Side by side, hand in hand
You as my girl and kane as your man
Bust it, ever since the first time that I seen her
I wanted her to step inside my arena
I'd be the champion of love, wear the golden glove
And show you what a real man is made of
My feelings I'm sharing because I'm caring
My heart'll tell you why I am so endearing
For a chance at romance I would love to enhance
I would be your man under any circumstance
Just as long as I can say that you're my own
Your feelings for me and mine alone
We can cherish every moment of the time we spent
Try to take our love to the full extent
The point that I'm trying so hard to get through
Is girl, I'm in love with you

A dramatic fanatic for our relation
Cupid has me stupid with infatuation
And a fashion of passion so tenderly
With vibes I can't describe you send to me
This personal attachment in which I feel
To you my dear, I will try to reveal
All over and over, I'll try and try
Because to see you with the next man makes me cry
I feel that I should be the only man to side you
Cause no one can love you the way that I do
No one deserve the love you can give
So allow me to show you how I'm out to live
With something very special, palliative and pure
And anything that you want, I can give you more
I'll be calm and gentle, loving and sentimental
Oh so much emotion, I'm talking devotion
Cause when I get involved, I get involved so deep
That you would know that my love is something special to keep
But for now, I guess I'll be fine
And keep waiting for the day that you'll be mine",True,en
f8d9430f-b408-47f4-97af-ab01019c19f6,Angel,Everlast,ca39d50f-9885-420e-88d6-9c3f64038773,"rap, alternative rap, hardcore rap, rap-rock",Hip-Hop/Rap,Everlast,Angel,"Imma find me
A woman that's real
Imma find me
A woman that's strong
Imma find me
A woman that's oh so true
I got a pedestal to put her on

I found me a Girl
She's sweet as could be
An everythin' in her world
Revolved all around me

I had a chance to make her mine
But I was to blind to see
And now I got too let her go
An pray she comes back to me

-She's my angel she's my lover
-She's my very best friend
-I hate her cause I love her
-So I hurt her again
-Don't want no other lover
-Won't go through it again
-She's my Angel She's my lover
-She's my very best friend

Imma find me
A woman that's young
Imma find me
A woman that's pretty
Imma find me
A woman that swears i'm the one
An imma try not to treat her shitty

Girl I been drinkin
Ever since you been gone
An I been thinkin
Maybe that I was wrong
You been holdin' out for way to long
I get this feeling you don't wanna belong

-She's my Angel, She's my Lover
-She's my very best friend
-I hate her cause I love her
-So I hurt her again
-Don't want no other lover
-Won't go through it again
-She's my Angel She's my lover
-She's my very best friend

Imma find me
A woman that's tough
Imma find me
A woman that's loyal
Imma find me
A woman that say she got enough
And that's the one i'm gonna spoil

Well I've been waitin
Such a very long time
My hearts gonna break
Girl if I don't make you mine

What's past is past
What's done I cannot rewind
All said and done girl
So your one of a kind

-She's my Angel, She's my Lover
-She's my very best friend
-I hate her cause I love her
-So I hurt her again
-Don't want no other lover
-Won't go through it again
-She's my Angel She's my lover
-She's my very best friend

-She's my Angel, She's my Lover
-She's my very best friend
-I hate her cause I love her
-So I hurt her again
-Don't want no other lover
-Won't go through it again
-She's my Angel She's my lover
-She's my very best friend",True,en
58139635-943a-41ed-a11e-f743ca20f342,2 Pieces of Drama,Everlast,ca39d50f-9885-420e-88d6-9c3f64038773,"rap, alternative rap, hardcore rap, rap-rock",Hip-Hop/Rap,Everlast,2 Pieces of Drama,"2 pieces of drama
The hammer's bout' to fall
2 pieces of drama
There's gunplay in the hall
2 pieces of drama
Make peace with your momma, the consequence is dire
2 pieces of drama
Boy you know not to play with fire

He rocks a big? caber
A ping pong table for a ring
He's mentally unstable
To him murder it ain't no thing
He'll do you dirty style
He's holding dirty bile
He's out pumping on the corner
Trying to stay warm
And keep it cool like Miles

He keeps it fundamental
He's got the jeans and the bubblegoose on
There's murder on his mental
He's got the deuce deuce in his palm

And y'all know the fable
How cain did able
Ever since the beginning
The world keeps pinning just like a turntable

2 pieces of drama
The hammer's bout' to fall
2 pieces of drama
There's gunplay in the hall
2 pieces of drama
Make peace with your momma, the consequence is dire
2 pieces of drama
Boy you know not to play with fire

La la la la la la la la (B Real Hand on the Pump sample)

When it's selling out back
Likes to pump crack
To the fiends that be getting high
He keeps his hand on the pump
He's ready to dump
On any chump that would even try
He got a finger on the trigger
He ain't scared to pull it
Head full of liquor
Boy you might catch a bullet
They're holes in stable
Drugs on the table
Everybody's sitting round
Watching cops on the cable
Dressed like a slob
Keeps his hair braided
He's never been robbed,
He's only been raided.
He's never known joy
The boy is so jaded
He's never been loved
He's only been hated
His soul's on ice
His heart is stone
Just another dead king
Rotting on his throne
With a pain that would
Cut you down to the bone
You're born alone
Boy you die alone

2 pieces of drama
The hammer's bout' to fall
2 pieces of drama
There's gunplay in the hall
2 pieces of drama
Make peace with your momma, the consequence is dire
2 pieces of drama
Boy you know not to play with fire x2",True,en
5c489d1e-2adc-4404-91de-dd2bb92bd5b0,Ticking Away,Everlast,ca39d50f-9885-420e-88d6-9c3f64038773,"rap, alternative rap, hardcore rap, rap-rock",Hip-Hop/Rap,Everlast,Ticking Away,"Clock on the wall keeps ticking away
I've got to go, but I'd love to stay

Yo, I've been walking 'round in the streets of these cities
I've tipped a few whiskeys, I've rolled a few ditties.
I made a few dollars, I've bought a few bottles
I popped a few collars, and rocked a few models
I pushed a few buttons, left all you cats guessing
It's Wedo Garcia, bitch, who you stressing?
I'm effervescent, about to drop lessons
I had to kill Whitey, word to the almighty
I'm tailor made and I'm custom fitted
Can't none of you cats do it like I'did it
I might come sing it, I might come spit it
And if you want to take it, try to come get it
You'll get your wig splitted, or get your grill busted
I'm crazy like the Beastie Boys, we're still dusting

Clock on the wall keep ticking away (tick tock and you don't stop)
I've got to go, but I'd love to stay (tock tick and you don't quit, hit it)
Clock on the wall keep ticking away (tick tock and you don't stop)
I've got to go, but I'd love to stay (tock tick and you don't quit, hit it)

Yo, off the dummies instrumental, I spit heavy metal
Never been from the ghetto, keep it mad fundamental
Caaninite devil, Caucasoid rebel
Add some bass, add some treble
And pump up my level
'Cuz mad motherfuckers done bit my (?)
And the game has got biters like dogs have fleas
And all you dick riders get up off your knees
Drinkers turn your bottles up, smokers burn your trees
Learn your ABCs, mind your Ps and Qs
Fuck around, get shot up, wind up on the news
Yo, it's Wedo Garcia, he'a singing the blues
Rocking shiny jewels and some brand new shoes
I love my momma 'cuz she ain't raised no fools
My golden rule is stay holding the tool
What you're doing to your peoples comes back on you
Don't know when the Grim Reaper wants to rendezvous

It's like clock on the wall keep ticking away (tick tock and you don't stop)
I've got to go, but I'd love to stay (tock tick and you don't quit, hit it)
Clock on the wall keep ticking away (tick tock and you don't stop)
I've got to go, but I'd love to stay (tock tick and you don't quit, hit it)

I hear mad motherfuckers say they ready to die
Acting like they don't care, but I swear they lie
Tell you now if they had to look death in the eye
They'd beg and they'd plead and they'd scream and they'd cry
When the Reaper calls, you all RuPaul
You all RuPaul when the Reaper calls
When the Reaper calls, you all RuPaul
You all RuPaul when the Reaper calls
I hear a lot of motherfuckers say they down for the kill
Most of them are just clowns, but they swear they will
Spend a lot of time being down, keeping it real
But I pay more attention to the ones that keep still
You all RuPaul when the Reaper calls
When the reaper calls, you all RuPaul
You all RuPaul when the Reaper calls
When the Reaper calls you all RuPaul

Clock on the wall keep ticking away (tick tock and you don't stop)
I've got to go, but I'd love to stay (tock tick and you don't quit, hit it)
Clock on the wall keep ticking away (tick tock and you don't stop)
I've got to go, but I'd love to stay (tock tick and you don't quit, hit it)",True,en
b7bccd1c-f9b2-4006-a364-c51e4f847836,Soul Music,Everlast,ca39d50f-9885-420e-88d6-9c3f64038773,"rap, alternative rap, hardcore rap, rap-rock",Hip-Hop/Rap,Everlast,Soul Music,"-You came into my life
-I don't have to wonder no more, I can feel it all in my soul
It's Soul Music
-It's deep down in my soul
Feel the Burn
I can see I got a good foundation deep down in my soul
-Its deep down in my soul
It's Soul Music
I feel the need for contemplation deep down in my soul
-It's deep down in my soul

Yo, I first took breath in Hemstead, Long Island
Born in American ancestry from Ireland
You ain't knowin me, you'd better stop smilin'
Aint nothin funny once my dummies start whiling
You talkin loud now all of a sudden it's silent
Your premonitions say it's about to get violent
You want permission just to blink your own eyelids
I got my soldiers, everywhere they go, I win
No stick moves, aint no cap peeling
Where I come from real men don't catch feelins
We don't rhyme about fake jacks or drug dealin
The shit I drop will leave all your brains on the ceilin'
Mass appealin, done it since the '80s
Rock rhymes for my dogs, sing songs for my ladies
Spend money like crazy, aint got no babies
If I don't make it in heaven I'll run shit in Hades

Now I can see I got a good foundation deep down in my soul
-Its deep down in my soul
It's Soul Music
I feel the need for contemplation deep down in my soul
-It's in my soul
Soul Music
And I can feel a dark sensation deep down in my soul
-It's deep down in my soul
Soul Music
Tryin to find an explanation deep down in my soul
-It's deep down in my soul

Yo I shit on competition
Spit on percussion
Beats are bonecrushin
One deep I'm bum-rushin
Guns they get stuck in
Someone starts buckin
The jewels that I'm truckin got pimps upchuckin
You can't hold me down
You can't hold my hand
A full grown man with the one God plan

I represent the colors that never run
God bless DMC
God bless Reverend Run
R.I.P. for the J.M.J.
Tell Big and Scott LaRock that we all say hey
Be like Tupac or be like Kid 'n Play
Do you wanna burn out or just fade away
I can rock the mic with no delay
With my head to the ground every time I pray
You can catch a heart attack or get blown away
Cause this type of shit happens everyday

Feel the burn
-I can feel it all in my soul
It's Soul Music
-It's deep down in my soul
Feel the burn
-It's in my soul
It's Soul Music
-It's deep down in my soul

Feel the burn
Now I can see I got a good foundation deep down in my soul
-Its deep down in my soul
It's Soul Music
I feel the need for contemplation deep down in my soul
-It's in my soul
Soul Music
And I can feel a dark sensation deep down in my soul
-It's deep down in my soul
Soul Music
Tryin to find an explanation deep down in my soul
-It's deep down in my soul
Feel the burn",True,en
97acd26b-8506-4fe2-a2e6-01053c5857db,Sad Girl,Everlast,ca39d50f-9885-420e-88d6-9c3f64038773,"rap, alternative rap, hardcore rap, rap-rock",Hip-Hop/Rap,Everlast,Sad Girl,"I seen her at a stoplight on Alverano
Was sittin in a pearl white Eldorado
In a gangsta lean she was revvin' the throttle
Got a sticker on the bumper say she like techano
She looked like Selena
The truth couldn't be plainer
She like a gangster boogie
Her mommy calls her cookie

My friends call her a sad girl
'Coz her man went away
And he ain't never comin' back
So cry a another tattoo sea

Sad girl livin' on the east side of the city
Proud woman boy, she don't want none of your pity
Sad girl got no one to rely on
Proud woman don't need your shoulder to cry on

I seen her at the market she was pushin' a stroller
Smokin' on a cigarette, drinkin' a soda
Laughin' at a joke that somebody just told her
Got her baby's name tattooed on the back of her shoulder
She looked like an angel
She talked like the devil
She looked like a stranger
She lived like a rebel

My friends call her a sad girl
'Coz her man went away
And he ain't never comin' back
So cry a another tattoo sea

Sad girl livin' on the east side of the city
Proud woman boy, she don't want none of your pity
Sad girl got no one to rely on
Proud woman don't need your shoulder to cry on

Face that girl we can take this slow
Baby what you looken for? Let me know.
You say you want a man that can give you some dough
You say buy my baby shoes and maybe buy him a coat
And buy my baby food to put down his throat
I won't play you like a hoe, it ain't like that yo
Let me holla at you later, we can go to the show
I aint tryna rock the boat I'm tryna keep you afloat

I seen her at the post office mailin' a letter
She couldn't send no money but she made him a sweater
She's talkin' on the pay phone and somethin' upset her
I really wanna hold her but I only just met her
But I could tell she'd been crying
She said she felt like dyin'
She never been so alone, no
She gotta make it on her own now

She's a sad girl 'coz her man went away and he ain't never comin' back

Sad girl livin' on the east side of the city
Proud woman boy, she don't want none of your pity
Sad girl got no one to rely on
Proud woman don't need your shoulder to cry on
Sad girl
Sad girl
Sad girl
Sad girl
Sad girl
Sad girl
Sad girl",True,en
936ad71f-52e7-48ac-a760-805f8af7d5d3,One Time Freestyle,Geto Boys,a78ca453-3a53-4b19-8b2d-61b10dd45558,"hip hop, gangsta rap",Hip-Hop/Rap,Geto Boys,One Time Freestyle,"Yo, johny c and box, rock it freestyle, one time

The beat is pumpin, party's jumpin, makes you shakin the ground
Suckers starin while I'm darin you to try to get down
I'm controllin and I'm rollin out on any mc
He's not happy, that's a smile full of jealousy
Cold crushin and I'm dustin, leavin suckers behind
I could never be took, cause what's mine is mine
And I'm just realizin, I'm only hypnotizin
Girlies are in trance, breakin in cold sweat
When I snap my fingers you shall all snap out of it
I'm elevated, the greatness I've created
And I wanna thank God I finally made it
My beat is uptown, no, I won't trade it
Makin big bucks and none's drug-related
My dj's ready red, and he could never be imitated
So push 'power' and you'll hear the grand wizard fade it

Yo box

The time has come that I serve and you observe
You wanna challenge competition, you lack the nerve
I'm your destruction and come prior to ya, you gotta accept
And I be makin cash money, you a demo cassette
With a killer-like motive and a four-wheel drive
Keep you punks lined up, everyone will survive
I know you steal from other rappers like a rat on the hunt
Therefore your rhyme is just?, so yo, don't front
Juke box the undisputed power house on the scene
Representin 5th ward, not hollis, queens
But if you know we're from the country, crushin kamikazie
You ain't on my mission, break out, see I advise you
Break fool and terrorize everything in sight
And never scared to book em when you get uptight

Now I'm the prince of rhyme, and all of you cry
And I'm inspired by the beat and all you suckers who try
To defeat the undefeated johny c has the mind
To destroy the wonderboy, and any of mankind
Cause I'm never caught slippin, performance is tipped and
Like a hoe your ride my jock, I might as well start pimpin
Lyrics of destruction, invincible song
Runnin from the prince of rap, though I'm king-kong
Cause I'm shakin the nation, tearin down every tank
Only once I lost a battle, then I broke the sucker neck
It was an mc named (toy) he was a dumb-ass (boy)
Disc jockey farted as he charged to defeat the mccoy
I'm a rhyming rap wizard, rhymes are like venom
Bite em, you'll die, and I just say ""to hell with him""

Why should I care for you suckers out there
Shoot you down in every battle, you still scream ""unfair!""
Time for a rumble in this concrete jungle
Whiz that take a quiz, shoot you down in one bundle
My rhymes are motivating, your body responds
With the center party people gettin funky for mine
I'm a rapper, I'm through with ya, posse (tug of war)
We're confiscating (and raiding) and still the boys are hardocre
Rrrah

Juke box, the rhyme performer performin a rhyme
I'm like the sun, muthaf**ka, now watch me shine
Spread light across the land, cause I'm the man
The original party rocker of an uptown jam
You know my style will never fade, you punks get slayed
I'm intendin to rock, there's money to be made
The undisputed rap pro keepin you on the go
Purchase, go buy a ticket to see my show
Because I made a lot of cash, we took you fast
But now you're jockin the box and I don't need your dumb ass

One time

Yo johny c and box, man
I want y'all to just chill out, man
Gimme the mic, man
I'ma show you how y'all rock this thing one time, man
Y'all know how to rock a uptown jam
Let's me show you what's up here, man
You know what I'm sayin?
Grand wizard dj red in effect
Word, bust this

My home is where I roam, turntable's my peace
And in creation is a masterpiece
Because my music's my mind, cuttin breaks with rhymes
Snappin fingers, clappin hands, shakin behinds
Tearin up the place with the beats galore
Within my own world, we're no amateurs
Because I stayed in my room till my knowledge improved
Got busy tryin to catch the groove
You know I cut and scratched till I get it right
So now I rock a party morning, noon and night
You know I be jammin with my musical skill
My hands are deadly on the wheels of steel
One time

Yeah
It's the geto boys in effect",True,en
48300321-f791-41e5-92b4-008f4481069b,Do It Like a G.O.,Geto Boys,a78ca453-3a53-4b19-8b2d-61b10dd45558,"hip hop, gangsta rap",Hip-Hop/Rap,Geto Boys,Do It Like A G.O.,"Underground Master speaking

Yo D, what's up?

Just chillin man, what's up?

Give them Geto Boys a ring, man

Hold em down

Geto Boys

Hey, what's up J?

Yeah man, I got Willie D on the other end
What's up Will?

What's up now?
What's up fellas?

Say fellas...
I been kickin a few lyrics in the back of my mind, man
And I'm tired of motherfuckers disrespecting us
Because we're Black-owned and won't sell out
(Word)
So check this out
We need to get together
And go to that other level of the game
And do it like a G.O.

Say no more, J, we're on the telephone

We get them motherfuckers, man

I'm back like a rebel makin' trouble
I'm an Assassin, kickin' ass on the double
No motherfucker alive's gonna stop me
So fuck you and your goddamn posse

It's time to step on some motherfuckin toes
(Nah D!) Man, fuck them hoes
The East Coast ain't playin our songs
I wanna know what the Hell's goin' on
Gimme my card, radio sucker
I'll kick your ass and take the motherfucker
Everybody know New York is where it began
So let the ego shit end

Black radio is being disowned
Not by the other race, but its own
A lot of bullshit records make hits
Because the radio is all about (politics)
Akshen is my identity, whoever you be
(Don't, don't, don't fuck with me)
My last go, the radio struck me with a low blow
Now I'm doin' it like a G.O.

Go, go, go, go, go

Let's make em an offer they can't refuse

Go, go, go, go, go

You wanna go to war? We'll take you to war, okay?

Everybody's coming with guns
Nigga's gettin' pimped by Columbians
They put 'em on the streets like a bitch
Nigga's slangin' but the Puerto-Rican gettin' rich
I never sold the mess
But if I did, it would be for my goddamn self
Can you adjust to the wholesale bust
Bushwick, tell these motherfuckers what's up

When will you stupid motherfuckers learn
In this game one way or another you get burned
You end up behind bars
Or lyin' on your back in a motherfuckin morgue
And your gal'll find another nigga
'Cause the low-acting bitch ain't nothin but a golddigger
I'll fuck her but my money is a no-no
(Why?) I'm a ho so I do it like a G.O.

Go, go, go, go, go

Let's make em an offer they can't refuse

Go, go, go, go, go

You wanna go to war? We'll take you to war, okay?

Fucked up politics
Those tie-wearin' bitches can suck my dick
They try to ban my style of teachin'
But freedom of speech allow me to keep speakin'
To the people about shit like racism
It's deep into the heart of the school system
White's get more funds from the state
And this is why minorities learn so late

Some of us make it to college
And take a test to the highest degree with limited knowledge
Most of us won't pass the bitch
And those rotten-ass motherfuckers know this
I'm not Malcolm X or Farrakhan
After this one, I'll guess I'll have to pack a gun
So if you wanna fuck with this brother
You better be ready, motherfucker
You're gonna have to G.O.

Go, go, go, go, go

Let's make em an offer they can't refuse

Go, go, go, go, go

You wanna go to war? We'll take you to war, okay?

Willie D is not a biggot and he won't be
I just educate minds through reality
This ain't no motherfuckin' ""Back to Africa""
Try to pull that shit, we'll have a massacre

Our ancestors were killed at will
Bought and sold like a used automobile
We fought back to exist
Now we're killin' one another, ain't that a bitch?

Ready Red, comin' at ya
Holdin' my ground like a motherfuckin statue
You take nothin' from me, so stop trippin'
'Less you wanna take a motherfuckin ass whippin'
Bitch, motherfuck the KKK
Wearin dresses and shit, what the fuck, is they gay?

A colorblind society we'll never be
Unless we agree (in harmony)
To do it like a G.O.

Rap-A-Lot

Hey Jay, this is the president of White Owned Records
We see you're still survivin'
But wanted to ask you to keep your boys' quiet
If you don't, we will
Or here's another alternative
We take 95 percent of your company and you take five
And we'll make you famous for 15 years
It would take you lifetime by yourself
Because you know your people don't stick together
What you say about that, boy?

Man, fuck you

I would advise you not to talk to me like that, boy
Just who the Hell you think you are anyway?

I'm Lil Motherfuckin J
I ain't's to be fucked with
And if you wanna go to war, I'll take you to war",True,en
ec144029-5bfa-4e27-adee-02fc6a67258f,City Under Siege,Geto Boys,a78ca453-3a53-4b19-8b2d-61b10dd45558,"hip hop, gangsta rap",Hip-Hop/Rap,Geto Boys,City Under Siege,"[ Scarface ]
I like to teach the world to be
A dope mayn just like me
I like to front the world some coke
And let them sell for me

Born in the ghetto as a street thug
At age 16 I started sellin cheap drugs
Extacy will cost you three
A year later I robbed a dope house and stole a ki
36 is what I count
Now multiply 36 with 700 a ounce
Bag it up and make my profit
But some pussy muthafucka in offices tryin to stop it

[ Bushwick Bill ]
And the bastard that's stoppin the bus
Is the same muthafucka that delivers to us
He's payin off the cops
Triple-crossin the middle man tryin to give the smaller pusher power

[ Willie D ]
The politicians are players
Reagan and Bush were cuttin tough on Noriega
Now the juices are sour
Remember politician means schemin for power

(You know what a hossa is?
That's a pig that don't fly straight)--> Tony Montana

[ Scarface ]
Now let's go back to the past
The muthafucka who needs to be tried is Ronald Reagan's ass
Appointed Bush to the C.I.A.
(That shit was cold
Put Noriega on the payroll)
All of a sudden shit changed
Right after '88 (Yeah, yeah, yeah)
Hm - ain't that strange?
Some think I'm goin too far
But if you wanna go to war, I take you to war

[ Bushwick Bill ]
They don't care about niggas on welfare
As long as their kind ain't there
You've got my ki's on a freeze
Muthafucka, my city's under siege

(Today's special
Is ghetto dope)

[ Willie D ]
Willie D sell out, you can squash that fast
Here's a hit and a half for your ass
Police brutality is now a formality
They're kickin our ass and we're payin their salary

[ Scarface ]
The average cop with a badge is a bitch
Back in high school they used to get their fuckin ass kicked
All of a sudden they're snappin necks
Puttin niggas in check, makin threats, sayin I'm next

[ Willie D ]
I laugh at a muthafuckin law man
Without the piece, bitch, you're nothin but a raw man
You couldn't hang if you were cappin or punchin
(So go suck a dick and write or ticket or somethin)

[ Scarface ]
Can't understand my city's under siege
Till the Ak clockin g's
Got a Coupe De Ville, got a rag and ridin '83s
Copper wanna play the Ak
Guess they think I'm slayin crack
Muthafuck the '50s, they can't stop me, got my corner back
Rocks and rocks and rocks galore
I left the cut and then I swore
Never be a stupid ass, I'll nevfer leave the cut no more
The dope game ain't no joke

[ Willie D ]
Muthafuckas will die for this, they go for broke
Rock houses open and busted
And the bitch that got you busted
(Was the bitch that you trusted)
Pimp on me, and I'll make bail
Hunt you down and kick your ass through the goal post of hell
(Are you lighter on a female figure?)
Hell nah, I fuck her up just like I fuck up a nigga
Red, grab the pump (Bill, pass me my nine
Now tell em what's on your mind)

[ Bushwick Bill ]
You goddamn parents are a trip
The streets got your babies cause you're full of that bullshit
You tell your kids drugs'll fuck up their health
And you're geekin your goddamn self
But I won't blame it all on you
You stupid-ass teachers can suck my dick too
I walk around with a smirk
Fuck school, fuck curfew, fuck homework
And muthafuck a damn cop
I never ride down my block without my gun bein cocked
You won't get a chance to slay me
I wont' be an accident like Ada Delaney
So when you step out of line
(*shots*) I'm goin for mine
D.O.A. is how they pronounce you
No suspect, no motive, no clue
When you hoes say 'stop', I be damned if I freeze
I truly believe my city's under siege

(Today's special
Is ghetto dope)",True,en
09bc9a9a-0de8-4b54-bdbf-2da3940d6264,Read These Nikes,Geto Boys,a78ca453-3a53-4b19-8b2d-61b10dd45558,"hip hop, gangsta rap",Hip-Hop/Rap,Geto Boys,read these nikes,"(Oh my goodness!)
(Hit it)
Here I go again, another brawl, a conflict
Somebody finna get they ass kicked
If you ain't down with the Geto Boys
Get your happy ass outta dodge
The rumors you heard ain't slander
Willie D don't give a fuck about a goddamn by-stander
So when you see me clutch my fist
Get out the way or get t-rolled, bitch
I'm inclined to physically whip your ass
But if you want to blast
Make a mothafuckin' motion like you want to reach
And you gon' have a damn funeral next week
From the hardest to the softest
For me to beat a nigga down is a day at the office
See, my appearance is so damn fly
It makes em say, ""Hm he's a nice guy""
So a nigga try to play me like a hoe
Oh-oh, oh shit, damn, that's a no-no
I get dead on his ass, so when I'm strikin'
He bet no fall, or I'ma make his ass read these Nike's
(Oh my goodness!)
You read these Nikes, 'cause you're fucked up, punk
Here's the definition of gettin' your ass stomped
(I'm a nigga insane kickin' ass extremely)
So you weak-ass hoes keep dreamin'
Bushwick, can I get a witness?
(Fuck yeah, Nightquil that sickness!)
Yeah, and when I form this gesture
Don't call mama, 'cause the bitch can't help ya
Better yell for a paramedic
Or somethin' that nature, 'cause I'ma try to break ya
Ass into mothafuckin' particles
Let's see if I can get you in a newspaper article
To hell with emotions
I don't stop till I cream a muthafucka like lotion
Remorse what the fuck is that?
I beat your mama ass and go get a six-pack
Gettin' mild, I don't play that shit
Fuck havin' mercy on a goddamn bitch
Nigga get beat, oh mama
But if she fucks with me
Her ass is gonna read these Nike's
Yo D, I saw the way you stomped that muthafucka
And left your trademark upside his head
Yeah man, that was one of my off Nike's
I usually leave the whole mothafuckin"" logo
I don't give a fuck who you hang with, trick
Friends ain't shit when you're gettin' your ass kicked
But if your buddies want to get in my mix
Chop-chop yo, bitch
It ain't nothin' but a mere formality
Every sucker muthafucka' is a casualty
I kick ass, you won't ever diss
Look at the bottom of my goddamn shoe print
From muthafuckas done donated blood to the kid
Now do you want to make a bid?
I didn't think so, 'cause I'd have yo
Ass screamin' just like a damn hoe
When I hit ya in your goddamn mouth
And show you what a real nigga's all about
When I dispose of your ass like waste
And nothin' but my shoe is in your mothafuckin"" face
You're readin' these Nike's
Look at you now, muthafucka!
(Oh shit!)
Look at
(Oh! Aw, hold up, man
Hold up, shit, aw, come on,
Alright, man, alright, I quit, man
I quit, alright aw shit)
Fuck with me!
(Oh man)
(Hit it)
Here's an incident that got me sent to the slammer
I'm at the club rappin' to this hella hammer
This bitch was holy, severely cut
So I'm rappin' to her, right? To see if she'll fuck
I never asked if she was taken, 'cause honestly
That type of shit don't matter to me
Just when we was leavin' out the goddamn door
Some trick-ass nigga fronted me bout the whore
I let the fool file with a diss or two
But the nigga kept pushin' the goddamn issue
So I pulled out the 9mm
And bust his ass in the head, you could see the
Blood gushin' out his goddamn skull
He played hisself, now his ass gettin' drugged
I was charged with aggravated assault
But before I got off his ass
I made him read these Nike's
(Oh my goodness!)",True,en
3086d945-909c-47a5-9762-e50f60621d06,Straight Gangstaism,Geto Boys,a78ca453-3a53-4b19-8b2d-61b10dd45558,"hip hop, gangsta rap",Hip-Hop/Rap,Geto Boys,Straight Gangstaism,"...when the fire dies down what the fuck you gonna do?
Damn it feels good to be a gansta...

Yeah, I take y'all way back

Seven years old,
I'm lookin' up to the ganstas in the hood,
'Cause to me and my cousins yeah they represented good,
Even when we played cops and robbers on the block,
Nobody wanted to play the cop yeah,
'Cause the cop was a pussy-ass bitch,
And if you played the cop, nigga you got your ass kicked!
I was a curious child,
I used to hang out by the ballroom and study the gansta style
The way they talk, the way they walk, the way they act,
The way they wore dat gansta hat,
Tilted, rim layed flat out,
Now that's the type a shit I'm talkin' about yeah,
Cigarette in one hand, drink in the other,
Leanin' to one side, cooler than a motherfucker,
With the ganstass nicknames,
Killin' Boy, Pokey, Big Joe, Go-Deal, Lil Lane,
True muthafuckin' mack daddies,
Bitch on the side, drivin' the '73 caddy,
Wid a chrome plated .357
Ready to send a muthafucka on a stairway to heaven,
I was fascinated, yeah
I let 'em influence me, and my momma hate it,
But she still gave me love,
'Cause my momma understood,
That it was in my blood,
See I was a psycho,
And in a few mo' years she wouldn't have to worry about a Michael,
'Cause I'll be makin' my own decisions, yeah
Comin' up fast, clockin' cash
Straight Ganstaism

Yeah... Uh... On and On and On and On and On... Yeah... Uh
Break it down
Uh
Like dat
Like dat
Yeah

Now is '93
I got a name fo' myself,
Made a little dough, played the cards I was dealt,
Didn't go fo' self, now I'm a G, huh
And every muthafuckin' body know me,
Niggas in the hood, all got love,
'Cause they saw me raise up from a muthafuckin scrub,
And hoes that I know,
From way back befo'
They used to say no,
All wanna go to the hotel,
'Cause they claim that they intrested,
And everybody talkin' about the shit that they wish they did,
But I surpassed all that,
They used to wanna know if I was down, now they don't ask all that,
'Cause they believin' what they seein'
A young nigga comin' up fast, yeah
Sittin' back as a youngsta, peepin' out ma folks,
Some were straight G's and some when not smoking dope,
I had to cope wid it, be a man and stay strong,
Even though some folks didn't think that I'd live long,
I watch grandpa shoot dice at the liquo' sto'
Gettin' licks in the dough ague and the Big Joe,
Walkin' out the door wid a gallon of Jack,
Sellin' straight cess booze 'cause back then there weren't no crack,
A matter fact, to this day,
I'm doin' shit like grandpa in every way,
I got my hustle on loc I ain't frontin'
Jus' a young nigga in this world tryin' ta have somethin' yeah
That's then you find and I know,
That's how I was raised and that's how I'm a go,
I dunno will I ever be a cell mate but I do know I'm never goin' straight...
Gansterism

Yeah [toke] really doe [toke] 3-2 in the muthafuckin' house doe [toke]
Down with the mutherfuckin' GB [toke]
And y'all gonna hear the original big baby really doe [toke]
And the mutherfuckin' 9 to the deuce!
I know you heard that big baby [toke] yeah [toke]
We got Seag in the muthafuckin' house doe from Oakland [toke] yeah
We got Big Mike yeeahuh, Fattey Hattey yeeahuh
We got Big Chief and LeJay, really doe [toke]
Say big baby, lookit my deed [laugh laugh]
You fuckin' bitch! [laugh laugh laugh] really doe
Bido in the muthafuckin' house, yeah
Nigga face evil [toke] really doe [toke]
They can't fade this soft shit doe [toke]
Uh the they can't fade it doe
I'm outta this beeyatch!
Z",True,en
9a88849b-0caa-4f08-818d-f52b91b64503,2 n the Morning (instrumental),Ice Cube,1d11e2a1-4531-4d61-a8c7-7b5c6a608fd2,"hip hop, gangsta rap",Hip-Hop/Rap,Ice Cube,2 n the Morning (instrumental),"""Yeah this is a story of a famous dog
of a dog that chases it's tail, will be dizzy""

[Ice Cube]
Met her snake ass at a barbecue bash
She had a lot of ass and a twenty dollar stash
. of some of that superb 'erb
She said, ""I got the chronic, so fuck whatcha heard""
""Ice Cube do you wanna hit this?
This shit is hype, sho' you right""
Soon as she passed me the J and a lighter
Me and this hoodrat bitch got tighter
Talkin all day on the blanket (so whassup?)
with her ass jacked up, beggin me to spank it
Lookin like a host from the Barbary coast
Nigga don't wanna get burnt like toast
Whassup wit deez nuts in ya me-outh
Aight everybody. c'mon we out
Took her to the six dollar hole in the wall
and I like how she's holdin the balls
Gobble gobble, from the incision
Stuff that bitch and it ain't Thanksgiving
Didn't even have to fuck all night long
Take me home, damn it's on
Jumped out the cover, snatched off the rubber
Met the hoe's mother - yo whassup?
Got the seven digits and I'm gone'n
that's the kinda bitch you can call at 2 n the morning

Chorus: Ice Cube

Not just knee deep, she was O.G. deep
when she did the freak with me
Not just knee deep, she was O.G. deep
when she did the freak with me

""Yeah this is a story of a famous dog
of a dog that chases it's tail, will be dizzy""

[Ice Cube]
I bumped this hoe on the danceflo'
Where you wanna go? She said, ""I don't know""
I thought I had a treat in the passenger seat
Now her ass wanna get somethin to eat
From where? She said, ""Denny's I figure""
I said hell naw cause they don't like niggaz
Let's go to my house and order Domino's
and maybe I can get the bitch out her clothes
Got to the panties, her ass started fightin
and I'm thinkin bout my dog Mike Tyson
Took her ass home, all alone (ring ring)
Whoa-oh, there go the phone
Ay whatcha doin? ""Nuthin""
Then what about screwin?
Now I'm fuckin and I'm yawnin (*YAWN*) yup
but thank God for the bitch
that'll come/cum at 2 n the morning

Chorus

[Ice Cube]
You the kind of girl to eat a dick up raw
and drink a 40 through a straw
And I love ya, cause you're down to get dug
and your man don't know you're gettin fucked by a thug
You a woman that's true (that's right)
Doin what the fuck you wanna do
And it's cool, cause you got a purse full of rubbers
and I'm a friend of your brother's (yup)
So jump your freaky ass in your Hyundai
I got a room at the Omni
Nothin tricky, no you ain't picky
Whassup Nikki? Down for a quickie
Get your lil' dickie and your Mickey and you're straight
and gotta be at work by 8
Called you last night, you wasn't home and
damn - it's half past 2 n the morning

Chorus

""Yeah this is a story of a famous dog
of a dog that chases it's tail, will be dizzy""

[girl] Hello?
[Cube] Yo whassup this Cube, whatchu doin?
[girl] I'm asleep
[Cube] Asleep? Get yer ass up and come over here
[girl] Want me to drive way over there?
[Cube] Yeah, come on through and shit, y'know, it's about 2
[girl] Alright, here I come.",True,en
102990fb-9d6e-4a39-ae65-86f27af7b5e4,You Know How We Do It,Ice Cube,1d11e2a1-4531-4d61-a8c7-7b5c6a608fd2,"hip hop, gangsta rap",Hip-Hop/Rap,Ice Cube / Ice Cube,You Know How We Do It,"Yeah, yeah
Fool, you know how we do it
Westside
Comin' from the Westside
We hittin' on the Westside

Ain't nothin' goin' on but the bomb-ass rap song
Hittin' all night long
Just like me on the black and white ivory
Gettin' six on the D to leak
You don't wanna see a G break your ass like dishes
Buster-ass tricks sleep with the fishes
Runnin' from Lennox up at Venice
They wanna have me in stripes like Dennis the Menace

But that ain't poppin', ain't no stoppin'
Fo' hoppin', ass droppin'
Cook the bill, my troop can kill
Fool, I got skills
So back on up 'fore I check that chin
Down for whatever and I'm full off Hen
You gets no love and I thought you knew it
Fool, you know how we do it

Westside
Comin' from the Westside
It's nothin' but the Westside

Chillin' with the homies, smellin' the bud
Double-parked and I'm talkin' to Dub
About who got a plan, who got a plot
Who got got and who got shot
'Cause everybody knows that he got the info
Crazy tunes hangin' out the window
Fool, I got them bomb-ass tapes
The Lynch Mob, Planet of the Apes

I'm down with Ape and what's up
Kam and Solo, they got nuts
When Ice Cube write a sentence
I want the bomb just like George Clinton
SKP is down to catch a body
Put on Needy, we'll turn out your party
You gets no love and I thought you knew it
Fool, you know how we do it

You know how we do it
Hittin' on the Westside

Jack be nimble and Jack be quick
If you wanna jack me on a lick
'Cause I'm that fool from South Central
You think you stuck yourself with a number two pencil
That's how a fool caught lead in your ass
With more bounce to the ounce than a dash

Mash up and that's headed for the West
Everything is great, slow down for the dip
On the 108 and keep mashin'
Don't drink and drive to keep the fool from crashin'
Stashin' the Glock and I thought you knew it
You know how we do it

You know how we do it
Westside
Hittin' on the Westside
Comin' from the Westside
It's nothin' but the Westside",True,en
d679ceca-bed3-40c3-a0bf-3eaf95501d30,It Was a Good Day,Ice Cube,1d11e2a1-4531-4d61-a8c7-7b5c6a608fd2,gangsta rap,Hip-Hop/Rap,Ice Cube,It Was A Good Day,"Break 'em!

Shit!
Yo! Yeah!

Just wakin' up in the mornin', gotta thank God
I don't know but today seems kinda odd
No barkin' from the dog, no smog
And momma cooked a breakfast with no hog
I got my grub on, but didn't pig out
Finally, got a call from a girl I wanna dig out
Hooked it up fo' later as I hit the do'
Thinkin', ""Will I live another 24'?""

I gotta go 'cause I got me a drop top
And if I hit the switch, I can make the ass drop
Had to stop, at a red light
Lookin' in my mirror, not a jacker in sight

And everything is alright
I got a beep from Kim, and she can fuck all night
Called up the homies, and I'm askin' y'all
Which park, are y'all playin' basketball?
Get me on the court and I'm trouble
Last week fucked around and got a triple-double
Freakin' niggas every way like MJ
I can't believe, today was a good day, shit!

Drove to the pad and hit the showers
Didn't even get no static from them cowards
'Cause just yesterday, them fools tried to blast me
Saw the police, and they rolled right past me
No flexin', didn't even look in a nigga's direction
As I ran the intersection
Went to Short Dog's house, they was watchin' Yo! MTV Raps
What's the haps on the craps?

Shake 'em up, shake 'em up, shake 'em up, shake 'em!
Roll 'em in a circle of niggas, and watch me break 'em
Wit' the seven, 7-11, 7-11
Seven, even back do' Lil Joe
I picked up the cash flow
Then we played bones, and I'm yellin' ""Domino!""
Plus nobody I know got killed in South Central LA
Today was a good day, shit!

Left my nigga's house paid
Picked up a girl been tryna fuck since the 12th grade
It's ironic, I had the brew, she had the chronic
The Lakers beat the Supersonics
I felt on her big fat fanny
Pulled out the jammy and killed the punani
And my dick runs deep, so deep, so deep
Put her ass to sleep

Woke her up around one
She didn't hesitate to call Ice Cube the top gun
Drove her to the pad and I'm coastin'
Took another sip of the potion, hit the three-wheel motion
I was glad everything had worked out
Dropped her ass off, and then chirped out

Today was like one of those fly dreams
Didn't even see a berry flashin' those high beams
No helicopter lookin' for a murder
Two in the mornin', got the Fatburger
Even saw the lights of the Goodyear Blimp
And it read, ""Ice Cube's a Pimp!"" (yeah)
Drunk as hell, but no throwin' up
Halfway home, and my pager's still blowin' up
Today, I didn't even have to use my AK
I gotta say it was a good day, shit!

Hey, wait, wait a minute!
Pooh, stop this shit!
What the fuck am I thinkin' about?",True,en
f5e8b32c-c16f-4d41-b232-4be6f76606d2,Wicked,Ice Cube,1d11e2a1-4531-4d61-a8c7-7b5c6a608fd2,"gangsta rap, happy",Hip-Hop/Rap,Ice Cube,Wicked,"Now dis one dedicated to de man dem call MacGyver (bo!)
And all double-oh-seven James Bond man 'e from de area (gunshot, gunshot)
Maximum respect to de man dem call Ice Cube (bo! bo!)
And a bust a deuce-deuce or trey-eight bout to get wicked!
One, two, three and I come with the wicked
Style and you know that I'm from, the wicked
Crew, act like you knew
Cause I got everybody jumpin' to the voodoo, kick it
Wicked, rhymes, picket, signs
While me and the Mob gotta trunk fulla 9's
Play ya and I'll slay ya
I got thug-made dough by the ha-ir
Ready to buck buck buck and it's a must
To duck duck duck before I bust
Lookin for the one that did it
But like En Vogue, no you're never gonna get it
Cos I'm the one with the fat mad skills
And I won't choke like the Buffalo Bills
Sittin' at the pad just chillin'
Cause Larry Wilkins just got two million, oh what a feelin
So shake that nigga and pass me the pill
And I'll slam dunk ya like Shaquille O'Neal
Like it, dig it, maybe and watch that ass get ???
Kick it cause I get wicked
Won't say nuttin', just listen
Got me a plan to break Tyson outta prison
Come my way and get served
Still got a duece that'll bunny hop the curb
Nappy head, nappy chest, nappy chin
Never seen with a happy grin
Show the fat foul cause I'm down
Take a look around
And all you see is big black boots steppin'
Use my steel toe as a weapon
Kick ya and flip ya, now they want to
Label this nigga, tape with the sticker
Kicki'n out girls that's nicety
Yo, I gotta body count like Ice-T
From here to New York
I get skins and ain't talkin bout pork
Swine, pig, dick
Listen to the flow of a so-called negro
Who didn't know I was funky as Wilson Pickett
Dig it cause I get wicked
People wanna know how come
I gotta gat and I'm lookin out the window like Malcolm
Ready to bring that noise
Kinda trigger happy like the Geto Boys
April 29th was power to the people
And we might just see a sequel
Cos police got equal pay
A horse is a pig that don't fly straight
Doin Darryl Gates but is Willie Williams
Down with the pilgrims
Just a super slave
We'll have to break his ass up like Super Dave
I'm wicked enough to board this
Cos now it's on to the fullest
Gorilla straight from the mist
But I don't miss when it comes to this
Bring the yellow tape
The white cape, cause I'm so straight
Thru with the picket signs, take his job and stick it
Bigot, 'cause I get wicked",True,en
1b2496f8-ab6a-4fe8-bdca-61d91292fd4a,"Make It Ruff, Make It Smooth",Ice Cube,1d11e2a1-4531-4d61-a8c7-7b5c6a608fd2,"gangsta rap, happy",Hip-Hop/Rap,Ice Cube,"Make It Ruff, Make It Smooth","Hey yo Cube
Make it ruff
Cube, check it out
Whassup?
Yo this bitch was suckin' my dick
Then I told her?

What?
Make the music with ya mouth bitch
Baby, baby
Ya like that
Make it ruff
Naw, make it smooth

I make niggas say woof 'cause I'm in the coupe with no roof
Ya smell like somethin' 90-proof
'Cause, I'm ruff, and nigga you can buck these nuts
If you comin' with that smooth shit, hardcore rules shit
I make the hoes say hay each and every day
Bitch 'cause I'm the K-Dee, no I'm not a G

Mothafuckin' wannabe mack
But I'm smooth like that
I gots ta buck, you, right on up, punk you lucky that cha livin'
'Cause, I'm the unforgiven, I like power, ain't a damn thing funny
I like pussy and money
And I won't slam like Onyx or never ever stutter

But I'm b-b-butter
Leader of the new school, you hardcore fool
Nigga make it ruff, make it smooth
And I'm here
Make it ruff, naw, make it smooth

You can lick me up and down till I yell stop, damn
Bitch ya missed a drop 'cause I don't play when I sway
It's the quicker picker upper
A pro that moves slow before this hoe
I'm quick to dump her, so eeny-meeny-miney-mo, where's my dough?
I gots ta make a livin', I out ta get mo

Money, and got more nuts for ya honey
So come and break me off, this nigga's walkin' soft
It's the smoothness that make niggas move to this
For you ruffnecks, I'll check you with my tool and shit
Don't sweat 'em, just let 'em play that hardcore role
We still cool but just make it smooth

You know what, it's like a jungle sometimes it makes me wonder
How I keep from goin' under?, I'm chocolate thunder
Ruff as sin, cuts on ya skin
And I blend with the tracks, see I'm black
K-Dee is the mack, matter fact
Niggas hit me up with the C's and B's

But you don't wanna fuck wit these
'Cause, I'll put 'em on ya
And we'll have to wake ya mothafuckin' ass up with ammonia
'Cause hardcore rap is always on the map and it don't stop
Devoid of pop and if I drop another smooth hit
It'll still be hard 'cause I helped start this shit

So make it ruff, naw make it smooth
Make it ruff, make it smooth
Make it ruff, make it smooth
Make it ruff
Naw make it smooth
Make it, make it ruff
Naw make it smooth

I hate when niggas get too fuckin' sexy on the track
I'm pro black, well I'm a pro mack
I like hittin' switches
I love hittin' bitches 'cause I'm a player, hard rhyme sayer
I thought you knew, but ain't no thang, you knew the way I swang
Creepin', ain't no sleepin', ain't a damn thing changed

I hit hoe after hoe with this laid back shit
Fool, I kill at will and still can fade that shit
'Cause, it's the predator
I had it, yes a nigga watch yo step
You in a gang like star, tryina get a rep
It ain't no sweat for me to buck, buck nigga don't give a fuck

You better duck, duck or get your ass stuck, stuck
Don't let the smooth shit fool ya, 'cause I can get it on
'Cause, I be breakin' bones like dragonfly Jones
Quick to put 'em on ya
Don't make me act a fool, nigga, make it ruff
Make it smooth and I'm in here

Make it ruff
Make it ruff, make it smooth
Make, make it, make it ruff
Make it ruff, make it smooth
Make it ruff
Ice Cube's up in this motherfucker
K-Dee's up in this motherfucker

Make it ruff, naw, make it smooth
Make it ruff, naw, make it smooth
Make, make it ruff, ruff
Make, make it ruff, naw make it smooth
Make it ruff, ruff, naw, make it smooth
Naw, naw, make it smooth
Naw, make it smooth",True,en
86430a68-11ee-4711-89a7-6d8dc9c0f1c6,Blood on My Jeans,Juice WRLD,4e4ebde4-0c56-4dec-844b-6c73adcdd92d,trap,Hip-Hop/Rap,Juice WRLD,Blood On My Jeans,"Damn, I tried to stop, oh
Baby (808 Mafia), baby (baby), baby (baby), babe
You literally are my everything (baby, Gezin)
Hah (baby)

Baby, I've been on the run (yeah)
But I would never run from your love (uh-uh)
If you feel on my dick, there's a gun (uh-huh)
Not right there, just a little above
I value my relationship, it's forever
But I've been cheatin' on the drugs (yeah)
Broke up with codeine, need a new plug (yeah)
Hit up Hot, raw pints, I need two of 'em (yeah)

Huh, lean, huh
Put Biscotti in my lungs, I'm smokin' green
Chopper on me, I don't talk, I just up the beam
Huh, let my gun bust a nut, then leave (yeah)
I ain't leave a clue on the scene (uh-uh)
Close range, so I got blood on my jeans (uh)

Saints Row cup, ain't no red in my lean (uh-uh)
Bankrolled up, I been swimmin' in green (uh-huh)
Still a blue face king
Benjamin Franklin come dirty and clean (let's go)
I know my haters hate to see me succeed
If they get the chance, they'll end up murderin' me
That shit got me laughin', haha
Kel-Tec get to rappin', grrah, grrah

Fuck nigga, I'm your father
Don't matter if you older
They say age is just a number
If that's the case, I'm way over
Than who? These niggas (uh-huh)
And these bitches that think that they get it (uh-huh)
For a backstage pass, she'll suck the dick (uh-huh)
Bitch, I got a bitch, better get you a ticket (uh-huh)

Walk through the night with my gun like a creep
On my shirt Maison Martin, my shoes double-C
I don't know what it's gonna take you to believe
I ain't goin' nowhere, I ain't gon' leave you (ayy, ayy, ayy)
I ain't goin' nowhere, I ain't gon' leave you
You stuck with me, apologies for my fuckery

Baby, I've been on the run
But I would never run from your love
If you feel on my dick, there's a gun
Not right there, just a little above
I value my relationship, it's forever
But I've been cheatin' on the drugs (yeah)
Broke up with codeine, need a new plug (yeah)
Hit up Hot, raw pints, I need two of 'em (yeah)

Huh, lean, huh
Put Biscotti in my lungs, I'm smokin' green
Chopper on me, I don't talk, I just up the beam
Huh, let my gun bust a nut, then leave (yeah)
I ain't leave a clue on the scene
Close range, so I got blood on my jeans",True,en
5497dece-94a1-4bff-ba13-ef0357bed8d1,Stay High,Juice WRLD,4e4ebde4-0c56-4dec-844b-6c73adcdd92d,"trap, emo trap",Hip-Hop/Rap,Juice WRLD,Stay High,"Man, I been asleep off the lean all day, it's like fuckin' mornin'
It already feel like it's nine in the mornin'
Hate it when they play both sides
Too low in my life
Gotta stay high, gotta stay high
Too low in my life, yeah, I gotta stay
Hate it when they play both sides
Too low in my life
So I gotta stay high, yeah, I gotta stay high
Too low in my, too low in my
Count the racks up (huh), I got my stacks up (you dig?)
Bad lil' bitch, tell her back up (you dig?)
In the cut with the MAC tucked
Run up on me, get hit up
Ambulance, need to pick him up, uh
Six shots to the head like, whoa
Run through the six, no woes
Throw money, throw hands, throw bowls
Up, down, left, right, A, B, cheat codes
Pull up, my gun sing like ""Glee"" show
Rick Owen on my coat, no superhero
VVS, my wrist like Sub Zero
Play a bitch like guitar, no hero
Run the money up, stack it like Legos
Bad bitch wanna fuck, I say leggo, uh
R.I.P. To my niggas gone
Sometimes I wish I could hit your phone
I don't really wanna walk through life alone
Ain't too many real niggas here no more
I lost my woadie, my heart cold
Now, I gotta walk through life alone
Now, I gotta walk through life alone
Now, I gotta live this life alone
Hate it when they play both sides
Too low in my life
Gotta stay high, gotta stay high
Too low in my life, yeah, I gotta stay
Hate it when they play both sides
Too low in my life
So I gotta stay high, yeah, I gotta stay high
Too low in my, too low in my (ayy, uh)
Wockhardt in my body, I can't help myself, uh
I get so damn high that I can't feel myself
My girlfriend worried about me, think I'm gon' kill myself
Sorry, baby, I'm just really tryna feel myself
Keep my head above the water while I drown in wealth
I got that drip like Gunna, I might drip or drown myself
You know I love choppers, I had to surround myself
Takin' Gelato to the head, smoked the pound myself
Hate it when they play both sides
Too low in my life
Gotta stay high, gotta stay high
Too low in my life, yeah, I gotta stay
Hate it when they play both sides
Too low in my life
So I gotta stay high, yeah, I gotta stay high
Too low in my, too low in my",True,en
5c3512b0-810b-49b5-91de-9ac19ad830e3,Bad Energy,Juice WRLD,4e4ebde4-0c56-4dec-844b-6c73adcdd92d,"trap, emo trap",Hip-Hop/Rap,Juice WRLD,Bad Energy,"Uh, uh, uh
Uh, uh, uh (Daytrip took it to ten, hey)
Swallow all these pills with my pride, uh
Married to my highs, you may kiss the bride
Trouble in my brain, see it in my eyes
I got voices in my head, they keep me up at night
Said I was okay, but I'm lying, feel like that I'm dying
Soul screaming, crying, feel my brain frying
Try to numb the pain, all the drugs I been buying
This Oxy gettin' pricey, pour the codeine in the Hi-C
Blood red blend in the Hi-C
I've been doing so much wrong
Even though ma told me to do the right thing
Poppin' pills all night long
In the studio pourin' out my feelings
Can't explain this feeling
Kinda feels like I'm losing
Even though I'm winning
Drain out bad energy (drain out bad energy)
Forget the bad memories (forget the bad memories)
Drain out bad energy (drain out bad energy)
Forget the bad memories (forget the bad memories)
Ayy
Multi-million dollars
All mine from the start
Codeine kills the drama
And the trauma in my heart
Just got a call from the dark side
Stab wounds in my chest, but I'm alright
I miss my friends, I hate this spotlight
I love my girl, I hate the thot life
Yellow diamonds, shiny pearls
I'm tryna give her the world
I'm tryna show her the world
She ain't no ordinary girl
I know she know, I know she know I'm down and out
Life is a ocean, demons I've been drownin' out
I watch the crowd and crack a smile
I have a job to lead them out
Drain out bad energy (drain out bad energy)
Forget the bad memories (forget the bad memories)
Drain out bad energy (drain out bad energy)
Forget the bad memories (forget the bad memories, drain)
Ayy
Oh, oh (Daytrip took it to ten, hey), oh, oh
Oh, oh, oh, oh",True,en
0a198d19-63ad-4114-93a4-f7a06317d710,Righteous,Juice WRLD,4e4ebde4-0c56-4dec-844b-6c73adcdd92d,"grime, trap, emo trap",Hip-Hop/Rap,Juice Wrld,Righteous,"I will (Will)
I will (I will)
I will

Uh (Uh)

All white Gucci suit, I'm feeling righteous, yeah
I know that the truth is hard to digest, yeah
Five or six pills in my right hand, yeah
Codeine runneth over on my nightstand
Takin' medicine to fix all of the damage
My anxiety, the size of a planet (Yeah, ooh)
Holes in my skull, over time
My heart's over ice (Woah)

Over ice, I'm freezing
Beautiful eyes, deceiving
We may die this evening
Coughing, wheezing, bleeding
High, I'm an anxious soul
Blood moons are my eyes, stay low
Red and black, they glow
Under attack, in my soul
When it's my time, I'll know
Never seen a hell so cold
Yeah, we'll make it out, I'll know
We'll run right through the flames, let's go (Go)

All white Gucci suit, I'm feeling righteous, yeah
I know that the truth is hard to digest, yeah
Five or six pills in my right hand, yeah
Codeine runneth over on my nightstand
Taking medicine to fix all of the damage
My anxiety, the size of a planet (Yeah, ooh)
Holes in my skull, over time
My heart's over ice (Woah, uh)

I'm in too deep
Can't swim like me
We're drowning, so I will see
My demons ten feet, under me
Inhale, exhale, but I can't breathe
Too busy drinking codeine doin' high speeds
Crash, pour a four, sip it slow, make the time pass
Take a pill for the thrill, have a relapse
Devil in my head tryna run gym laps
I ain't tryna race, he don't even know me like that

All white Gucci suit, I'm feeling righteous
I know that the truth is hard to digest
Five or six pills in my right hand
Codeine runneth over on my nightstand
Taking medicine to fix all of the damage
My anxiety, the size of a planet (Yeah, ooh)
Holes in my skull, over time
My heart's over ice (Woah)

I will see",True,en
17a9634d-f9bc-4be2-8156-b839c2ac7bdd,Can’t Die,Juice WRLD,4e4ebde4-0c56-4dec-844b-6c73adcdd92d,"trap, emo trap",Hip-Hop/Rap,Juice WRLD,Can’t Die,"(Dy Krazy)
Sometimes it feels like I can't die
'Cause I never was alive
Every day it feels like someone new dies
Hope the news is a lie
This is my version of watching you cry
Looking you in your eyes
This is my version of watching you die
Took me by surprise
Yeah
Lost too many this year
Shed too many of them tears
Now a nigga richer
But it's way too many people missing from the picture
At the door, let me in
I'm looking for answers, yeah, yeah
At the door, let me in
I'm looking for answers, yeah, yeah
Now I'm getting richer
But it's too many people missing from the picture
Open up the door
Open up the door (yeah, yeah)
(Yeah, yeah), let me in
Sometimes it feels like I can't die
'Cause I never was alive
Every day it feels like someone new dies
Hope the news is a lie
This is my version of watching you cry
Looking you in your eyes
This is my version of watching you die
Took me by surprise
Whoa, whoa, whoa, whoa
Whoa, whoa, whoa, whoa
Whoa, whoa, whoa, whoa
Whoa, whoa, whoa
Cross my heart, hope to survive
That I'ma be the last rich nigga alive
They tell me that I'm finna OD in no time
I told 'em I'll do it on my time, not your time
Got my heart in a hellhole, it's on fire
But I won't let myself get trapped in here this time, time
Time will stop (time stops)
Time will stop (time, time stops)
Sometimes it feels like I can't die
'Cause I never was alive
Every day it feels like someone new dies
Hope the news is a lie
This is my version of watching you cry
Looking you in your eyes
This is my version of watching you die
Took me by surprise
Yeah
Lost too many this year
Shed too many of them tears
Now a nigga richer
But it's too many people missing from the picture",True,en
7fd8e2f7-ed42-4462-ad60-8c0c82bcca39,Do This My Way,Kid ’n Play,21a230d9-5133-4367-9f50-ae4a3511952a,"rap, pop-rap, party rap",Hip-Hop/Rap,Kid N' Play,Do This My Way,"You've been praying, saying you want more
The sound is hype – and we're sure
That you feel real good when you're
Part of a Kid 'N Play adventure

I think it's time to make the floor burn
What I'm saying is: it's your turn
To do things – you've always wanted to
Here's the jam, we're kid-n-playin' you!

Listen up – to what I'm saying here
Work it out – or you ain't stayin' here
Troopers and troopettes you know this
Listen close, don't blow this chance

To get next to this opposite sex, it means
If you ain't down, use the exit
Just like Brutus, we always knew this
On the stretch y'all, we can do this my way!

This symphony – was composed by me
Now, your rep's in jeopardy
Like the kiss of death to my foes
Emcees are fallin' like dominoes

Oppose me? You must be – a little crazy
Gonna unleash the sound and the fury
Hookup – the mic real quick
It's a habit I just can't kick

And when I'm through getting loud
The crowd will be in ecstasy
Then rush to stage to get next to me
Let me pick the girl that's giving sex to me
It's time – to collect my feet

Play's by my side, riffing, running
Sticking, gunning; the boy's still stunning
Hurb' don't obstruct it, where's the trumpets?
Give me the beat and I'll pump this my way!

Now, I'm here to rhyme, it's time to slay
You've heard the Kid, now it's time for Play
Rockin' the beat that Hurb' programs
It makes no diff' 'cause I'm so damn deft

And I could diss not ever
There's no fuss, it's just me 'deavour
Stating, debating, none of that, in
My domain, I'm the captain

Think you're hot? Like the match them pray
As the DJ starts scratchin'
Kid 'N Play with the rep', notorious
Take a step, why don't you just

Get on the floor, the rhyme ambassadors
So hype, you want to crash a door, and
'Cause Play is at it again
Behave – I'm about to begin and do it my way

It's Kid 'N Play – devising the scheme
Yo Hurby, show 'em what we mean
Confused – by the words we're saying
We're not serious, we're only kid-n-playin'

Two guys, are we shy? (Bull!)
Like the tower, we're an eyeful
They said we couldn't rap (said we were face men)
How 'bout a tape? (Hurb' turn up the bass then)

Play was stamped – a long time ago
I was a tramp before the video
You lose your breath, I'm deft and even though
You try to fight me, ya can't so here we go

The Kid is set and I bet we can do this
I'll look at Play and he'll say, ""we can do this, boy""
Clap your hands, this jam is a can't miss
Feel free to just chant this my way!",True,en
685046d2-3f9e-4968-9607-d6a4b0061ad1,Soul Man,Kid ’n Play,21a230d9-5133-4367-9f50-ae4a3511952a,"rap, pop-rap, party rap",Hip-Hop/Rap,Kid ’n Play,Soul Man,"Kid 'N Play's got the knack, Jack
To show you all where the soul is at
With the beat of the bass drum, it represents the hard
Yo Hurb, drop it, so Wiz can start
To contribute a scratch that match the batch of rhymes
Kid 'N Play's gonna bust one time
Don't wait, it's not too late to get wit' it
Kid 'N Play's got it, now you come get it 'cause
S-O-U-L spells SOUL
To us is just as good as gold
It's a characteristic, the devil flips it
Some say it's mystic—exactly what is it?
My soul rolls with the beat of the drum
And mine hits just as hard as a kick drum
A groove that moves and makes the crowd come alive
The soul of rap will never die

I got soul...'cause I'm a soul man
I got soul... soul, 'cause I'm a soul man
I got soul, 'cause I'm a soul man

Here we stand, form a band with a plan
To expand this hip hop jam
To house, club or dance, no one can
'Cause a scam, we ain't havin' it, man
This is rap, some call it crap but the fact is
They lack the knack to stack or back up anything
Someone or something, somehow I'm hoping
This jam will open your mind
It's time to understand that I'm not an average man
I got soul... I got soul
I got soul... I got soul...'cause I'm a soul man
I got soul... I got soul
I got soul... I got soul, 'cause I'm a soul man
I got soul...
I got soul, come on and take a chance
I got soul, 'cause I'm a soul man
I got soul if I can make you dance
I got soul, 'cause I'm a soul man
I got soul... I got soul
I got soul... I gout soul, 'cause I'm a soul man
'Cause I'm a soul man",True,en
7c33c70a-6f59-412d-baf1-271c860a6e75,Hype,Kid ’n Play,21a230d9-5133-4367-9f50-ae4a3511952a,"rap, pop-rap, party rap",Hip-Hop/Rap,Kid 'N Play,Hype,"(All right)
(Baby)
(All right)

We want you all to listen
Listen close to what I say
This here's something funky
And it's rocked by Kid N' Play

Don't worry about the message
'cause that's really up to you
The hook is kinda catchy
So I know you'll like it too
Just step out on the dance floor
And be sure you bring a friend
We're gonna rock your butts out there
Until the party ends
And if it's too hot
You got to
Take it to the top
You and me could rock
Around the clock
Until we finally drop
I said...

Baby (baby), everything'll be all right (all right)
If you don't get uptight
Baby (baby), everything'll be all right (alright)
Outta sight (outta sight, yeah)
When Kid 'N Play is on the mic, we're 2 Hype

Before we continue
Let's make one thing very clear

This ain't the place to be in
If you came to stand and stare

My partner Play is ready

Yeah I'm ready, so get set

Last night I did it my way

Don't you front, girl, it was def

You called me up this morning
And said ""let's do it again""
Don't bug out on me
Like We committed some great sin
If it feel good
You know it could
Not ever be wrong
You and me could
And we should
Just rock it all night long
She said...

Baby (baby), everything'll be all right (all right)
If you don't get uptight
Baby (baby), everything'll be all right (alright)
Outta sight (outta sight, yeah)
When Kid 'N Play is on the mic, we're 2 Hype

Now what goes on in here is easy
Just like 1, 2, 3
The way you wanna hear it
To a funky drummer beat
Kid, tell me what do you consider
A real erotic love machine?

Well, Play, I'll tell you it has to be a girl
That makes me wanna scream
You know what I mean?

Yeah, I see

Yo, I'm talking boom, pow!
You know what I'm sayin'? A sex machine

If it feels good
You know it could not ever be wrong
You and me could
And we should just rock it all night long
Aw yeah

Baby (baby), everything'll be all right (all right)
If you don't get uptight
Baby (baby), everything'll be all right (alright)
If you don't get uptight
Baby (baby), everything'll be all right (all right)
If you don't get uptight
Baby (baby), everything'll be all right (alright)
Outta sight (outta sight, yeah)
When Kid 'N Play is on the mic, we're too hype
We're too hype... we're 2 Hype... we're too hype... we're too hype
We're too hype... we're too hype... we're 2Hype... we're too hype
We're too hype",True,en
187dcd73-25f2-4b42-8306-6abdd3c25bfe,Brother Man Get Hip,Kid ’n Play,21a230d9-5133-4367-9f50-ae4a3511952a,"rap, pop-rap, party rap",Hip-Hop/Rap,Kid ’n Play,Brother Man Get Hip,"(We want brotherman to get hip)

[ VERSE 1 ]
We dropped and left it on the program
This ain't a slow jam
Frustratin rappers with our dope jam
I mean a record we can all dance to
And at the same time prove our point to you
Forget the clean-cutted (what?)
Kid 'n play don't play, this time we're comin rough & rugged
You're rappin like a Sunday driver, who's comin liver?
Kid and Play, Play and Kid, two survivors
Kid on the mic, add Play to make it greater
It's see you later alligator when Wiz rocks the fader
Listen to the rhyme cause I'm gonna pass the time
He's gonna blast your mind, cause I'm a mastermind
I'm steady slayin, preyin, you'll be stayin, friend
Watch what you're sayin when, it's Kid 'n Play again
Pumpin and jumpin, you know that I'm a go-getter
Stop frontin and stuntin, boy, you know you just better
Remember the face, remember the voice
Remember Kid 'n Play when it comes to the choice
For MC of the year, one down the roster
Open up the envelope, give us the Oscar
Yo, we'll keep it pumpin tough
We'll give you somethin rough
So stop your frontin cause, you know it's us
We're a duo and you don't know just who you're messin with
So stop you're guessin, kids
Here's what the message is

(We want brotherman to get hip)

[ VERSE 2 ]
Now I'm the Kid, oh, did you know it?
I had to show it that I was a cool, keen freestyle poet
I glide and stride with pride, Play's by my side
Just chillin, along for the ride
Now it's the capital K-i-d, this is my ID
My rhyme history on the m-i-c
Will show I know how to flow
On the mic I strike a blow
And throw toe to toe
Brothers wanna own what I write and use my strategy
I bust a rhyme on the mic and they get mad at me
The light-skinned brother takin no shorts
Yo, who is that rappin on contact sport?
I ain't tellin it, records, keep sellin it
Y'all keep yellin to the rhythm that's so compellin
That's right, on the mic what we're sayin is vital
Kid 'n Play, the new matinee idols
You know what time it is, that's our claim to fame
You know who our producer is, don't have to say his name
Let it be known yeah, there'll be a scandal, see
If you're dissed, we're idolmakers family
So get hip to this, we're equipped for this
Built for speeed indeed, so just skip to this
Rhythm is what we give em to keep em steady
Count it off - 1-2-3-4 - are you ready?
See, cause I'm goin for mine
Boy, you know the time, partners in rhyme
Musically attached to a beat that swings
Kid 'n Play are here runnin things
Ain't talkin 'bout another man
So brotherman, get hip to this
And just do the Kid 'n Play kick step to this
We're givin you exactly what you want again
So don't you front again, we'll tell you once again

(We want brotherman to get hip)",True,en
a3b6fd04-da17-44f4-8751-39df4ec8fa3c,Do the Kid ’n Play Kick Step,Kid ’n Play,21a230d9-5133-4367-9f50-ae4a3511952a,"rap, pop-rap, party rap",Hip-Hop/Rap,Kid 'N Play,Do the Kid 'N Play Kick Step,"Yo, yo man, you're off, you're off beat
Yo man, yo, yo, you're off beat

Watch me
I got it
Watch me
I got it

Do the Kid 'n Play kick step to this
Do the Kid 'n Play kick step to this
Do the Kid 'n Play kick step to this
Do the Kid 'n Play kick step to this

One day me and Play was wonderin' what type of
Dope move could keep the crowd hype

Thought about it long and hard 'til it became clear
Yo Kid, I got an idea
Just follow me as Herb drops the beat
Start movin' your feet in a way most unique
Turn and face each other

No need to crawl son
Start kickin' just like the Charleston
Then the move gets real def when you
Kick your feet together and continue
To take a big step
Maybe a quick step
Now you're doin' the Kid 'n Play kick step

Watch me
I got it
Do the Kid 'n Play kick step to this
Watch me
I got it
Do the Kid 'n Play kick step to this

Watch me

Yo, don't hurt each other now
Higher, higher, get your foot higher
Just watch me, I'll teach you how to do it
Yeah, yeah, now you got it

This party's in session, any objections?
I didn't think so
Let's have a check-in
Play (Here)
Herb (Yo)

Wiz (Ready)
Invincibles, let's go
And form the dance floor
Form a posse
I see we're in for
What looks like a mighty
Long night
The beats are hype
Kid 'n Play is gonna hold the crowd
Like a vice tight

So there can be no slippin'
As the vapors thicken, listen or be missin'
This is a dance lesson
To see who's best in a pick-up
So get up

And start testin'
Your moves
On the floor, put into sequence
Just cold rip it
Until the beat ends
Smooth and nice as Soul on Ice
Kiddin' and playin'
Bust the move and start sayin'

Watch me
I got it
Do the Kid 'n Play kick step to this
Watch me
I got it
Do the Kid 'n Play kick step to this
Watch me
Higher, higher, get your foot higher
Just watch me, I'll teach you how to do it
Do the Kid 'n Play kick step to this

Watch me
I got it
Do the Kid 'n Play kick step to this

Watch me

Yo, don't hurt each other
Watch me
I got it
Watch me
Do the Kid 'n Play kick step to this
I got it

Watch me
Do the Kid 'n Play kick step to this
I got it
Do the Kid 'n Play kick step to this
Watch me
Higher, higher, get your foot higher
I got it
Watch me

Yeah, yeah
Just watch me, I'll teach you how to do it

Alright, that's it
Watch me
I got it
Watch me
I got it",True,en
3e16afd7-14c7-4e00-881e-4dda7c990bb3,The Chemical,Krizz Kaliko,eacc6d9c-199e-45fb-960b-e21fa503f82b,"rap, underground rap, midwest rap",Hip-Hop/Rap,Krizz Kaliko,The Chemical,"I'm only happy when I'm drinking
Cause sometimes life is just too hard
The chemical kills what I'm thinking.
I end up right back where I start, oh
This is not my for-real life (life)

It's the chemical, it's the chemical
The chemical, it won't let me go (I like it)
The chemical (I love it), it won't let me go (I hate it)
Let me go, we're almost there
No we're not

Can only fly, if I'm high
The chemical it gets me by
If I don't scream that means I'm fine
I can't leave the chemical behind
Take me!

It's the chemical, it's the chemical
The chemical, it won't let me go (I like it)
The chemical (I love it), it won't let me go (I hate it)
Let me go, we're almost there
No we're not.

You? Who me?
Must be crazy
Should not take this for my safety
Chemical kills, what little pills?
I can't seem to keep myself still

It's the chemical, it's the chemical
The chemical, it won't let me go (I like it)
The chemical (I love it), it won't let me go (I hate it)
Let me go, we're almost there
No we're not",True,en
0011d508-1810-4b2e-bd5c-654b46a109e6,Genius,Krizz Kaliko,eacc6d9c-199e-45fb-960b-e21fa503f82b,"rap, underground rap, midwest rap",Hip-Hop/Rap,Krizz Kaliko,Genius,"One nine seventy-four was the year mommy and daddy had created a monster
The funny looking kid from the suburbs
And refurbished genius cause nobody wants ta
Cook up a musical recipe left it to me
So I'ma have to give it what I got left of me
'Cause if I left it up to (ya-'all)
Most of ya'll would probably drop the (ba-all)
I be raping these records lately, and ya'll ain't trying
You say celibate, but I ain't buying
No we can't baby baby
That crazy world maybe maybe
And don't be caring they hate me
And if you staring it maybe-be-be
Blinding, cause I'm a supernova, I'm shining
The tippy-top is where I'm residing
So if I gotta Rescue Ranger it, picture painter it
Whoops! I left my stain in it (I AM!)

Genius! Oh oh oh oh oh oh oh oh oh
Genius! Oh oh oh oh oh oh oh oh oh (I am!)
Genius! Oh oh oh oh oh oh oh oh oh
(Don't you know my nigga)
Genius! Oh oh oh oh oh oh oh oh oh
(Don't you know my nigga)

Take this session, as a blessing
His confession, keep 'em guessing
He's the best in, his profession
He's professin', learn the lesson

IF e equals mc (squared)
I'm an MC (squared)
No comparison (stare)
I'ma therapist
Dare you to listen
Now pay attention
How can I mention, your music paralysis
Beckon 'em, (Come here!)
Lyrically I'm checkin' 'em
Tellin' 'em (Get over here!)
Way too far too left on 'em
The best since my conception
Put ya antennas in my direction!
Give me an inch and a lead and it's over
I've been a sidekick, now i'm taking over
Never believed that a team, me could lead 'em
Now they salute when they see 'em (I AM!)

Genius! Oh oh oh oh oh oh oh oh oh
Genius! Oh oh oh oh oh oh oh oh oh (I am!)
Genius! Oh oh oh oh oh oh oh oh oh
(Don't you know my nigga)
Genius! Oh oh oh oh oh oh oh oh oh
(Don't you know my nigga)

I've been different all my life for a reason
Waiting to attack in my season
And I'ma be here, never leavin'
This is the reason I'm breathing

Take this session, as a blessing
His confession, keep 'em guessing
He's the best in, his profession
He's professin', learn the lesson

Genius! Oh oh oh oh oh oh oh oh oh
Genius! Oh oh oh oh oh oh oh oh oh (I am!)
Genius! Oh oh oh oh oh oh oh oh oh
(Don't you know my nigga)
Genius! Oh oh oh oh oh oh oh oh oh
(Don't you know my nigga)",True,en
3d302ebd-4b82-4031-977b-4dcfe090de80,Intro,Krizz Kaliko,eacc6d9c-199e-45fb-960b-e21fa503f82b,"rap, underground rap, midwest rap",Hip-Hop/Rap,Krizz Kaliko,Intro,"[Scenario]
Ladies and gentlemen
Are you ready for the most electrifying man in music?
The genius himself:
Big Krizz Kaliko",True,en
8f615acc-0d39-430c-9e1d-478eacce478e,Dead Wrong,Krizz Kaliko,eacc6d9c-199e-45fb-960b-e21fa503f82b,"rap, underground rap, midwest rap",Hip-Hop/Rap,Krizz Kaliko,Dead Wrong,"Ive been in the game for like 10 of the damnest
The plan is, to get paid, bread, money like im Ahkmed
Get on top of the pile and itll change the game, but the game aint payin the same
The money and the fame itll short stop you, Itll even robot you
Cant even afford pop, the underground been good to us,
The whole world needa shoulda, woulda, could know us
And with techs respect, his fan base let me cash the check
And Kali baby on deck, if you on next, I suggest you protect your investment
Get it right from the nearest exit, We graduated and glad we made it
And hopin we can elevate your mind, and next time you rewind
Listen to genius and play the whole song, say Kali Baby dead wrong

(Chorus?)
Dead wrong, if I take (?)
If I killed him, would you still love me (Dead Wrong)
Dead wrong, if I took (?)
If you killed me, then would you tell me
Imma hog both legs, take the showd out (?)(X3)

From juggalos to juggalets, from my new news to my vets
To my niggas in the projects, While they make it rain on em
I gain from em, they tat a nigga name on em
Yall know krizz, heard him on a couple of features
You seen him in every city, a couple of beaches,
I Hit a couple of beaches, when I was overseas, I think aborigines
Make our music to fly, If you could do it like I,
You see your people divide, can easily have your pick of the litter
Throw you headline and we bigger, welcome to the mid-western kings
Checks and things, blow money on our pinky rings
And we pushin Mercedes, play hot potato with ladies
Greatest, Kallid Baby

(Chorus?)
Dead wrong, if I take (?)
If I killed him, would you still love me (Dead Wrong)
Dead wrong, if I took (?)
If you killed me, then would you tell me
Imma hog both legs, take the showd out (?)(X3)",True,en
18056123-8457-4ea0-8e2e-eee530385fec,Back Pack,Krizz Kaliko,eacc6d9c-199e-45fb-960b-e21fa503f82b,"rap, underground rap, midwest rap",Hip-Hop/Rap,Krizz Kaliko,Back Pack,"Hey! Kali Baby
(Chorus X2)
She got her backpack, and her lunch pale too
Cheatin when im sitting next to you/Milk would do her body good too, baby
She got her backpack, and I got a ruler for her too
Now im bout to take her back to school

I can tell she got that thing by the way that she walking (walking)
Love that dang a lang by the way that she talking (talking)
Baby got dem goodies, think she wanna do me,
Shes a floozy oozy wanna give it to me

She got her jack in the box plus shes a fox, might jump right off
If I get the toss, not gonna talk, lights come right off
She know im khali baby, mabe its unfair
I dont care, I just wanna lay in her hair
Give me your number, well rondevue at the after set
Im the one to stunt ya, one to if happen as of yet
Her bubble, gets me in trouble, you can call it too excel, ima call it double
Her back pack, she packed ejects em, she got me erect some
Now I just expect some, your bodies inviting me to a fight
That well both like, well end the night in the right light if I spoke right
BABY!

(Chorus X2)
She got her backpack, and her lunch pale too
Cheatin when Im sittin next to you, baby
She got her backpack, and I got a ruler for her too
Now im bout to take her back to school

Her back pack full of school supplies
WHOO! Her thighs make me scoop her,
Back in round like a tuba
Got a trunk on her, front keeps me wantin her
Mad at her for that, matta fact I need to have that in the back
Tap it in the sack, dont know how to act when im round ya
She gave me that look, like im about to clown ya
I hound ya for a piece of that, hows about a squeeze on that
Im easy, like Sunday morning ill give up my cheese for that
Thick miss, Krizz is the pick for your wish list
Get bent, youll get to picture the bidness
She make em all geek when they view that
I told you, she got a back pack, but you already knew that

(Chorus X2)
She got her backpack, and her lunch pale too
Cheatin when Im sittin next to you, baby
She got her backpack, and I got a ruler for her too
Now im bout to take her back to school

Baby just shake ya, your money maka
Looked her up and down and said, mmm ill take ya
Break out my wallet, pay for the watcha ma call it
Knew she had a backpack from the front, fo I saw it
Shes a stallion, got the boys hollerin, ballers all of us
Hope her and all the girls come on and follow us
Them 816 Boyz, brand new rat pack
Lookin for them girls (HEY) packin them backpacks

(Chorus X2)
She got her backpack, and her lunch pale too
Cheatin when Im sittin next to you, baby
She got her backpack, and I got a ruler for her too
Now im bout to take her back to school",True,en
e3b58be7-a744-488f-a4ba-17f3cb025d19,Motherfuckin’ Star,Lloyd Banks,8a6ccf62-b8fa-46d7-87df-f2dd14e6280d,gangsta rap,Hip-Hop/Rap,Lloyd Banks,Motherfuckin Star,"broke ass motherf**ker
now mutherf**ker take a look at the kid
now take a look at the crib
no take a look at the car I'm a mutherf**king star
it's kinda hard for me to practice cause niggas aint up to par
and my paper stretch longer than abdul-jabar
get hit with a leaner and the grib of a lobster
with a pooched screen I gun a man with a chopper
you played me you musta had a frying pan full of vodka
I rode a bike now I land in a chopper
you should keep your head down if you got love for him
before you see his ass flying off the roof like nutso in above the rim
the kid is out for the gusto and I love to win
driving the industry nutso I'ma rub it in
you page me a trial every kid is spoiled
smell that nigga I just shit it on you
I pass bullets so the gun goes with me
and the bullets are the size of Mutumbo's pinky
and they automatic which means they unload quickly
I hit these niggas with a drum role 50 they make another song
get a bitch pregnant, wrong I don't trust myself walk into the hotel with the rubber on
then I'm gone
Designers think Im funny style coz I ain't selling nobody else shit
I wear my own
the industry for me some mutherf**king rap homie gimme a cheque
a couple mil. and a jet
see heavy smoking is a thing I do
that's why me weed supply could fill up the pouch on a kangaroo
we in the club with the daggers and razors too
I'm cool as ice water my earings are laser blue
you should cop a new vest
cause if I got a tatoo for every nigga that past there wouldn't be room left
and I'll be damned if I spend my afternoon stressed
when my sex partner is 5'9 with baloon breasts
ghost writing is a hobbie kid
so if a nigga shit sound like I wrote it I probably did
and you can tell you flopped on your last tour
cause your dressing room is the size of my bathroom
if I'm at the dealer I ain't browsing I'm buying
these rappers can't spend a 100, 000$ they lying
damn near sold 100, 000 you crying
tell you what here's a tech
shoot yourself in the neck...",True,en
de553ee2-b0c9-43be-a680-404b25aa139d,What Goes Around,Lloyd Banks,8a6ccf62-b8fa-46d7-87df-f2dd14e6280d,gangsta rap,Hip-Hop/Rap,Lloyd Banks,What Goes Around,"G-Unit haha

I dont know where you from but out here we ride
So if you scared of conflict don't come outside
Get your hands on a gun
Cause ain't no one gonna repspect you as a man if you run, dial 9-1-1
I'm hear talkin' to the street now
That's only gonna lead to bulletwounds and beatdown's, retreat clown
You still strugglin down to your last rock
G-Unit is gorillas and Blackchild's the mascot
You thought you wouldn't hear my voice
I'm in the hood cause I'm hood
You in the hood cause you ain't got no choice
Your top seller gettin' sticked for his shine
Either I'm blind, or Ashanti's sideburns is thicker than mine
I'm youngest in charge with my dick in a dime
Grippin' the nine, sippin' that lime
Becardi in a party, you sorry
I'm blowin' wet green right out the safari
That'll put you in a left lean higher than a marley
And as far as Charlie, a studio hour is a waste
She look like she took a bag of flour in the face
You want street credibility instead of I'ma sting you
C'mon Ja you put a fuckin crackhead on your single

What goes up must come down, what goes around comes back around
I suggest you run when you see the pound
Or get laid the fuck out on the ground
What goes up must come down, what goes around comes back around
I suggest you run when you see the pound
Or get laid the fuck out on the ground

My cousin bringin' back them blueberry bags, I've been waiting all day
On them Shelltops that got Jam Master Jay, on 'em
I got a jeanius and kneehighs that swallows me whole
Tongue's longer than the ones on your Fila's
She's buys anything I desire, prolly cause I'm on fire
The 2003 McGwire, until I retire
My neighborhood breed ballers that slam dunk
Cross overed to crack now they can't even jump
I leave with any panties I want, the industries new face
I'm in a bitch mouth every morning like toothpaste
Place your bet, Envy pull out a few crates
I got enough 16's to battle 2 states
I'm in a spaceship, neck full of grey shit
Bigetes in the braclet, expect nothing basic
Respect and embrace it, your sketch in the basement
I'll have them try to find where the rest of your face is

What goes up must come down, what goes around comes back around
I suggest you run when you see the pound
Or get laid the fuck out on the ground
What goes up must come down, what goes around comes back around
I suggest you run when you see the pound
Or get laid the fuck out on the ground

The hoes know I'm lazy as hell, that's why I get the bitch to twist
Dogg, I stay around trees like Christmas gifts
Yea, you laughing and dancing 'til they stick you
And have you holdin' your chest like I'm singing the National Anthem
Have your worried bout the reprecussions after the tantrum
I'll be alone in a mansion, and it's snowing in the Hamptons
Regardless of what these fools say, I'ma be around longer than 'Cool J
Armed with a new K
So dumb in a new way, If I don't fuck Monday, I'm gone hit it Tuesday
My charm get it usually
You put a lot of years into rap, these lil' starvin' chumps
Start your career from the back of a milk carton
Your gased up from whatever he must of told ya
But everything in Army fatigues ain't a soldier
In my upbring we wore the same socks
And buckets in the living room to catch the rain drops

What goes up must come down, what goes around comes back around
I suggest you run when you see the pound
Or get laid the fuck out on the ground
What goes up must come down, what goes around comes back around
I suggest you run when you see the pound
Or get laid the fuck out on the ground

Dial 9-1-1, Yeah!, young Lloyd Banks,
GGgg, GGgg, GGgg, G-Unittttt, haha
I dare you to say something, haha,
I dare you to say something back nigga...",True,en
fe9c64ac-0967-4db3-9025-ecb697799c81,Playboy,Lloyd Banks,8a6ccf62-b8fa-46d7-87df-f2dd14e6280d,"rap, gangsta rap, hardcore rap",Hip-Hop/Rap,Lloyd Banks,Playboy,"Aw man, can I get a raw beat?
Y'all ready, y'all ready
For the main man
The Lloyd Banks

Guess who's the man this winter, straight out the land of sinners
The Range is tan with spinners, check out the white mirrors
Blow with the damn winners, while you and your man's finished
Two in your Rams fitteds, turn off your light switch

Holdin' my torch down, even when the force 'round
You let your wife roam, she want a divorce now
You niggaz ain't this gully, play it I paint your skully
You never take this from me the riders and all the gangsters love me

You shouldn't be a problem, I ain't be a problem
See you later I read your head, you be a Robin
I know your type, hoppin' all over beat screamin'
You call it hypin' yourself up, I call it street dreamin'

I do it for all the haters, the players roll with the 'gators
They lookin' forward to favors, gossip is all they gave us
You niggaz wasn't quiet, meet the whales and the fishes
You leak the precinct up, play Tattletale with the snitches

Even my momma knows, I got all kind of hoes
They wait outside of shows, strict after the diner close
I'll get designer clothes, without the wine or rose
Take off my baby blue mink, and Carolina Vogues

Come here, take a look inside a entertainer's closet
I never trust a bitch, I blame Lorena Bobbitt
Niggaz stay in pocket, I know you're mad at me
But shit ain't all peaches and cream, and I ain't Sara Lee
Bitch

Don't ice me, you starin' at the wrong one
It's a lot of girls here, go and get a grown one
We at the bar poppin' bottles 'til they all gone
If you ain't leavin' here with us, you can walk home
'Cause someone else will, they know how we ride
If you a playboy, you got one on East side
Keep your mouth closed, we don't let the beef ride

(What)
Ride
(What)
Ride
(What)
Ride
(Right, damn)
(Let's go)

I do this for the hood, niggaz stuck in the slammer
I smile 'cause I'm good, you act tough for the camera
Run from the lil' kids, they fuckin' with Santa
'Cause they like 2Pac more, word? Word to my grandma

I figure I might as well leave here with my glock drawn
'Cause they'll take ya to jail, even when you're not wrong
Dawg, you're not this flashy, jux you got to blast me
Every rock is classy, nobody on your block can match me

You shouldn't wanna fight, unless you wanna fight
For your life in the hospital a hundred nights
I know your type, run behind your girlfriend rushin'
You call it quality time, I call it handcuffin'

I'm on a beach in Miami, so you ain't reachin' my family
All weekend with panties from Puerto Rican Cammie
You niggaz wasn't tough, I shoulda snapped two flicks
You wore your pants tight, played Pitty-Pat with the chicks

Even my father knows, where the revolver goes
I bring the beef to your front door like Dominoes
And my diamonds froze, that mean my time is froze
Me in the club from when it's poppin' 'til the time it close

Half of these so-called real niggaz'll probably sing
Nah, I ain't pullin' over, learned that from Rodney King
So tell your homey chill, you know I hold the steel
Everything be jabs and hooks, and you ain't Holyfield
Nigga

Don't ice me, you starin' at the wrong one
It's a lot of girls here, go and get a grown one
We at the bar poppin' bottles 'til they all gone
If you ain't leavin' here with us, you can walk home
'Cause someone else will, they know how we ride
If you a playboy, you got one on East side
Keep your mouth closed, we don't let the beef ride

Everybody on the left get yo' hands up
(Get yo' hands up)
Everybody on the right get yo' hands up
(Get yo' hands up)
Everybody up front get yo' hands up
(Get yo' hands up)
And everybody out back get yo' hands up
(What)

And if you in here with a strap get yo' hands up
(What)
Now put 'em up
(Put 'em up!)
Now put 'em up
(Put 'em up!)
Now put 'em up
(Put 'em up!)
Now put 'em up
(Put 'em up!)
Now put 'em up
(Put 'em up!)
Now put 'em up
(Put 'em up!)

What, man fuck what he said man, put 'em up
Now put 'em up
(Put 'em up!)
Now put 'em up
(Put 'em up!)
Now put 'em up
(Put 'em up!)
Now put 'em up
(Put 'em up!)
Now put 'em up
(Put 'em up!)
Now put 'em up
(Put 'em up!)

Ooh
Lloyd Banks, what?
Ooh!",True,en
f83a2cc2-f4ac-41c9-b227-dafed607521d,Die One Day,Lloyd Banks,8a6ccf62-b8fa-46d7-87df-f2dd14e6280d,"rap, gangsta rap, hardcore rap",Hip-Hop/Rap,Lloyd Banks,Die One Day,"I keep my hip on pound
'Cause shit gets hectic in my town
Drag my family with me cause that's how real niggas get down (Gea)
If it wasn't for 50 I probably wouldn't be around (Gea)
Caught up in the temptation sitting in jail or in the ground (Gea)
If for that if you snap a finger and I'll lay a nigga down (Whoo)
It's fucked up when you're only facial expression is a frown (Uh huh)
A hood rat will put a future in a fool's pants
'Til she find out you can't buy furniture with food stamps (Uh huh)

A year ago I made a decision before I shut my eyelids
Pray to god i don't get shot tomorrow cause I don't like surprises
When you hot as an oven they ain't brace you with open arms
When you cold as a freezer niggas treat you like they don't need ya
Some people call it? If it is me I call it amnesia
Live my life principal driven never bite to have that feed ya (Uh)
Never mind all the haters fuck 'em all let them die slow
All I need is my niggas, money, liquor and hydro (I know)

Everybody gon' die one day
Whether it's natural cause it's a gunplay
But fuckin' with me you sliding down a one way
I keep it gangsta from Monday to Sunday
Everybody gon' die one day
Whether it's natural cause it's a gunplay
But fuckin' with me you sliding down a one way
I keep it gangsta from Monday to Sunday

Don't blame me
Blame my mom and pop for breeding this (Uh huh)
The game needed this
Lloyd Banks a.k.a Mr. I don't feed a bitch
Don't need a bitch
I stay there when I need a bitch
You want a trick you need to switch
'Cause I don't think you could beat this bitch (Whoa)

This is all I gotta have to blow
So whether it's fast or slow
Platinum flow making it easy to kidnap a hoe (Uh huh)
Pop the back
Pass the dro
Roll about a half an O
Legit citizenship my pimp is international (Yee)
You gotta agree
These motherfuckas will probably find
Bin Laden before they find a nigga hotter than me

We on top as far as I can see
And since the hood watching me
My regular trip to the mall is a shopping spree (Damn)
I'm the number one draft pick none of ya'll are topping me (Uh huh)
I move around with the plastic you ain't dropping me (Uh huh)
They show me love on my city
They fuckin with me and I'm fuckin with them
Nigga G-Unit till the end (Gea)

Everybody gon' die one day
Whether it's natural cause it's a gunplay
But fuckin with me you sliding down a one way
I keep it gangsta from Monday to Sunday
Everybody gon' die one day
Whether it's natural cause it's a gunplay
But fuckin with me you sliding down a one way
I keep it gangsta from Monday to Sunday

Ya six inches from a coffin (Coffin)
So I suggest you stop talkin' (Talkin')
And make me result to violence (Violence)
And you'll no longer be walkin' (Walkin')
Ya six inches from a coffin (Coffin)
So I suggest you stop talkin' (talkin')
And make me result to violence (Violence) Nigga (Nigga)

Yeee

You gotta love it!",True,en
09a3b472-7d4c-4496-b6a6-1c8be8f70caa,South Side Story,Lloyd Banks,8a6ccf62-b8fa-46d7-87df-f2dd14e6280d,gangsta rap,Hip-Hop/Rap,Lloyd Banks,South Side Story,"Yea, yea, yea, I done learn from mistakes
Like who's my men and who's not
Like who's gon' run but who's not
Like who's gonna shoot if you shot?
Who gone hold they own, who's not
Who's gone choose spots?

In the streets of New York you can't trust nobody
Niggas will run up on you wit a 12 gauge shoty
Loyalty comes free, smokin' weed is my hobby
You wanna rob me you gotta leave here wit a body

In the streets of New York you can't trust nobody
Niggas will run up on you wit a 12 gauge shoty
Loyalty comes free, smokin' weed is my hobby
You wanna rob me, you gotta leave here wit a body

When I was 10 years old I seen a nigga take 3 in the head
Probably around the same time he used to pee in the bed
I stayed a wake 'cuz my nightmares of seein' him dead
The smell of burnt tire peelin' after leavin' him lead

The killer fled wit a fuckin' laugh
My heart pumpin' on blast, I just stared at him slumped in the grass
Arms movin', fingers shakin', spittin' up blood
DNA mixed in the mud, another ditch to be dug

There I stood stiffer than wood
See homie use to buy me candy
Now, he's gone whose provide his family?
My ear ringin' should have been runnin'

I never thought I could be that sick
Damn, I was suppose to see that shit
That's when I thought it was more than 3 shots
He could have been aimin' for me

Maybe he circled around the block
I turn around to my pops
He like what happen? This nigga rolled up and started clappin'
I can still hear 'em laughin'

In the streets of New York you can't trust nobody
Niggas will run up on you wit a 12 gauge shoty
Loyalty comes free, smokin' weed is my hobby
You wanna rob me, you gotta leave here wit a body

In the streets of New York you can't trust nobody
Niggas will run up on you wit a 12 gauge shoty
Loyalty comes free, smokin' weed is my hobby
You wanna rob me, you gotta leave here wit a body

It was a regular day in Southside
Sprink-aklers kids runnin' all of a sudden
Heads turnin', somebody did somethin'
This nigga name I forgot, fuck it he lived around the block

Regular gettin' money nigga but love to clown a lot
Walked across the park stuntin' frontin'
Diamond in his hear diamond watch on
Eatin' a bag of popcorn

Walked up behind this shorty grabbin' her waist
She pushed him away, so he threw the bag in her face
She felt disrespected, shorty couldn't except it
Called him a pussy, told him she be back in a second

He didn't pay her no mind called her bitch about 4 times
Stayed in the park wit no niggas wit him and no nine
Then in no time older nigga from behind swung a baseball bat
Left his face all cracked told him take all that
Hit him again popped his chain wit a frown
And left the clown wit a stain on the ground

In the streets of New York you can't trust nobody
Niggas will run up on you wit a 12 gauge shoty
Loyalty comes free, smokin' weed is my hobby
You wanna rob me, you gotta leave here wit a body

In the streets of New York you can't trust nobody
Niggas will run up on you wit a 12 gauge shoty
Loyalty comes free, smokin' weed is my hobby
You wanna rob me, you gotta leave here wit a body

And all my days go by blowin' that sticky icky
California made me picky, chicken heads tryin' to stick me wit a hicky
If we go up quickly stick me, somewhere tipsy the location don't matter
I'm Southsidin' 'til they hit me

I'd be dead if looks can kill, I'm from the ghetto, boys
But I don't know Scarface or Bushwick Bill
My heart spills for the kids that ain't got nothin'
They gotta steal and for my cousin I lost
Slumpt over the steerin' wheel

In the streets of New York you can't trust nobody
Niggas will run up on you wit a 12 gauge shoty
Loyalty comes free, smokin' weed is my hobby
You wanna rob me, you gotta leave here wit a body

In the streets of New York you can't trust nobody
Niggas will run up on you wit a 12 gauge shoty
Loyalty comes free, smokin' weed is my hobby
You wanna rob me, you gotta leave here wit a body",True,en
48774173-f6fc-41d2-848e-edde78ab7137,Nothin' 2 Lose,M.O.P.,dbe35fab-1b3a-469b-87f0-6a54ef8de3c4,gangsta rap,Hip-Hop/Rap,M.O.P.,Nothin 2 Lose,"HOOK:
Every day is test so all we do is smoke weed and crack brews
Kid I aint got Nothing 2 Lose
There comes a time in your life that get trife
And you're forced to pay dues
Kid I aint got Nothing 2 Lose
Every day is a test so all we do is smoke weed and crack brews
Kid I aint got Nothing 2 Lose
I seen it all and can't afford to fall so for all wack crews
Kid I aint got Nothing 2 Lose

[Lil Fame]
What I got to lose when my pops is gone
So many of my peeps died that my heart been torn
Too much pressure, stress ya, that's why I'm a young ass man
Grippin the trigga and not afraid to let my gun blast
My bitch rather die than snake, that is some snake shit to shoot 'em
Real niggas that know they must salute 'em
I try to hold my head, and keep on losing my grip
But things aint legit, my moms passed that shit
Here I am, 20 years old tryin to make it in a material world
Controlled by cash and gold
Criminals schemin if they aint servin ya, they herbin ya
But I keep heat, cuz the streets told me to murder ya
I got some shit in the stash for your ass
That'll make a mathematician need a computer for the aftermath
Since you wake it's too scary G, but it don't worry me
Always wonderin if some fool out plottin to bury me

HOOK

[Billy Danze]
Kid I aint got Nothing 2 Lose, you know the Hill Street Blues
Make my people wanna flip, and fade they clips to eat
See we wit nothing to prove have Nothing 2 Lose
Never let a chump step on your black leather shoes
I see my guns'll rip, slain in the massacre
I'll see his brains, [that's a shame] so I'm askin ya
Should I feel how I feel, [yeah] should I be ready to peel [yeah]
Shoud I be grippin steel, [yeah] is it kill or be killed
To the Death nigga, point blank range
Trained to aim, got my top slugs at your brain
Life don't really mean nothing
How could you think about the next day the way these niggas be bustin
You crazy, goin out, and I'll blaze the trupor
Firing Squad, raise more caine than Cuba [yeah]
Now let them hollow point slugs make you jump in the field
Where it's real, we still walk up and dump, nigga

HOOK

[Lil Fame]
So my man, if you can understand the shit that we sent you
It's from the government set ups and shit that we been through
It's ghetto education, simple and plain
Some facts that keep me aware and ahead of the game

[Billy Danze]
If the ghetto mentality keep you wildin G, then I aint mad at ya
Still hittin for my people in Clinton and Attica
The code of the street is to get deep
And to let 'em know you lettin go your heat, Salute

HOOK",True,en
81939743-c971-4846-9e5f-cbdf021b224c,Brownsville,M.O.P.,dbe35fab-1b3a-469b-87f0-6a54ef8de3c4,gangsta rap,Hip-Hop/Rap,M.O.P.,Brownsville,"Brownsville's the place where crews seem the livest
Cops get knocked down body counts' only rising
Them streets look - full to ya!
Villains look - poor to ya!
Them niggas'll - slaughter ya!
For your goose nautica
You got jewels? stash 'em son
Cause there's a thousand niggas broke
And we all got guns!
And you know what that means
Niggas be open like they smoking caffeine
Looking to do a quick stick, move, and swift
With your ___ on your hip
Ready to flip
Whenever you empty your clip, dip
And get the fuck up out of dodge
That's if you know what's up kid
Niggas is getting mandela time
Plus the crackers is corrupted
But then you got them clockers down at 73rd
That was drug associated since the 70's, word
It's kinda skeptic
Living these crazy ways unprotected
Every day is a jam
So expect the unexpected
Crime time!
1-718 brownsville, brooklyn
The housing property be getting tooken
So we're intended
Be under pressure getting blackmailed
Villains using their dealings
Making killings off of crack sales
The theme song of murder
Nobody's kidding,
These fools are forbidden
Automatics just be spittin'
And devastating, and profound
You get lumped up soon as you jump up
Or get gunned down in brownsville

Young bucks got guns
(Now that's a damn shame)
Everybody claim they represent and do they thing
_____ toting in cases hard to believe
The firing squad'll throw your whole borough under siege
Beyond twin chrome and farmers
Nigga it's billy danze
And when I'm double clutching my hands
Them fuckers won't jam
So my man, if your seeking an advance to your grave
It's the land of the drama lord
And the home of the fucking brave
It's hard to trust us cause it's mad ruckus
We toe tax with mufflers for small time hustlers
It's blue steel concealed under my sweater
To calm down whoever
Duke, I move clever
I must keep it stepping, hops
When shit be getting' hot
I step and bop
While I stroll with my weapon cocked
The hill that's real, we kill at will
Clack clack! clack clack!
Clack clack! clack clack!
Mad guns in your grill
In the 'ville

Brownsville! (yeah)
Killings here only bring retaliation
No crying
See dying's an everyday thing
Swing 25 niggas down by my battlegrounds
I'll move in with 8 thugs that love busting rounds
You know the deal
In my streets your heater be ready to blaze
Keep cash in your stash
In case you gotta be swayze
For twisting a nigga cap back
That's that work of m.o.p.
Who we be? firing squad of 11233
Clack clack!
Whole clips in your back
That's thug style
Turning a small section of brooklyn
Into the ok corral
Now, news flash
Razorfied lead
One grazed ted
Two paralyzed
Three dead
Gunmen fled the scenery
With heavy automatic machinery
Niggas ain't got nothing to lose
And yo it seems to be
Ill nigga
Kill or be killed
In the 'ville nigga
All up and down mother gaston
They blasting steel
Blow your stacks and chips
In ac's with rims
We be living good
With a mac and black tims
Keep this in mind
And they might not find you in the river
With the next guy
That fly shit that brownsville deliver, nigga",True,en
6ca717a1-3151-4060-acef-9b76b0381649,Salute,M.O.P.,dbe35fab-1b3a-469b-87f0-6a54ef8de3c4,gangsta rap,Hip-Hop/Rap,M.O.P.,Salute,"Uhh, uhh...
Uhh, uhh...
M.o.p. in the house kid
Blau! you knowhatimsayin, check this out
Lil fame's a trigga nigga
Billy danze a trigga nigga
Aight? keepin it real
Brownsville still nigga

[Lil fame]
Lil fame, a young ass nigga wit talent
Thug that move silent, but still remain violent
The brownsville slugger take the m-1 it's truth
General of this hit game, clak, clak, salute

[Billy danze]
Billy danze, index finger exerciser
Bell ringer, gun slinger, survivor
Raise your right and I'll blaze the living proof
The godfather to truth, clak, clak, salute

[Lil fame]
Since we came here we got to show and prove
The m.o.p. is rugged never smooth
We tearin this shit down just like construction
Flip like kilos, with this primo production

[Billy danze]
No doubt, hit 'em wit that hilltop flavor
Hardcore niggas on your doorstep neighbor
And this year, here, niggas can't compare
Spectators, haters, cuz we're fuckin with premier

[Lil fame]
Fillin 'em up wit raps in fact they can't get wit
A code red, the dope shit, got you niggas addicted
Mr. danzenie and the fame stayin true to this game
Since you nice was that hip hop gangsta
M.o.p. guranteed to keep bringin this dopeness
For the real thugs and ghetto niggas slingin toasters
On all coastses, north to south, east to west
Got high clientele for shit you least expect

[Billy danze]
M.o.p. from the hill kid, what you tryin to tell me
Still grippin mo' steel, a machine gun deli
I mention, and flinching, and waitin for you to duck the gate
And sellin shit that I won't tolerate
Wsup?! my whole team's in the house
The gat is 1 5 4 5 not four 5's in your fucking mouth
Same ones, burner on blaze
Fuck a memory, y'all remember me for bustin my thang...",True,en
696c45fb-d551-4eac-8038-1d6049aa03d3,Lifestyles of a Ghetto Child,M.O.P.,dbe35fab-1b3a-469b-87f0-6a54ef8de3c4,gangsta rap,Hip-Hop/Rap,M.O.P.,Lifestyles of a Ghetto Child,"[Scratches by jaz]
Lifesyles of a ghetto child
Life-, li-, life-, lifestyles, lifestyles of a ghetto,
Lifestyles of a ghetto child
Life-, li-, life-, lifestyles, lifestyles, of a ghetto,
Lifestyles of a ghetto child
Life-, li-, life-, lifestyles, lifestyles of a ghetto,
Lifestyles of a ghetto child

[Billy danze]
Watch your back
[Lil fame]
Yo kid it's on
[Bd] it's time on time
[Lf] take ten of theirs
[Bd] cuz they took one of mine
[Lf] them niggas sound sweet
[Bd] ain't nothing
[Lf] I think they packin heat
[Bd] ain't nothing, we cuttin
[Lf] clak, clak
[Bd] nigga get up, pick your motherfucking head up
Somebody gon get whet up, does this look like a set up?
See that bitch over there? [yeah] she tryin to get attention
[Lf] watch them niggas to your left
[Bd] oh see you mention
[Lf] and they flinchin
Get down, hit the ground, goddamnn, my gun jammed
Why the hill street blues make me refuse to leave my man
[Bd] nigga leave, when I jump up and squeeze, nigga breeze
Down the stairs, get pacino and bees and more toast
They gettin close, blau! nigga larry, clak, clak!
These niggas, blau, blau, blau, blau, blau! should be buried
[Lf] the situation's a tough decision
I'm going to get some more ammunition so we can continue this mission

[Scratches]

[Lf] bring it to 'em kid
[Teflon] catch them niggas before they slide
[Lf] true dat, you get the front, I creep from the side
Take 'em down, soon as you hit the dough, let your shit go
I figured that them young punks was scheming from the get go
Blau! kill that noise, yeah
[Tef] watch your back
[Lf] blau! blau! blau! nigga get back, bill where you at
[Bd] over here kid
[Tef] I spot him
[Lf] c'mon!
[Bd] but I'm comin your way kid
[Lf] I got him, watch yourself, blau! blau!
[Bd] blowin them herbs
[Lf] what now, let them slugs calm your nerves
Let's motivate
[Bd] wait, pacino still chasin
[Lf] we bringin this home, leave him alone kid he lacin 'em
That's how it is when it's time to roll
M.o.p.! home never fold
[Bd] you try to set us up, dumpin you a sin, i'ma
[Lf] chill nigga you know we gon see them chumps again

[Scratches]

[Lf] five - o, go
[Bd] yo stash the hammer
[Lf] where yours
[Bd] I just left my shit right there under the bammer
[Lf] make moves kid
[Bd] it ain't no time for debatin, why go straight when
You know the man gon be waitin, dip in the building
[Lf] what if the door's locked
[Bd] damn, we can't stop the cops is surrounding the block, and
Them chumps are comin fast, nigga dip in the building
Hit the hazard and bear last
[Lf] nigga they right behind us, I ain't tryin to get caught by the law
[Bd] oh shit they comin in the building
[Lf] open up the door, hurry up, I ain't sittin in no pen nigga
Five - o comin it's us, let us in nigga
Lock the door, cut them lights off
[Bd] stash the crack, crack the safe, and see where them chumps is at
[Lf] they all over the place and we facin hard times at trial

Lifestyles of a ghetto child",True,en
73468b7a-da0e-479a-9a8f-18b6a399646f,Revolution,M.O.P.,dbe35fab-1b3a-469b-87f0-6a54ef8de3c4,gangsta rap,Hip-Hop/Rap,M.O.P.,Revolution,"Revolution is here
Brother are you ready?
Revolution is here
Sister are you ready?
Revolution is here
Brother are you ready?

Revolution is here
Sister are you ready?
Revolution is here
Brother are you ready?
Revolution is here

Sister are you ready?

Uh, uh, uh, uh, uh, uh, uh, uh, uh, uh, uh, uh, uh, uh, uh, uh
Yeah, yeah, yeah, yeah, yeah, yeah, yeah
Yeah, yeah, yeah, yeah, yeah, yeah, yeah
Uh, uh, uh, uh, uh, uh, uh, uh, uh, uh, uh, uh, uh, uh, uh, uh, uh, uh
Yeah, yeah, yeah, yeah, yeah, yeah, yeah
Yeah, yeah, yeah, yeah, yeah, yeah, yeah

Revolution is here
Brother are you ready?
Revolution is here
Sister are you ready?
Revolution is here
Brother are you ready?

Revolution is here
Sister are you ready?
Revolution is here
Brother are you ready?
Revolution is here

Sister are you ready?

Revolution is here
Brother are you ready?
Revolution is here
Sister are you ready?
Revolution is here
Brother are you ready?

Revolution is here
Sister are you ready?
Revolution is here
Brother are you ready?
Revolution is here

Sister are you ready?

Revolution is here
Brother are you ready?
Revolution is here
Sister are you ready?
Revolution is here
Brother are you ready?
Revolution is here
Sister are you ready?

Revolution is here
Sister are you ready?
Revolution is here
Brother are you ready?
Revolution is here
Sister are you ready?
Revolution is here
Brother are you ready?
Revolution is here

Sister are you ready?
Revolution is here
Brother are you ready?

Revolution is here
Sister are you ready?
Revolution is here
Brother are you ready?

Revolution is here
Brother are you ready?
Revolution is here
Sister are you ready?
Revolution is here
Brother are you ready?

Revolution is here
Sister are you ready?
Revolution is here
Brother are you ready?
Revolution is here

Sister are you ready?

Revolution is here
Brother are you ready?
Revolution is here
Sister are you ready?
Revolution is here
Brother are you ready?
Revolution is here
Sister are you ready?
Revolution is here
Brother are you ready?",True,en
b53a64b3-cc70-41e4-bbf4-37d2629e6036,Twisted,Mac Lethal,a3c7ec74-66e2-4f19-b651-5855d7eeae75,"hip hop, gangsta rap",Hip-Hop/Rap,Mac Lethal,Twisted,"Chop me up another line
Fast, I could never be high class
You can tell when I go out to dinner and get a
Hundred dollar merlot and guzzle on my wine glass
Gotta lot of demons that are jumping out of my path, like hey there
You don't go to hell, man you're born in hell
And if your sick in your heart you fuckin' stay there
Two cubes of ice and glenlivet in my glass
I'm all over the game, I ain't just in it for the cash
Even though i'm gonna die in the future I gotta
Stop living in the past or my enemies will pass me
Devil all in my nostril, angel all on my shoulder
Taking drugs it feels fake as fuck I guess wake me up when its over
Yo my baby mama through me out the car last week
Tonight we met up at the bar for a drink just to work things
Out Within minutes we were fucking in my car back seat wooo!
I took a shot to the head in front of my bitch
Like John to the Kennedy F
I stay calm through the misery yes
I'm in the court room gone with the Hennessy breath
Like fuck you, your honor
I'm made of flesh I'm made of blood i'm made of water
And some alcoholism you know I got it from my mother
I just hate everybody you know I got it from my father
I'm just smoking on a bowl of medicinal marijuana
Time and time again I just sit around too
Patiently waiting for the weekend, just thinkin'
It's almost 5 P.M, I better start drinking (Ok!)

It makes no difference, makes no difference
Fuck it, I'm getting twisted
Makes no difference, makes no difference
Fuck it, I'm getting twisted
Makes no difference, makes no difference
Fuck it, I'm getting twisted
I should probably die alone 'cause I'm impossible to live with

It makes no difference, makes no difference
Fuck it, I'm getting twisted
Makes no difference, makes no difference
Fuck it, I'm getting twisted
Makes no difference, makes no difference
Fuck it, I'm getting twisted
I should probably die alone cause I'm impossible to live with

Yea my name is David,
But the people that know me in real life know not to call me that
They just call me Mac and they know that nine
Times out of ten if they call I will call them back
No stories no excuses, no pretending that my phones dead
I don't give a fuck about your problems I'm just living in my own head
I don't want to over-complicate shit
Use a knife when you want that face-lift
Did you buy that Louis bag for your bitch cause
You want to act rich or cause you want to act basic?
Still making rap beats in the basement
Taking blue pills in that matrix
If you ever feel like life is confusing
Remember DMT will make the entire universe make sense
The night I impregnated my wife with my son I ate a bunch of pot
Now he's 3 years old and now his IQ is high as
Fuck and every picture that he paints is incredible
It ain't no mystery its true,
You take your imagination to a place that it never been to
In the foreign ass world and it
Turns a little bit new, a little bit new
I am a believer in the universe and [?
] So I wish that I can move away to Jupiter tomorrow
And just to get the fuck away from other people on the planet
Man my day was just romantic [?] the people in Atlantis
Time and time again I just sit around too
Patiently waiting for the weekend, just thinkin'
It's almost 5 P.M, I better start drinking (Ok!)

It makes no difference, makes no difference
Fuck it I'm getting twisted
Makes no difference, makes no difference
Fuck it I'm getting twisted
Makes no difference, makes no difference
Fuck it I'm getting twisted
I should probably die alone cause I'm impossible to live with

It makes no difference, makes no difference
Fuck it I'm getting twisted
Makes no difference, makes no difference
Fuck it I'm getting twisted
Makes no difference, makes no difference
Fuck it I'm getting twisted
I should probably die alone cause I'm impossible to live with",True,en
a3962548-ec35-4a20-bc1f-6f4c57820ea4,Weed & Coffee,Mac Lethal,a3c7ec74-66e2-4f19-b651-5855d7eeae75,"hip hop, gangsta rap",Hip-Hop/Rap,Mac Lethal,Weed & Coffee,"Yo, uh
I don't drive a Bentley
Or a Benz or a Beamer i don't drive an Audi
Or a Lamborghini either
I don't push a range round
Town just to act paid
Only money that I got is change in my ashtray
I don't drive a Porsche
I don't drive a Rolls Royce
I don't drive Ferraris
I don't even drive a Volvo
Wanna get up in my car you have to squeeze
Because my motherfucking car is Japanese
I drive a Honda and no sir I did not lease
I bought a god damn honda
I be getting Whole Foods bitches
You be getting Olive Garden
Bitches with the bronzer i own a Honda
Spent the extra money on a
Vaporizer for my marijuana
Grip that steering wheel
Irish boy with a mean left
Hand looking like Conor
Picture me rolling in a
Toyota Corolla with 100, 000 miles
I'm a veteran nothing to play with
This one for the Nissans and Kias
And the Hyundais or Hun dais or the
However the fuck you say it
Rappers always spending their money on
These pricey ass automobiles
Looking like idiots
I'm from the midwest with enough
Bad weather to impress
I don't want a nice car
Not even a little bit
All I really care about is
Cruising through the city
With my windows down so back
The hell up off me all I wanna do is wake
Up early in the morning
Smoke a little weed and
Drink some fucking coffee yeah
I don't ever do hard drugs
Just moderate drinking
Lately, I've been trying to be
Sober during the weekend
Exercising every single day for
My good health lower the anxiety that I feel
Being my good self i don't need sweets
I don't need fried food
Grass-fed butter in my coffee is a great brew
If one apple a day would keep the doctor away
Then imagine what would happen if you ate two
I used to feel the pressure
Till I learned a couple lessons
Living life and always stressing
Had no answer to my question
Started thinking about the poison
I put up inside of my physical body
Came to the conclusion
Living healthy is an essence
Man, I gotta have the energy
To be a better father gotta focus
So I could put a couple
Dollars in a closed fist
Smoke a little marijuana never smoke cigs
And exercise so I don't grow tit's
Lift weights compound movements
Leg day deep squats
Drop down, do it
Build your skills and find yourself a career
Can't be 35 still living
At your mom's house, stupid
I got friends that got habit's
That are so bad
I guarantee they're gonna die
Of a heart attack
You gotta make choices that
Positively benefit you
For fucks sake how hard is that
All I really care about is
Cruising through the city
With my windows down so back
The hell up off me all I wanna do is wake
Up early in the morning
Smoke a little weed and
Drink some fucking coffee yeah
For the first time in my life
I can see myself with my eyes closed
I can see the things that
I hide from the world
I can see the things that only time shows
So what has time shown? Time has shown
That every single person I have known
Is gonna suffer every day and die alone
For the first time in my life
I can see myself with my eyes closed
I can see the things that
I hide from the world
I can see the things that only time shows
So what has time shown? Time has shown
Well time has shown that every
Single person I have known
Is gonna suffer every day if they
Don't have weed and coffee
Uh caffeine and weed are drugs too mac
Shut the fuck up",True,en
0569c1d6-9f0f-4b23-8a31-2a46673312a5,Til the Casket Drops,Mac Lethal,a3c7ec74-66e2-4f19-b651-5855d7eeae75,"hip hop, gangsta rap",Hip-Hop/Rap,Mac Lethal,Til the Casket Drops,"Life is crazy sometimes
Give a lot of days of my life up to my haters
But I'ma make this one mine
Take a couple photographs of my pretty family in the bright and hazy sunshine
When the aperture's perfect
It's the golden hour, gonna pull the power
From the Sun and its lavender surface
Got a new lens
I got a lot of family but few friends
I know that's cliche shit to say
But reality rap is a challenge, cuz facts are facts
And can't go many different ways
Fuck it, here we are
It ain't guaranteed that you'll be here tomorrow
You live life like you got an extra day to do shit
And you'll day in a leap year, it's harsh
So do it all today
Or in 20 years you're gonna look at life like you threw it all away
Ain't no guarantees but I guarantee
If you have a little veggies and some juice you'll calm your day
I don't wanna lie to you for the fame or the money
Maybe I could take the truth a longer way
I've had writer's block to this beat for a full year
Fuck it, I'ma do the song today
Gonna finish it and love it
Then I mix it and I dub it
Then I send it to the public
If they're dissing it then fuck it
Doesn't matter my opinion is I'm ripping it
And crushing it the dissonance is fucking sick
All the critics they can suck a dick
Every single fuckin' day I'm getting up at 6
Then I feed my kids, then I hit this studio
Then I spew a flow so beautiful, you should know

The universe is expanding
I don't give a fuck I'm drinking all day
All the dreams I have are in color
Even though my memories are all grey
Man the whole damn world is burning
But you'd never know because you're too busy
Staring at your phone
Only way that I can feel happiness is when
I'm by myself standing here along
Just me til the casket drops
Just me til the casket drops
Just me til the casket drops
Just me til the casket drops

Not a day goes by where I don't think about how the world's all fucked up
All it takes is a car wreck, cancer virus
Or a member of ISIS on a random Tuesday with a gun going buck buck!
And you're outta here
You don't know what second, what day, what month, what year
But one day, you are gonna disappear
And 99% of the planet ain't even gonna care
Except the people at your funeral who clap and cheer
As they reflect on your life with laughs and tears
When they drop your casket and the energy leaves your body
And it supernovas through the atmosphere
And it travel years through a black-hole
Where time gets so slow it stops
...then reverses...
Now you're turning back the years
Going back in time
To the days when you just a curious kid with a fragile mind
Laying on your back
Looking up at the night sky... wondering
What the Hell is past the line
Of the solar system?
And you're thinking to yourself
""Geez, this is an incredible life,""
As you try to look deep into the delicate night
Smoking weed wondering if you're inhaling it right
And you wanna know...
Do distant planets have intelligent life?
Well of course they do
And they might have big red eyes
Or big green thumbs, or skin light blue
But a lot of them are just like you
They prolly spend half their day just staring at a mobile phone
Because they feel like in the universe they're so alone
Well guess what, now you know they're wrong
This song is over... gone

The universe is expanding
I don't give a fuck I'm drinking all day
All the dreams I have are in color
Even though my memories are all grey
Man the whole damn world is burning
But you'd never know because you're too busy
Staring at your phone
Only way that I can feel happiness is when
I'm by myself standing here along
Just me til the casket drops
Just me til the casket drops
Just me til the casket drops
Just me til the casket drops",True,en
501d6cce-5f7e-45dd-b0dc-e775962918e1,The Watchmaker Theory,Mac Lethal,a3c7ec74-66e2-4f19-b651-5855d7eeae75,"hip hop, gangsta rap",Hip-Hop/Rap,Mac Lethal,The Watchmaker Theory,"Where did the time go?
Back in the days I didn't want to admit I was like the other white folks
I'd be in the burbs and see a cop car drive slow and I'd yell out ""Duck, motherfuckers, there go 5-0!"" Whoo!
Dressing like a thug in the mall and shit
Me and Emily just called it quits
She was a young fire crotch alcoholic chick
If I remember correctly I think her dad was into politics
After school we'd go to Popeye's chicken
I would get a 3 piece combo with some red beans and rice on the side and an extra side of mac and cheese
One extra biscuit and 2 honey packets please
Where did the time go?
When I was 6 years old my uncle Darryl had a nice boat
Every independence day took us to the lake or the Ozarks so we could watch the fireworks and light show
Around this time my parents decided that they wanted to go and terminate their marriage
We lived in Raytown, Missouri in a yellow house with the tire-swing up in the front yard down on 67 terrace
My mom planted radishes and carrots, cabbages and hairless
Marijuana plants until my next door neighbor went and ratted to the sheriff
My whole entire family had to hide up in the radas and embarrased
My mother was a really pretty lady, my father was a salesman in a used '83 'cedes
They'd argue a lot, she'd scream, he'd call her crazy
He'd disappear and not come back till day three
They seemed so old then, but they were in their thirties
My wife and i feel old, but we in our thirties

Listen, life ain't fair and it's weird
Everyday I pluck a gray hair from my beard
All the kids that used to be popular in school got fat OD'd or they straight disappeared
Oh shit! where did the time go?
Back in the day I used to talk to my parents with an eye roll
Got a blowjob from Angeline with my eyes closed
Felt guilty went home and tried to read the Bible
Fell asleep 3 pages in woke up felt time slow like God is angry at me now he gonna end my life no
Where did the time go?
My best friend just got divorced where'd his wife go?
Out to dinner with another guy bro
I knew for sure he'd shoot her with a rifle
Until i found out as it turns out that he has ED
And making love to his wife just hasn't been easy
He tried to make excuses trying to say that he was sleepy
And she just wanted a love life in 3D and i can't blame her for it
And i can't paint the portrait, that shes vain and morbid - cause shes not
This is why we need to fucking legalize ...
'Cause every single grown adult that I've met
Gets a broken heart every time when they wonder where the time went
All you do is get gray hair then you die slow
Lay in your casket and wonder where the time go
Uh, you felt so young then, then you're in your thirties
Right now you're seventeen, blink a couple times and you're gonna be seventy
Where did the time go?
I don't know bitch
Hurry up and die slow
Hurry up and buy, ho
Everything is everything and everything is on sale
Except a perfect plan that is guaranteed to not fail
You want a guarantee? see, you go to college four years
Read some books but drank more beer
Somebody lied to you when they told you that all you gotta do is go to college and the day after you graduate you'll make $150, 000
Go to happy hour get a nice Martini with an olive and
And a brand new Porsche with the candy paint polish
You want a mansion with a pool? you can have all this!
All you gotta do is go to class a couple times
You don't gotta worry about the time
You don't gotta worry about the $89, 999 that you're gonna be in debt
Pay your student loan down let us see you sweat
You want a job? well this company don't need you yet
Start at the bottom and you'll stay, at the fucking bottom till your heart is in decay
You at the fucking bottom till your hair is turning gray
So you try to numb the pain, getting married turn away
Maybe you will get it if i whisper this:
You gotta start your own business
Start your own business
Start your own business
Follow your dreams you little bitches
Hi, can you come here Eric?
I know you've worked for this company for 37 years
And you treat it like a career
Unfortunately, the way corporations work is
We don't give a fuck about you and have no emotional connection to anything other than our profit
So, you're fired!",True,en
e092b4c6-71b5-4722-9f6a-7bd1f01e56f8,Weekly Wage,Mac Lethal,a3c7ec74-66e2-4f19-b651-5855d7eeae75,"hip hop, gangsta rap",Hip-Hop/Rap,Mac Lethal,Weekly Wage,"I said a weekly wage is an addiction
It's so much worse than any drug
You're a slave to security and comfort
So you never pursue the things you love
I said a weekly wage is an addiction
It's so much worse than any drug
You're a slave to security and comfort
So you never pursue the things you love

You got a job that you hate
And every day you want to punch your fuckin' boss in the face
Direction lost and you're late
There is a master piece inside of you that you gotta create
But you whisper every time you're talking to fate
See if you quit your job you won't have money (true)
But one thing you will be is hungry (true)
And you always turn creative and savage as fuck
When your life is hard and you ain't comfy
See if you quit your job you won't have benefits (true)
But one thing you will have is fitness (true)
To innovate and learn and get a real work ethic
So you can start your own damn business

I mean what
You want an easy answer
You want someone to pat you on the head and tell you it will be okay
You got the fucking nerve to wonder why you're so depressed
When you're sitting in a cubicle like 10 hours a day
Working for a company that you don't really care about
Helping build someone else's kingdom (true)
That's a motherfucking consequence of putting finances
Over true happiness and freedom

I said a weekly wage is an addiction
It's so much worse than any drug
You're a slave to security and comfort
So you never pursue the things you love
I said a weekly wage is an addiction
It's so much worse than any drug
You're a slave to security and comfort
So you never pursue the things you love

Now listen to me
If you got a job and you love it then you should keep it
But if you get a knot in your stomach after the weekend
'Cause you don't like mondays 'cause you'll
Be in an office all week not getting sun rays
You feel like inside of you
Deep inside of you
There's an artist with an attitude
Then listen to me
This is what you gotta do
You gotta stop being a fucking corporate prostitute
That is what you are my friend, I'm telling you the honest truth
I understand my friend you gotta pay your bills and all
So thinking about just walking out your job is no easy pill to swallow
Plus what happens if you try to start your own company and it fails
Oh my god what if you fail
Well failure is a teacher that will tear your ACL
During the first game of the season
With your parents in the bleachers
And failure is the teacher that has
Helped 100, 000 lost sailors find the beaches
Find the beaches

I said a weekly wage is an addiction
It's so much worse than any drug
You're a slave to security and comfort
So you never pursue the things you love
I said a weekly wage is an addiction
It's so much worse than any drug
You're a slave to security and comfort
So you never pursue the things you love

You only get to live once
One... time

You only get to live once
Make the most of it
Don't let money beat you to the
Point where you don't even enjoy your life

Live in your car",True,en
36a3cda0-b216-4da3-a48f-bfa4cee19c5b,Don’t Be Commin’ (in My Face),Missy Misdemeanor Elliott,a0b8cb9e-7532-45fe-a74c-30e7c4009a39,"hip-hop, hip hop, hip hop music",Hip-Hop/Rap,Missy Misdemeanor Elliott,Don't Be Commin' (In My Face),"VA, yeah, New York, Atlanta, DC
LA, New Jersey, Philly, say what, say what

You never know a good thing 'til I'm gone
And you'll be spending many, many nights home alone
You won't be seeing me around your way, no-no
And if you don't get it together, baby, I can't stay

Don't be comin' in my face tryna tell me you love me
You shoulda thought once or twice, sacrifice and make it right
It's the thing that you do, make me not love you
So just wait, and you'll see, get no other love like me

You never know I'm for real until I leave, uh-huh
And when I pack up my clothes, don't be calling me
You won't be seeing me anymore, no-no
'Cause when I'm long, long gone, I won't be back in this door

Don't be comin' in my face tryna tell me you love me
You shoulda thought once or twice, sacrifice and make it right
It's the thing that you do, make me not love you
So just wait, and you'll see, get no other love like me

To my east side people to my west side
To all my bitches who sat home crying
Over these niggas and over these fellas
Shake 'em off like Jello, uh-huh
To my east side people to my west side
To all my bitches who sat home crying
Over these niggas and over these fellas
Shake 'em off like Jello, uh-huh

Don't be comin' in my face tryna tell me you love me
You shoulda thought once or twice, sacrifice and make it right
It's the thing that you do, make me not love you
So just wait, and you'll see, get no other love like me

I used to stick closer to your side then a beeper
'Til you smoked that cheaper reefer
Now you loony as fita, shut up
Don't say a word, yep, I got the word
Yeah, I heard it from a little bird
Now I'm out the door about 44
You don't know?
Get your bags and your things take the door
Don't take this shit no more
When you leave, you can leave out the back door

Fucker, stupid niggas
Always think they can play somebody
Y'all know who y'all are
Tryna run about three, or four, five women at one time
Then you wanna come back all in our faces
And tellin' me how much you love me and all that bullshit
Whatever man, fuck you
A'ight, I'm out",True,en
c705348b-2c03-4ef9-80d8-71b1a0e8c4ac,Missy’s Finale,Missy Misdemeanor Elliott,a0b8cb9e-7532-45fe-a74c-30e7c4009a39,"hip-hop, hip hop, hip hop music",Hip-Hop/Rap,Missy Misdemeanor Elliott,Missy's Finale,"Yo, you have come almost to the close of my album
but before I go I just wanna thank God for staying with me
through my ups and downs and through my whole period
of doing this album, I want to thank Timbaland who came up with
the beats and all the people who appeared on my album
Make it hot, aight, I'm out",True,en
4383f6ec-5a8b-46ab-9dc5-e1239b94f8d7,Bite Our Style (interlude),Missy Misdemeanor Elliott,a0b8cb9e-7532-45fe-a74c-30e7c4009a39,"hip-hop, hip hop, hip hop music",Hip-Hop/Rap,Missy Misdemeanor Elliott,Bite Our Style (Interlude),"Me and Timbaland we make you wanna bite our style (fa la la la la)
Me and Timbaland we make you wanna bite our style (EEEEE fa la la la la)
Me and Timbaland we make you wanna bite our style (fa la la la la)
Me and Timbaland we make you wanna bite our style
Me and Timbaland our style's so superb have you heard have you heard
Me and Timbaland our style's so superb have you heard have you heard
Me and Timbaland our style's so superb (say what) have you heard the word?",True,en
7b369ecc-83fb-472b-87bb-925c8b294e76,I’m Talkin’,Missy Misdemeanor Elliott,a0b8cb9e-7532-45fe-a74c-30e7c4009a39,"hip-hop, hip hop, hip hop music",Hip-Hop/Rap,Missy Misdemeanor Elliott,I'm Talkin',"Nigga, waz up?
You think you tough, I'm fly shit
Has a bitch, dope as fuck
Sho nuff I'm guaranteed, no diggities
Fight you like the fucking enemies
You would think there's fucking ten of me
When I'm sending these
Blows, blows, hoes want to roll like hydro
When I suck Timbaland's bone like you (barking in the background)
Fido, I go
Scoop Lil' Kim
Me, she, her, them and him
Gets high in a tunnel
They see my Lexus comin
They hear the bass rumblin
They come quick, they come quick
Like a dick, I make myself sick
I'm so motherfuckin bad to the bone
Like my titties are full blown

My style of rappin, my style
I'm such such a good rapper, I'm such such a good rapper
I give you good and plenty, yeah yeah
My styles the bomb diggy, my style
My style of rappin
I'm such such a good rapper, I'm such a good rapper
I give you good and plenty hmmm hmmm
My style the bomb diggy

I'm calling your cards like Sprint
Can't be me, can't see me
I'm low like Timb, ladies and gents
Dogs, cats and babies
Whoever but my style
I hope you croak from the rabies
Swayze, maybe I call your name
Ain't that a fucking shame
I'm too high for that
I'm great like the dane
Mane on main
If you decide to put your hands
On my fucking light
Like the ciggarettes I light
You must burn, you better learn
From the pro
Who rock shows after shows
When it rains it pours
I hurt like the cold souls
My style polishes like nails and toes
You know, know

You beg to be put on like cats
Nigga know who I am
Now you want to sing and dance
You want to shake your stanky ass
Well I'm sorry Sam
God damn, ou ain't family
You hounding me, pounding me
With the same old story
You bore me
Lordy have mercy on all these groupies
Sorry cutie
Why you go and shake your bootie?
Cause there's only one Lil' Kim
The triple beam, the misdemean
Nigga queen, whoomp, we Tag Team
So hot we melt like ice cream
Without the dick riding
Dreams of smoking a California blunt
I got the lyrics to make you feel it
What you want nigga?

I'm talking about my style
I am the flyest then RZA now
I'm talking about my style
Let me tell you about Missy's style

Hey Timbaland be talking more shit
And Lil' Kim be talking more shit
Da Brat be talking more shit
Busta Rhymes be talking more shit
702 talk shit
And Aaliyah talk shit
Ginuwine be talking more shit
And I be talking more shit
And Total be talking more shit
Maganoo and St. Nick we be talking shit
Jimmy talking shit too
We out",True,en
388a82a1-29b9-409a-870d-b36124c83184,Why You Hurt Me,Missy Misdemeanor Elliott,a0b8cb9e-7532-45fe-a74c-30e7c4009a39,"hip-hop, hip hop, hip hop music",Hip-Hop/Rap,Missy Misdemeanor Elliott,Why You Hurt Me,"Yeah, you know what I'm saying
I know there somebody out there who had a nasty
Nasty, nasty friend who wanna go around humping everybody
Can I get a hoe? You know what I'm saying?
So I'ma talk about this one I had a few years ago

I had a friend named Cutie Tootie
Tootie turned tricks to get some Gucci
Known as loose bootie
Truly, she was a freak in the evening
And if she wasn't teasing, then give me one reason

Why she do that? Always knew that
She was hot as da nectar
Hector said he pecked her, direspected her
'Cause he bang, bang swang in his dingalang
Broke his back long range
And make the ugly bitch sang (ugly bitch sang)

Ooh, ooh
Why you hurt me?
Tell me why more?
Oooh, ooh
Ooh, oooh
Why you hurt me?
Tell me why more?
Ooh, ooh

Cutie Tootie with her sight
And if she humped Ralph
She humped Bobby, Ricky and Mike
Get tight, is the way she wore her dresses
Has she learned her lesson
From all the dick testing

Now I'm guessing
She's laying in a casket
In a yellow basket
For a Gucci jacket
Daggit, I wish she didn't do those nasty things
'Cause he made the ugly bitch sang

Ooh, ooh
Why you hurt me?
Tell me why more?
Ooh, ooh
Ooh, ooh
Why you hurt me?
Tell me why more?
Ooh, ooh

Tootie didn't know the facts of life
Staying up in clinics
Loosy bootie made trife
Feeling, she got the heeby geebies
Quick to give you freebies
Underneath the staircase in Brooklyn

Neighbors out the window sure was lookin'
She greasy like chicken
I don't give a cotton pick and
She can do her thing
'Cause me and her don't hang
The ugly bitch sang

Ooh, ooh
Why you hurting me?
Tell me why more?
Ooh, ooh
Ooh, ooh
Why you hurting me?
Tell me why more?
Ooh, ooh

Ooh, ooh
Why you hurting me?
Tell me why more?
Ooh, ooh
Ooh, ooh
Why you hurting me?
Tell me why more?
Ooh, ooh

So you know what?
This should be a lesson, for anybody
That's hanging with someone who's dirty, nasty, stank
Once again going around humping everybody
Everybody and anybody and anything
That's why you make the ugly bitch sang
Ooh, ooh",True,en
6a39ab95-3dfe-42a8-ad3c-e444f16731e6,Petty,Obie Trice,c0f98b1d-1133-46d6-ab05-723a95cb5453,"rap, hardcore rap, midwest rap",Hip-Hop/Rap,Obie Trice,Petty,"Who do it hotter in Prada?
I ain't from N.Y., do it +M-Y Way+, so Sinatra
You know my {?} not proper for the Oscars
But I opt out for the Oxfords in the Oxford
... Ha ha, that hurts
Some'n by this oar got 'em tippin they fedoras
Got the ladies bein whores cause we're ballin out stores
I coordinate on e'rything I wore
So ladies know him now say, ""That was him before""
Fresh as the core in my Christian Diors

[Chorus]

[Obie Trice]
Got me smellin like Chanel
Well, that's my female, shorty gets that mail
In them transparent 90-millimeter heels
In them Red Bottoms showin off them Christian Lou-B's
Heels... that's real
E-e-e'rything 'bout her scream Dolce & Gabanna
With the bowlin ball bag showin out at Caribana
Lil' mama, she a stunner
Tweed dress on, no panties up under
Catch her on Queens Street ballin at the boutiques, holla

[Chorus]

[Obie Trice]
BME, Black Market Entertainment
Obie Trice (Obie Trice, Obie Trice)
New shit... so bent

Guess the man lucky, she ain't glam luxury
We as a couple get +Fresher+ than Douglas E.
Double up on my duds where the logos be
So Polo duplicate on me, guess that's why they hate Obie
They can see

[Chorus]

[Outro]
I'm petty {*4X*}",True,en
c8d15fd5-4372-47af-a12d-7da2b03d66f2,Wanna Know,Obie Trice,c0f98b1d-1133-46d6-ab05-723a95cb5453,"rap, hardcore rap, midwest rap",Hip-Hop/Rap,Obie Trice,Wanna Know,"Since they wanna know
Since they wanna know
(I said)
Since they wanna know
Here's the formula on O, now lets go

(All I want is what's mine, I don't care who I hurt)
Since they wanna know
(All I want is what's mine, I don't care who I hurt)
Since they wanna know

Second rounds on me
Obie Trice, Emil hit? em, let's go

Ob Trice, the giant, standing a 5'8"" stature
Back with a second album, supplying ya Fear Factor
But Joe ain't the host my nigga, you have the access to the most
Noted flow on Shady's faction

And I ain't being cocky, if so accept my apology
Except, know I process my thoughts logically
First weeks sales tops the toll from tsunami
But haters like the L, it's the white boy behind me

But you couldn't inhale a flow that's more grimy
It would still prevail if another label sign me
Obie so timely, must Obie remind 'em
The first nigga to shine solo from the place ya find 'em

Native Detroiter, ghetto reporter, hit you wit some
Heavy metal for supporting what ya caught us
A little something different from the homie from Michigan
Basically, Obie's ripping on any instrument he's given, come on

(All I want is what's mine, I don't care who I hurt)
Since they wanna know
(All I want is what's mine, I don't care who I hurt)
Since they wanna know
(End what's right and [Incomprehensible])
Since they wanna know
(All I want is what's mine I don't care who I hurt)
Since they wanna know

Four niggas in a whip
All foes say they ain't fucking with Trice shit
Somebody's lying, I'm undenying, denying me means that
The driver got influence over you on certain things

Be distinguished just 'cuz you ain't feeling his favorite emcee
Don't mean you speak no English
Hop out the car, catch the bus
At least you be established as the man that you are

I hate to take it so far and so tedious
But niggas bleed like bitches, I'm truly believing this
Once a month, they wake up
With a Obie tampon inserted in they nuts

Give em the flux 'cuz my bucks is up
And no this ain't eBay, so please be easy
Gotta be delusional to think Obie is losing yo
Let? em get a whiff of some shit, they quick to abuse it though

(All I want is what's mine, I don't care who I hurt)
Since they wanna know
(All I want is what's mine, I don't care who I hurt)
Since they wanna know
(End what's right and [Incomprehensible])
Since they wanna know
(All I want is what's mine I don't care who I hurt)
Since they wanna know

Peep what O's selling when I hit? em with Van Halen
But it's just a man from the ghetto rebelling
Rebel without a 'cause, 'cause I'm in them Superman drawers
Running around the shack momma had us living

Now ya mans living a inch from truly killing 'em
A dude or ambition, a gift, given from the man who invented 'em
When the system scrooged just like Lil' Tim and Em'

Will bless the child who maneuvers the censors, then
Spitting venom, have them same dudes interested in him
My visions unlimited, music's my outlet, I rock a outfit

For all the foul shit I witnessed, make it my business
To get a listener of one clear description
If you hearing them, you would catch what I'm pitching
Guarantee to serve your addiction, come on

(All I want is what's mine, I don't care who I hurt)
Since they wanna know
(All I want is what's mine, I don't care who I hurt)
Since they wanna know
(End what's right and [Incomprehensible])
Since they wanna know
(All I want is what's mine I don't care who I hurt)
Since they wanna know",True,en
e8ff5301-5edb-4c74-b97e-7742dbe5efea,Secrets,Obie Trice,c0f98b1d-1133-46d6-ab05-723a95cb5453,"rap, hardcore rap, midwest rap",Hip-Hop/Rap,Obie Trice,Secrets,"Ay cameraman, give me an up and over nigga
I'm 'bout to run this bitch

Baby we can keep this thing on the low
No one gotta know, when a nigga come through
See, I just wanna fuck you
And you just wanna fuck me, our secret creepin
Know a nigga got a hoe
And she got a home, that she gotta go to
See, I just wanna fuck you
And you just wanna fuck me, our secret creepin

These niggaz think they bitch ain't cheatin
She in the club every week deceivin them
Hangin out with Toneisha and them
All in V.I.P. tryin to meet a new G with them
Yeah nigga, yo' relationship right
But your bitch got a dick on the side
You fell in love so she know what you about
You don't get her high, always on time
She need a nigga that's gon' fuck her brains out
Send her home, put her pussy in your mouth
Niggaz get comfortable, fall in love
They don't wanna fuck no mo', they cuddlin up
But see your wife is a slut, she's just tryin to nut
She wanna get rammed but her man ain't the one
So on the other hand she plan to get done
By a nigga who tell a lil' some'n some'n like

Baby we can keep this thing on the low
No one gotta know, when a nigga come through
See, I just wanna fuck you
And you just wanna fuck me, our secret creepin
Know a nigga got a hoe
And she got a home, that she gotta go to
See, I just wanna fuck you
And you just wanna fuck me, our secret creepin

Don't get mad at Obie
This is, harsh reality your broad's a freak
She wanna get it in wit'cha homie
Trust me, behind your back this week
Behind her lunch break there's a meet
Behind all that it's a low-key freak
But baby don't get it twisted, us niggaz is dogs
It takes five minutes to fuck, back onto y'all
Catch him up, naw, but you seen what you saw
That nigga say ""It wasn't me""
He gets puss like around the clock
Wife ain't watchin niggaz bouncin on the twat
Even Peter boy diggin it out
All on the countertops drillin the trout
Fucked up thing babe it's your bridesmaid
This ain't J. Springer, this is Obie

Baby we can keep this thing on the low
No one gotta know, when a nigga come through
See, I just wanna fuck you
And you just wanna fuck me, our secret creepin
Know a nigga got a hoe
And she got a home, that she gotta go to
See, I just wanna fuck you
And you just wanna fuck me, our secret creepin

Nigga had his share of broads involved
But when they hit the gan' they just start to bawl
They say, ""I don't know why I got your balls in my jaws
My man take care of the fam, no flaws""
No psychiatric visit bitch can help ya
You just like dicks in your throat, helpless
Niggaz come through, beat up your pelvis
Then you run back to whom think you precious
At home she like Aunt Jemima
All alone she like anacondas
Your man want answers, why play me dishonest?
Then he seek counsellin to keep Pocahontas
Niggaz pokin holes in there homie, be honest
You got a hoe fo' sho' for a Madonna
Dudes don't recognize the drama
'Til another nigga get his thighs, got her and tell her

Baby we can keep this thing on the low
No one gotta know, when a nigga come through
See, I just wanna fuck you
And you just wanna fuck me, our secret creepin
Know a nigga got a hoe
And she got a home, that she gotta go to
See, I just wanna fuck you
And you just wanna fuck me, our secret creepin",True,en
b5d445bf-dd78-4d60-928a-2d7ddf0d6657,Dear Lord,Obie Trice,c0f98b1d-1133-46d6-ab05-723a95cb5453,"rap, hardcore rap, midwest rap",Hip-Hop/Rap,Obie Trice,Dear Lord,"[Chorus]
Dear Lord, please forgive me, more I live I grow empty
Nothin' in me, point out my enemy I'll put somethin' in him
Feelin' like that's the only remedy
Send him on his way when I fuck around his day
(""Okay!"") Cause to you they wanna send me
And I ain't got the energy, I'll let the clip empty
(""Okay! O-o-o-okay-k-kay! Kay-k-kay, kay-kay!"")
I ain't gotta walk around town with my chest stuck out
A frown up my face when the press come out
Niggaz know what it is, one of the best, no doubt
Doubt that, test him and the S's come about
Aggression niggaz need without
Too aggressive niggaz rest under leaves where the G's hang out
I'm back stronger than ever
D-boy so it's like whatever, however, whenever
I dare ya, pallbearers bury ya
Pardon my, positivity failure
But they ain't tryin to hear ya when niggaz'll go and air ya ass out
Send you to the morgue, turn ya inside-out
Send you to ya momma 'til she pass out
Too many partners in the casket now
These foul bastards, don't appreciate life so fuck 'em
The P-nina-nina stay dumpin (stay dumpin)
[Chorus]
Now Trice ain't all about runnin his mouth
He do that for a livin; y'all gotta feel him
In the streets he mute, my nigga autism
Don't confuse this with art-ism
Nigga I refuse to lose, boss in him
Put your people in a pew when the mossberg start spittin
I'm livin, nigga I'm kiddin him
Take him from his paradise, Trice on his way to prison
Picture him leavin his children
I peel 'em; pilgrimage to another region
Them ecstasy pills got niggaz schemers[?]
When the weapons spill them same niggaz bleedin
'Fore I leave this world they gon' believe him
O ain't deceivin these people, that's feedin 'em
The hood's what he breathin, it's all good
Leave him in that box all wood (box all wood)
[Chorus]
Trice is nice with aim
Put a nigga, in a permament frame
When a nigga's, so determined to bang
Cause a nigga's, switchin lanes in that European thang
Don't be mad at your boy-boy, handle business
Cause he push the toy-toy, niggaz envious
Crutch him up, Jehovah Witnesses
When the semi's start spittin, listen (listen)
[Chorus]
(blam)
(""Okay!"")
(""Okay! O-o-o-okay-k-kay! Kay-k-kay, kay-kay!"")
Dear Lord, please forgive me, more I live I grow empty
Nothin in me, point out my enemy I'll put somethin in him {blam}",True,en
f19fef07-9271-459c-b593-8c19ec1f5ae0,Spill My Drink,Obie Trice,c0f98b1d-1133-46d6-ab05-723a95cb5453,"rap, hardcore rap, midwest rap",Hip-Hop/Rap,Obie Trice,Spill My Drink,"[Intro]
Yeah...
Let me get right

Muh'fuckers poppin at me
Baby mama say I can't, be the pappy all this propaganda with my family
E'rything I got wasn't hand to me
Had to hit the block so gradually became the man I be (be, be)
Sorry that my pop wasn't a man to me
Had to opt for different boyfriends my mammy handed me
Performin mammograms on her while I play Atari
Scarred me, horribly, horribly [sips drink]
Lock that thought out, but at times I lose perspective
No disrespect but I was forced to think reckless
In and out of courts for usin illegal methods
Guess them poor choices left us disconnected
The one who points the finger got four for pointin back
Nothin can come between us, I'm hopin you knowin that
And if I let you down can't keep holdin it on my back
I gotta stay focused where my sanity's at, sanity's at

[Chorus:]
Dodgin all these darts in my thoughts I seek
Can't let these people spill my drink
I'ma mob like a boss 'til I'm off in my casket's reach
Won't let these niggaz spill my drink
I'm ridin through the city sippin Henny with my thoughts in sync
Can't let these niggaz spill my drink
To my niggaz gettin money still hungry tryin to stay on your feet
Don't let these niggaz spill yo' drink (drink, drink)

E'rybody lookin at me, like the boy lookin scraggly
Since he ain't with Shady like, e'rything collapsed behind me
A contract don't define me
It just reminds me that I'm givin up my paper to sign me
And with the dismay of my record release delay I
See who was close, somehow they slipped away now
Price to pay when you ball then get on your A.I.
Crossover was cold, now O's under the radar
To e'rything I cherish gotta be re-established
All cause the marriage didn't succeed, it perished
The characters I used to feed all vanished
Left me on my knees, bleedin with no bandages
No gauze when I fall, but even through it all
I handled this way to ball, mechanics is
Kept at a hundred, them other niggaz is amateurs
Guess that's the law of averages - eww

[Chorus]

So even when you're dreamin and I'm, intervenin demons
Get to, workin on your inner bein, let 'em know you see 'em
When the G that's within got ya, infra-red schemin
Keep me in your head instead, you don't need to bleed 'em
Cause a boat with no anchor is a boat that's gon' sail
You don't even need them folks, all's well
May they all burn in hell, cause when all else fails
You the truth, your blue glass won't spill

[Chorus]",True,en
829d2165-dee1-4133-b337-c1b4faca700b,Belly of the Beast,Roddy Ricch,5721c227-4caf-48b1-bbfc-1a4ed3276963,trap,Hip-Hop/Rap,Roddy Ricch,Belly Of The Beast,"(It's only cash only, you dig?)
All-white Aston, got hockey seats
Harmony, peace and quiet, please
Spent two million on rocks at least
And a 100K when a nigga drop at least
Got high standards, can't drive no lease
And I can't bring no cop to a feast
Bitch, I was born in the belly of the beast
Roddy the rich but I came from the broke
I'm the one gave all these lil' niggas hope
I'm the one climbed to the top of slope
I'm the one out in Japan for the locks
Get my respect, I demand it
Standin' in the way, they can't stand it
Had to take it all, they ain't hand it to me
Splattin' all the paint on the canvas
I stayed down, hard work with some preparation
Stayin' off the 'Gram, gotta practice preservation
Jumpin' out the gym, I don't practice hesitation
I just go when it's good
Ten mill' every year, got a rich regulation
Sippin' on this syrup and it give me revelation
I'm patient, I'm destined for greatness
My eyes go far like a camera man, real deal stepper like a caveman
When I'm high, Saint Laurent's on, I can't float enough with Ray-Bans
Since day one, I'm a made man, gotta thank God, it's so amazin'
I ain't never turned out to be another product of what I was raised in
All-white Aston, got hockey seats (hey)
Harmony, peace and quiet, please (quiet)
Spent two million on rocks at least (woah, woah, woah)
And a 100K when a nigga drop at least
Got high standards, can't drive no lease
And I can't bring no cop to a feast (can't bring no cop to a feast)
Bitch, I was born in the belly of the beast
All-white Aston, got hockey seats (hey)
Harmony, peace and quiet, please (quit)
Spent two million on rocks at least (woah, woah, woah)
And a 100K when a nigga drop at least
Got high standards, can't drive no lease
And I can't bring no cop to a feast (can't bring no cop to a feast)
Bitch, I was born in the belly of the beast (ayy)
They tried to slime, uh
They tried to outshine me, ayy
I ain't even in my prime yet, how the fuck is you gon' outshine me? Uh
Had to draw my line in the sand
Pour my heart every time I can
Keep my bifocals on like it's 4th of July, yeah
They be tryna fed me, dawg, I don't do TED Talk
Got some niggas, they'll headshot you
They was bred to walk
You can feel my pain in every rhyme
I shed light on the street signs
It ain't a thing that I would rewind
All-white Aston, got hockey seats (hey)
Harmony, peace and quiet, please (quiet)
Spent two million on rocks at least (woah, woah, woah)
And a 100K when a nigga drop at least
Got high standards, can't drive no lease
And I can't bring no cop to a feast (can't bring no cop to a feast)
Bitch, I was born in the belly of the beast
All-white Aston, got hockey seats (hey)
Harmony, peace and quiet, please (quit)
Spent two million on rocks at least (woah, woah, woah)
And a 100K when a nigga drop at least
Got high standards, can't drive no lease
And I can't bring no cop to a feast (can't bring no cop to a feast)
Bitch, I was born in the belly of the beast",True,en
cf913775-86e8-4689-b22a-99daaab2596d,Just Because,Roddy Ricch,5721c227-4caf-48b1-bbfc-1a4ed3276963,trap,Hip-Hop/Rap,Roddy Ricch,Just Because,"Countin' all this paper, I ain't never think I lost
Ridin' in the States, thinkin' about my way to boss up
If a nigga say he want the smoke, we got the sparkers
I ain't gotta pay 'em, they gon' do it just because

We started off robbers, now we certified ballers
I be on my ball hog shit
Had to go the humble route, they thought I lost it
Never make a U-turn on me, double what it's costin'
Runnin' with some Cs, I know some B hats, like Boston
Had to get some tough skin, you'll never make it with soft skin

Eyes on my wrist, lied to the judge, I can't lie to my bitch, ayy
Got a taste of money and I ran it up ever since
Runnin' with the congress, we know all the dead presidents
All I know is Roddy take the lead and they gon' follow
All I know is if you cross, you get a hollow, woah, woah

Countin' all this paper, I ain't never think I lost
Ridin' in the States, thinkin' about my way to boss up
If a nigga say he want the smoke, we got the sparkers
I ain't gotta pay 'em, they gon' do it just because (do it just because, do it just because...)

I ain't gotta pay 'em, they gon' do it just because (because), uh
I ain't gotta pay 'em, they gon' do it just be-

Know he got a frost wrist, uh
Climbin' out the holes, but I do this shit so effortless
Hustle just to live
Spent the 50 bands on the whole squad, shoppin' at Phipps
And they know I got 'em, but they better never have loose lips
All this water on me, lookin' like a motherfuckin' cruise ship

Got Glizzy's on Glizzy's, never go nowhere without the hip, ayy
Got ten million out the oven, like a chocolate chip
Got QPs 'cause real Ps never cop a zip
My whip a spaceship, I'm so comfortable in my cockpit

Countin' all this paper, I ain't never think I lost
Ridin' in the States, thinkin' about my way to boss up
If a nigga say he want the smoke, we gotta sparkers
I ain't gotta pay 'em, they gon' do it just because

I ain't gotta pay 'em, they gon' do it just because (because), uh
I ain't gotta pay 'em, they gon' do it just be-",True,en
f409e39f-ccc2-468e-b348-c09c2f1e5bd7,King Size,Roddy Ricch,5721c227-4caf-48b1-bbfc-1a4ed3276963,trap,Hip-Hop/Rap,Roddy Ricch,King Size,"(Sonic goin' crazy)
Woo, yeah, yeah
Uh-huh, uh-huh
Uh-huh, uh-huh

Sleep on a king size (uh-huh), wet like the springtime (uh-huh)
Colossal ring size (uh-huh), still rock the C-side (uh-huh)
Can never be broke, rather count money in the meantime (uh-huh)
That's not my ho, shit, I just fuck her in between times (uh-huh)

Go fully loaded, Maybach ridin' in my free time (woo)
I pour some soda every time I need some me-time
Go Nipsey blue, Louis Vuitton pants from Etai
Southside, Northside, Westside, Eastside (it's Ricch)

Black Marni slides, all fur on my feet (fur on my feet)
My nigga drove, 'cause I was in the backseat, too geeked (backseat too geeked)
We talk expensive (yeah, yeah), Rollie face Tiffany (yeah, yeah)
It's new condition, Richie, I'm infamous (yeah, yeah)

They never seen my vision, I was too ambitious (too ambitious)
Put stones in Christ's face, 'cause I knew Jesus listenin'
She ain't no gold diggin', but she can keep a pension
Over-possessive, but she like to be with bitches (hey)

Every time I see her gotta rat-tat-tat
Keep me some pistols that go bat-bat-bat-bat (bat-bat-bat-bat)
My cousin got rich off of crack-crack-crack
My lil' niggas got some ha-ha-ha-hats (yeah, yeah)

Check my wrist, my rings a check, check my earrings, that's a check
This the really rich effect, she wanna give the dick a peck
Birds slidin' in the vet, I don't hide, I just vex
I just chase the whole bag, I take pride in my Nike Techs

Sleep on a king size (uh-huh), wet like the springtime (uh-huh)
Colossal ring size (uh-huh), still rock the C-side (uh-huh)
Can never be broke, rather count money in the meantime (uh-huh)
That's not my ho, shit, I just fuck her in between times (uh-huh)

Go fully loaded, Maybach ridin' in my free time (woo)
I pour some soda every time I need some me-time
Go Nipsey blue, Louis Vuitton pants from Etai
Southside, Northside, Westside, Eastside (it's Ricch)

Ayy, Westside Vs, do it for the team
Hoppin' out, squeeze, 'til Double O free
I ride 'round with them babies, five-hundred on my chain
I got number one hits, but I can't go out, like Lil' Xan
Hey, made this shit off pain
Now, pull up to V12s, I be slidin' in the rain

I got new bracelets, but I can't ever change
Interior Spider-Man, I ride with Mary Jane
Still antisocial, I don't talk a lot
I drop the top, Roddy hot, biggest yacht

Grab a pot, serve a lot, I don't never fuck with SWAT
Outside, everyday, we on gangster, imitate
Yellow tape 'em, out of state, lot of Glocks, I don't fade

Sleep on a king size (uh-huh), wet like the springtime (uh-huh)
Colossal ring size (uh-huh), still rock the C-side (uh-huh)
Can never be broke, rather count money in the meantime (uh-huh)
That's not my ho, shit, I just fuck her in between times (uh-huh)

Go fully loaded, Maybach ridin' in my free time (woo)
I pour some soda every time I need some me-time
Go Nipsey blue, Louis Vuitton pants from Etai
Southside, Northside, Westside, Eastside (it's Ricch)

Southside, Northside, Westside, Eastside
Southside, Northside, Westside, Eastside",True,en
b597700b-9340-4970-a03a-fcf84732fec7,No Rest,Roddy Ricch,5721c227-4caf-48b1-bbfc-1a4ed3276963,trap,Hip-Hop/Rap,Roddy Ricch,No Rest,"I'll never get no rest (no rest)
Workin', I ain't even got a desk (uh-huh)
Poppin' bad hoes out of catch
Poppin' bad hoes out of catch
Playin' out field like the Mets (play ball)
Don't tolerate no disrespect (no way)
Gotta top good drink with X (X)
Nigga, I'll never get no rest, ayy

Watchin' my toddler while they watchin' TV
All money in, money counter for a hundred
When I'm outside
You can't even see me
All the things you did
Lil' nigga, I done done it
All we knows is fuck the hoes
And get the money (get the money)

She want me fuckin' four times
Pop a hundred (pop a hundred)
Work her out, make a bitch do lunges (work her out)
I've been drownin' in this water like plungers
We at the top of the T-O-P
Money could climb up to G-O-D
You can never reach my P-O-V
Nigga can't question me, I'm P-V-C-C (woo)

Can't condone sucka shit, niggas know that I'm overly lit
Why the fuck would I commit to a bitch?
New stones on my wrist, told her
""Give the pinky ring another kiss""
Lookin' like cold stones in this bitch (yeah, yeah)
I'll never get no rest (no rest)
Workin' I ain't even got a desk (uh-huh)
Poppin' bad hoes out of catch

Poppin' bad hoes out of catch
Playin' out field like the Mets (play ball)
Don't tolerate no disrespect (no way)
Gotta top good drink with X (X)
Nigga, I'll never get no rest

Woo, woo, I'll never get no rest
Woo, woo, I'll never get no rest
Woo, woo, I'll never get no rest
Woo, woo, I'll never get no rest

I'm cold like ice and I never think about the price
The inside the house look nice
Only like red and I don't like tresh
I was in the H, ridin' with the prince
Ran the money up, I been rich ever since
Bust through the gate, I ain't stranded on the fence
Open up the door, get top off rip
Stayin' out the way, I don't like get in the mix

Suited and booted like I got a tux
Had the birthday with Drake in the cut
I'm lovin' the way that you fuckin' me baby
I bought Chane'-ne' for the lust
The Miami high rise is luxury
Two-fifty on the furniture luxury
Got my dawgs on my back, got the city on my back
You know they put their trust in me

I'll never get no rest (no rest)
Workin' I ain't even got a desk (uh-huh)
Poppin' bad hoes out of catch
Poppin' bad hoes out of catch
Playin' out field like the Mets (play ball)
Don't tolerate no disrespect (no way)
Gotta top good drink with X (X)
Nigga, I'll never get no rest

Woo, woo, I'll never get no rest
Woo, woo, I'll never get no rest
Woo, woo, I'll never get no rest
Woo, woo, I'll never get no rest",True,en
9f0b8e82-443b-4143-8e75-0852bd43d853,Get Swept,Roddy Ricch,5721c227-4caf-48b1-bbfc-1a4ed3276963,trap,Hip-Hop/Rap,Roddy Ricch,Get Swept,"At the spot
Had twenty cash at the spot
Had to stash twenty cash at the spot
Started little but I made it to a lot
Ayy
(Sonic goin' crazy)

Had to stash twenty cash at the spot (a whole two hundred)
We had started from a little, made a lot (we made a lot)
I pull a whip, bust the whole parkin' lot
Pay attention to detail, album up pre-sale

The Rolex factory, I bought it retail (it shines)
They tell me all the time, I gotta give these niggas hell (give 'em hell)
The projects treat me like a god in the flesh (flesh)
They just tryna survive, they ain't tryna get swept (get swept)

I told her that it's promises that shorty could've kept
I can charge it to the game, I can slide you to the left
Got adjusted to the fame, and it ain't no lookin' back
But they always knew me, this a Roddy routine

Had to jump off the porch, now I put the Porsche in sport
Pull up to the crib, gate tall, look like a fortress
She a work of art, body look like a portrait
I never force it, I just endorse it
Keep a lot of motion, my water OD
Slide up in Atlanta, ridin' down Peachtree
Pull up, all the vibes, make a lounge out the suite

Had to stash twenty cash at the spot (a whole two hundred)
We had started from a little, made a lot (we made a lot)
I pull a whip, bust the whole parkin' lot
Pay attention to detail, album up pre-sale

The Rolex factory, I bought it retail (it shines)
They tell me all the time, I gotta give these niggas hell (give 'em hell)
The projects treat me like a god in the flesh (flesh)
They just tryna survive, they ain't tryna get swept (get swept)

I tried to tell these niggas the benefits of goin' legit
These championship rings on the top of my fist
What you know 'bout takin' all your niggas to the top of the list?
And then they ride your coattail but if you drop you ain't shit, woah, woah
And I got a soul that bleeds all these melodies, yeah, yeah
My mama say she see the demons all on me, so I gotta stay out of her way

When it's stains on your name, you can't wash it out
Been at the traphouse all day like a Waffle House
'Cause I been havin' a lotta pain, I had to walk it out
I don't want that shit to be the only thing I talk about

Had to stash twenty cash at the spot (ayy, a whole two hundred, ayy)
We had started from a little, made a lot (I made a lot)
I pull a whip, bust the whole parkin' lot (skrrt)
Pay attention to detail, album up pre-sale

The Rolex factory, I bought it retail (it shines)
They tell me all the time, I gotta give these niggas hell (give 'em hell)
The projects treat me like a god in the flesh (ayy, flesh)
They just tryna survive, they ain't tryna get swept (get swept)

They ain't tryna get swept, they ain't tryna get swept
They ain't tryna get swept, ayy",True,en
30b39e37-6eba-4e8b-82db-b725bde1339b,Red Beans & Rice,Spearhead,e23eac42-f904-47da-8599-823ff431bea4,"rap, alternative rap, political rap",Hip-Hop/Rap,Spearhead,Red Beans & Rice,"I don't eat red meat but I'm not a vegetarian
I like ice cream/ but not much dairy
'cause it gets in my nose
it makes me gotta blows
snot like a farmer and it gets on my clothes
it's rather unsightly/ can even be frightening
but cold medication/ should not be taken nightly
because everything dat I put in/ it comes out again
and if I eat lean/ it helps me stay thin
check out my hair, I keep it dreaded
about my corn? I like it breaded
hot from the oven? MMMM! you said it!
straight to the stomach my fuel is unleaded
But not fossil fuels/ I like olive oil
I like my eggs scrambled/ I never eat 'em boiled
The way to my heart/ is with a garlic clove
it smells hella sexy/ when it's on the kitchen stove

(chorus)
Red beans and rice, red beans and rice, red beans and rice,
make everything nice
red beans and rice, red beans and rice, red beans and rice
I could eat a plate twice. So nice. So nice. So nice.

Most people on the planet/ eat beans and rice
some can't afford beef or they think cows are nice
If you talk table manners don't believe all they
told ya I eat with my fingers like an African soldier
I don't know which fork is for meat or for salad
I haven't got a clue when they say ""whet your palate""
eat a lot a prunes it'll keep you loose
skin'll turn orange if you drink carrot juice
I think beef jerky tastes like a boot
when I'm on the street I chew a licorice root
and if I have a soar throat /then I eat ginger
and I will break bread /with those who are strangers
so come into my cave / tonight I will show you
food is for life / and life I will show you.
If you're havin' problems/ I invite you here
step into my kitchen /we will cook away your fears

(chorus)

Amazing grace how sweet the sound that
saved a wretch like me
Dammit let's eat!
Mi casa es su casa. Mi cocina es su cocina.
you know what I meana!

(bridge)
get some boilin' water! Yeah!
get a pound aof beans! Yeah!
get some spice and make it nice! Yeah!
you know what I mean!

But if a friend has gas /then he's passin'
it gives me a headache end I gotta take aspirin
it makes me dizzy/ I fix him fizzies
to calm his stomach/ when it's feelin kinda
busy some like it white/but I like it brown
I like spicy chicken/ and I can throw it down
chilis come red /and chilis come green
when it's on the table/ I lick my plate clean
Then I drink a toast to the host and hostess
But first we give thanks/ to God the Mostest
'cause if I am a guest/ I always wash my plate
sip a sip a soda while I sing Amazing Grace
rings on my fingers /left round the tub
bass fulla bubbles/ bumpin like a wash tub
think about my troubles/ goin down the drain
dryin' up the puddles in the back of my brain
But...

(chorus)

(bridge)",True,en
b08f394b-4353-49ae-8b8d-c32312921f4d,Positive,Spearhead,e23eac42-f904-47da-8599-823ff431bea4,"rap, alternative rap, political rap",Hip-Hop/Rap,Spearhead,Positive,"Make me, make me sweat
til I'm wet, til I'm dry
but then wipe this tear from my eye
haven't felt this warm in a long time
even out in the bright sunshine
in lifetime of springtimes
I fall into your arms
with my heart pumpin' on
like a bubblin' dub track
like a garlicy hot tonque and lip smack
I did some contemplation
before we got down to this consecration
maybe baby something in you kiss said
it was an impetous
for me to rethink this
If I love you
then I better get tested
make sure we're protected
I  walk through the park
dressed like a question mark
Hark!
I hear my memory bark
in the back of my brain,
makn' me insane...
...like cocaine
(chorus)
But how'm I gonna live my life if I'm positive?
Is it gonna be a negative?
How'm I gonna live my life if I'm positive?
Is it gonna be a negative?
but how'm I gonna live my life if I'm positive?
It dawned on me, it seemed to me
this is unusual scenery
this red light greenery
make me feel kinda dreamery
thinkin' how I used to be
Arrive at the clinic
walk through the front door
take a nervous number
then I think about it more
about all the time
that I neglected
makin sure that
I was protected
They took my blood
With an anonymous number
two weeks waitin' wonderin'
I shoulda done this a long time ago
a lot of excuses why I couldn't go
I know these things and these things I must know
'cause it's better to know than to not know!
(chorus)
I go home to kick it
in my apartment
I try to give myself
a risk assessment
the wait is what can really annoy ya
everyday is more paranoya
I'm readin' about how it's transmitted
some behavior I must admit it
who I slept with, who they slept with,
who they, who they, who they slept with
I think about life and immortality
what's the first thing I do if I'm H.I.V
have a cry and tell my mother
get on the phone and call my past lovers
I never thought about infectin' anotha
all the times that I said ""Hmmm? Don't bother.""
Was it really all that magic?
The times I didn't use a prophalactic
Would my whole life have to change?
or would my whole life remain the same?
sometimes it makes me want to shout!
all these things too hard to think about
a day to laugh, a day to cry
a day to live and a day to die
'til I find out, I may wonder
but I'm not gonna live my life six feet under
(chorus)",True,en
b0ac68d0-0aa4-4b24-b864-e95e9bca48f7,Piece O' Peace,Spearhead,e23eac42-f904-47da-8599-823ff431bea4,"rap, alternative rap, political rap",Hip-Hop/Rap,Spearhead,3. Piece O' Peace,"Every million miles ya haffe tek a first step
Every million miles ya haffe tek a first step

I was sick of flippin' channels / and sick of
Flippin' quarters
I called my man zulu/ said, meet me on the corner
Maybe we can check out the clubs in the city
'cause waitin' at the crib can make you feel shitty
So he hopped into my ride on the squeaky door side and
We hit the upper room/ where they keep the funk alive
The man at the door/ invited us inside
He said there isn't any cover/ if you're keepin' up the vibe

We took it upstairs to big up the area
The people in the house was shakin' up their derrier
Raisin up their hands and raisin up their voices
Tokes was the d.j. I was happy with his choices
Maxin' and mixin' the beats they was fixin'
My brain like a smoke that was doubly, triply, dope
The decadence is gone and lifemay never be the same
'cause when the beat hits
You feel no pain!

So a piece of peace for you, a piece of peace for me
A piece of peace for every peaceful person that you see
A piece of peace for you, a piece of peace for me
But I don't act peaceful if you're not that way to me
Every million mile ya haffe tek a first step
Every million mile ya haffe tek a first step

Five-o was outside waitin' with their vans
Hopin' that shit would get outta hand
So dat they could test their weapons
On innocent civilians,
The high tech shit costin' million and millions
Money should've spent on something for community
But that's o.k. because we got the unity
So fuck the police! we can keep the peace!
We can make love and conquer that disease
Because nothing in the world is impossible tome
I can swim on dry land and run upon the sea
And nothing in the world is impossible to me
You can chop off my legs and I'll land upon my feet
I turn it over to the spirit and I leave her in charge
My favorite record sounds like an african head charge
She'll beat up the beats with and eggbeater
Pour em in the batter
She'll make 'em sound fatter and fatter
'cause food for the soul is the flavor of the music
Spice for the brain is the essence of the lyrics
Songs can be delicious and also be nutritious
You can't payfor culture, it can only be experienced
Boom! boom! boom!
Well have you ever been experienced!
Well

If the funk is on time
Then we call it punctual
We're matchin up the footsteps
Spiritual and functional
Like carnivale in rio
The charlie hunter trio
Had the groovers groovin'
And all the movers movin'
Cuba, twist, reminisce and nme
Graffiti on the street for everyone to see
Even the elders in the house was havin' fun
Because we livin' life at the top of our lungs
It was truly a life celebration that night
Had the world's greatest time
But we'd never sell the movie rights
To morrie povich, or anyone like that
And anyone who does is really, really whack!
We fish or cut bait and we're not takin' prisoners
And if you comin' late then you might've missed some a this
Funky good time we had here in fronta you
So long, farewell, alveerdersain, adieau to you",True,en
4dde8551-fa6e-4d67-8997-8e47608e80f5,Hole in the Bucket,Spearhead,e23eac42-f904-47da-8599-823ff431bea4,"rap, alternative rap, political rap",Hip-Hop/Rap,Spearhead,Hole in the Bucket,"(Money Money Money Money Nothin But
Money)
I work 9 to 5 but it starts in the P.M.
And I love the sunrise so I step out in the A.M.
The street is black and shiny from the early
Nightly rainin'
The glory of the light it brings evaporation
Morning's fresh oxygen cleanest
I take a deep hit help my mind stay the greenest
I'm already wake so I'm not drinkin' coffee
Don't wanna cigarrette, 'cause it's a form of slavery
Walk into the store 'cause I need a few items
The sun heats the blood like a hit of vitamins
Needa buy some food and some 'poo for my dreads
Can't remember why but I need a spool of thread
Man with dirty dreads, steps around the comer
He asks me for a dime, a nickel or a quarter
I don't have any change so I'm steppin' along
And as I'm walkin' past he sings to me a song...

There's a hole in the bucket dear liza, dear
Liza...(repeat)

The day is pickin' up cause I'm hummin' his song
The buses and the people all keep movin' along
To the shopkeeper I say ""was'sup?""
And I'm thinkin' about the man who's holdin' up the cup
I pay for all the stuff and get a pocketful of change
Should I give it to the man's the question in my brain
What's gonna happen if I give the man a dime?
I don't wanna pay for anotha brotha's wine
What's gonna happen if I give the man a quarter?
Will he find a dealer and try to place an order?
What's gonna happen if I give the man a nickel
Will he buy some food or some pork that's been pickled?
I'm not responsible for the man's depression
How can I find compassion in the midst of recession?
How come all these questions keep fuckin' with my head
And I still can't rememba why I need a spool of thread.

He's starin' in my eyes just as I'm walkin' past
I'm tryin to avoid him cause I know he's gonna ask
Me about the coinage that is in my pocket
But I don't know if I should put it in his bucket
Walk right past him to think about it more
Back at the crib I'm openin' up the door
A pocketful of change it don't mean alot to me
My cup is half full but his is empty
I put back on my cap and I start headin' back
I reach into my pocket and I have a heart attack
Well as I'm diggin' deep I scream ""oh no!""
There's nothin' in the pocket but a great big hole
While I was busy thinkin' if he would buy smack
The jingle in my pocket it slipped through the cracks
No one has the change and it's fuckin' up my head
But now I no the reason why I had to buy the thread!",True,en
f6b96304-b99d-4d1e-bb1d-a0374eff7283,Dream Team,Spearhead,e23eac42-f904-47da-8599-823ff431bea4,"rap, alternative rap, political rap",Hip-Hop/Rap,Michael Franti & Spearhead,Dream Team,"Red Black Green, Red Gold Green
Dat's how we know we a fe we dream team
(repeat)

The other day
A friend gave me a call
He said that the dream team was playin basketball
Was so excited / That I hadda get a Witness
The first time the NBA was in the 'lympics
players from the east/ players from the west
And you can bet that they took the very best
(""Except they left Tim Hardaway at home""
""Yeah that was hella fucked up!"")
But Anyway
I tuned in because I was hella psyched
To see Magic Johnson on the same team as Mike

Gettin crazy / Havin lots of fun
makin sure that they got the job done
Fans were wavin the red white end blue
It seemed strange to me / was it strange to you?
Brotha's on the street / And everyone is scared a ya
So how could ten Africans represent America?
Bullshit / It didn't mean a thing
'Cause in the same year / we saw Rodney King
So I thought / That I would put a team together
A team that I have been waitin for forever
Some a you / May know what I mean
But if you don't then / Lemme introduce you to...
MY DREAM TEAM!
""SPEARHEAD IN THE AREA!""

(chorus)
THIS IS MY DREAM TEAM, MY DREAM TEAM
MY DREAM TEAM, MY DREAM TEAM

Well Chuck D'sannouncin'/ Flava's doin' color
halftime enterntainment by Dre and Ed Lover
Malcolm X is the coach he's drawin' up the strategy
he's choppin up America's anatomy
'cause they're the ones/ we're up against of course
are general manager is Chief Crazy Horse
Huey Newton/ 'cause he was extra hard
he's the one/ who would be playin at the shootin' guard
I dreamed Charles Barkley would be
played by Marcus Garvey
he'd be throwin people off his back and makin
sure they never got a rebound rebound / and
he'd throw it to the outlet
Nat Turner/ 'cause he can turn the corner when
he's out there
he be flyin through the air/ throwin passes like
he really doesn't care/behind the back /and in
between the legs
he's handlin the rock /as gently as an egg
he's throwin it in/ to Angela Davis's neighborhood
she's postin up down in the extra hard wood
she grabs the pill/ and then she puts her shoulder down
get out the way/ 'cause she's gonna throw down now
boom /oh my god! I just can't believe it
get anotha backboard or bettah yet leave it.
we always play for fun /but we always play for keeps
the game is over and the loser's gotta sweep.
up the glass/ that we busted in the ass
Set the record straight /about America's past
THIS IS MY DREAM TEAM
""SPEARHEAD IN THE AREA!""

(chorus)
DREAM TEAM'S IN THE HOUSE
DREAM TEAM'S IN THE HOUSE

Well after doin that /we be headin for the ceremony
hand on the heart /is a bunch of baloney
the spirit of/ the '68 olympics
Black power people/ can I get a witness
fist in the air/ this is proper manners
while Jimi Hendrix/ is fuckin' up the spangled banner
up into the sky/ Miles Davis blows a horn
Look into the bleachers/ It's Bill Clinton sellin popcorn
so now we jump! and we have a celebration!
Shaquille 0'neal would provide the entertainment
to some of you this is a far fetched scheme
but to me... I'll tell you what it is...
This is my Dream Team...
""spearhead in the area""

(chorus)

Yeah Sista Rosa Perks she gets the first seat
on the bench!
and Dr. King, webring him in in a pinch.

Because I like to shoot hoops not brothas!
Beceuse I like to shoot hoops not brothas!
Because I like to shoot hoops not brothas!
Because I like to shoot hoops not brothas!",True,en
42329cec-58ea-4377-bb41-e976ca96a935,Fly M.C.,Special Ed,2868a742-f08e-425f-b240-10dcb7be905a,"hip-hop, hip hop",Hip-Hop/Rap,Special Ed,Fly M.C.,"I hold the fly microphone in the fly right hand
I'm a real fly guy, better yet fly man
The title that I hold is the fly emcee
Why? Cause I'm fly, yeah, that's me
You see, I'm flier than a flyer to a hip-hop jam
I can even fly higher than a plane from PanAm
Flew, took a flight, yes, to France in the fall
They be cryin when I'm flyin, cause I'm flier than them all
Went to France because I was bored
So I took a flight over on the fly Concorde
On arrival I was greeted by the king of France
The queen, a band playin for the circumstance
Up came the royal crier, he unrolled his scroll and said
""He's flier than the sire and his name is Special Ed""
The king said, ""You really think you're really that fly?""
I said, ""He read it and he said it,"" he said, ""That's a lie""
I said, ""I'm fly, I never lie and, yo, my name is Special Ed
And if you don't get out my face, I'm gonna fly your royal head""
The king tried to call on his royal troops
Pulled out the Uzi and the king said, ""Oops!""
Up jumped the queen, she called me a nut
So I kicked her in the butt, then I slapped the royal slut
Said, ""Silence! Stop the violence, hear what I have to say - eh""
The tuba played a note, so I shot the tuba player
Hell broke loose, the queen just rushed me
Grabbed me by my pants, began to hush me
Pushed me on the plane, dragged off the shoes
The Levi button fly, 501 blues
Ripped off the shirt, took off her royal crown
Disrobed the royal robe, took off the royal gown
Hotter than a stove, worked me over, she was illin
She was suckin me and fuckin like a heated gorilla
Thought to myself, could this really be true, and
Yo, then I thought: yo, what the hell am I doin?
Gave her her clothes and I said, ""Good night""
Opened up the door, but the plane was in flight
She said, ""Special Ed, we're in the middle of the sky!""
I said, ""So? I know, you don't have to fly,"" I
Licked the switch and flew the latch
Then I kicked the bitch through the cargo hatch",True,en
ea77bf77-9d56-48d4-871d-40c450accfac,Think About It,Special Ed,2868a742-f08e-425f-b240-10dcb7be905a,"hip-hop, hip hop",Hip-Hop/Rap,Special Ed,Think About It,"(Think about it)		--> Rakim
[ VERSE 1 ]
Sometime I want to rhyme, but then again I must wait
For the approaching of a toy to introduce him to his fate
Death, I always try to figure out why
Sucker MC's want to battle me when they know they will die
In the end, so why pretend you're livin trifle
I'ma rope you up like a cowboy, stifle
Your throat with my microphone cord, cause I'm the lord
Of the rhyme, some people say that they can never get bored
Cause I'm exciting, pleasurable listening
I'm only tryin to show you what your records keep on missing, and
I'm only tryin to help our your crew, and
I know I must forgive ya, cause you don't know what you're doin
So sucker MC's, please think twice
Would you join the navy if you didn't like the gravy and rice?
Think about it
(Think about it)
[ VERSE 2 ]
Think about that, then think about this
If I tried to hit you, do you think that I would miss?
Well, I'm fast, I only hit the center, mass and head
I'm Special Ed, funkadelic relic of the ages
If you like this, then I got pages and pages
Some dumb bubbleyum bubblegum chewin
Chumps be screwin
I the fly, I wonder why
What's the reason for the treason, huh, you want to die?
I'm high-post, higher than most
Not from France, but I eat french toast
I'm international, I make the cash in all ways
Got dollars in my pocket, cause man, it pays
To be smart, I turn my art into an empire
Cause I grow and grow, so you know I never tire
Got the status and the clout, no doubt
Of all time, I got the rhyme to take you out
Cause my rap is like a trap that you fall into
I'm Special Ed, now who the hell are you?
You're unknown, don't even own a microphone
You can't rap, you make me want to cap a stone
In your eye, why do you persist to make noise
When ever since I was a kid I never did like toys
I get furious, leavin MC's curious
In a daze, my hits do faze
I recommend you listen to the phrase that pays
Don't jest, you won't succeed
I make you bleed till you need a transfusion
This is no illusion
I know you're gettin blurried, don't worry, it's confusion
Of the mind, don't whine, you can't cry forever
It'll take your life to decipher the clever
Rhymes that I say in the way that I do
Akshun Luv, my deejay, I guess it's on you
But is there anybody better? I doubt it
And if you think you are, I think you better think about it
(Think about it)
[ VERSE 3 ]
The lyrics are suffice, suffice are my lyrics
Idolized by the public, praised by the critics
Worth more than gold, longer than a giraffe
Take em to the pawn shop, get a yard and a half
And I'm the creator of the rhymes you praise
All of y'all with the gall I will leave in a daze
Try to battle me, and I'ma make it my job
To burn you as I turn you like a shishkebab
Cause yo, the style that I portrait is the style of a leader
If you' re really gonna battle me, you're really gonna need a
Whole crew, not two, three or four
You gonna need a whole posse, a mossie or more
Cause I'm strong, rap long, yet the rhymes don't drag
Like a bag full of tricks or a trick in a bag
I'm uprising, surprising
Not a nag, not antagonizing
Cause I'm full of fun, and I got a gun
To kill MC's fresher than me, but there are none
Cause I've looked everywhere
Under every rock, in every chair
MC's they try to hide when I get hot
I know that they hide, but where I know not
You're nothin but a sucker, chump you're scared
You tried to battle me, but you wasn't prepared
You slept, I crept up, shot your drawers
And now you're runnin for your life like you're swimmin from Jaws
But go, I know that you've learned your lesson
Go to church, just confess, and
Tell the preacher you committed sin
You battled Special Ed when you couldn't win
Tried, you cried, you shouted, you pouted
But I told ya - you should thought about it
(Think about it)",True,en
8f80f358-5265-406f-8684-5134e46707ab,Club Scene,Special Ed,2868a742-f08e-425f-b240-10dcb7be905a,"hip-hop, hip hop",Hip-Hop/Rap,Special Ed,Club Scene,"F/ Kazaam

[ Special Ed ]
This is not just a hip-hop gig
It's club, it's pop, it's big, you dig?
No small-time, no small rhyme
I won't fall at all, cause I'm
Supported, nothin is extorted
I know you can hear it but can you afford it?
I bet you caught it, stole it, hold it
Don't you know the law detest such acts?
First you purchase, then pay tax
Not take take free and step
Jail is where your kind is kept
It's like a party, know what I mean?
As a matter of fact call it the club scene

(Dance, I know you got the feeling
I know you got the feeling
Let's dance)

[ Special Ed ]
I'm Special Ed, this is Kazaam
This is not just a hip-hop jam
We came like a spark to ignite
Explode into a mode like dynamite
Head-on, full blast
Thread on and I'ma get on your ass
Then let you go
And give it to Kazaam, yo

[ Kazaam ]
I'm Kazaam, and I'm next
Ed gave the tag, here's the suplex
Here's the pin - we win
Do i have to get physical when we're in
A battle, it's supposed to be pleasant
Not the annihilation of a peasant
I'm a lady, know what I mean?
Don't get fed Ed, this is the club scene

(It's not over) (over) (over)

[ Special Ed ]
Alright Kazaam, I'ma chill
I understand but I can and will
Get ill
[ Kazaam ]
Yo Ed, just groove it
And nothin movin
Nothin to be proven
Can't nobody take what's yours
[ Special Ed ]
Yeah, I know cause I'ma break some jaws
And bones, forget sticks and stones
Don't take no shorts, don't give no loans
Well anyway, how much does a penny weigh?
Take your cheap thought, you don't get any say
So shove it
Yo Kazaam, do you like it?
[ Kazaam ]
I love it, I adore it
Hit it, I'm with it, I'm all for it
All against, commence to get overthrown
I'm on the microphone
Therefore, near or afar
When I do a show leave the door ajar
Cause the heat I generate boils water
I can burn any rhyme you ever thought of
No sweat, no Keith
No joke, no smile, no teeth
Yo Ed, tell em what I mean
[ Special Ed ]
Grow up boy, this is the club scene

[ Kazaam ]
Check it out
Take the record out
Put it on the wheels
Tell me how it feels
What is the texture, is it soft or hard?
If it's soft take it off, then throw it in the yard
Let a crackhead sell it
If it's hard memorize it and spell it
Every last sentence
Attend every show I take your attendance
But don't cut out
Because you might fail and your mother might shout
And scream and get real mean
And go (go) no more of that club scene!

(Rock your body, ro-rock your body)

(It's) (over)",True,en
2ed19baf-470a-4129-9523-eac3d3452b0c,Hoedown,Special Ed,2868a742-f08e-425f-b240-10dcb7be905a,"hip-hop, hip hop",Hip-Hop/Rap,Special Ed,Hoedown,"Yo, I know you know a hoe
You might know a few
This jam is about two
Skeezy, sleazy, peasy, low down
(hoedown)
This is the hoedown
(hoedown)
(hoedown)
(hoe) (hoe) (hoedown)
(hoedown)

[ verse 1 ]
Lucy, I remember lucy
With the big fat juicy
Watermelons comin out the grocery store
Saw her comin out of the door
I said, ""miss, can I help you with this?
Please don't diss, I just wanna kiss""
She said, ""of course,"" kissed with force
Suckin on my lips just like she was a horse
I said, ""excuse me, please don't bruise me
Please don't tease or skeeze or use me
I'm not like that, I'm not kinky
Would you please remove your pinky
>from my rear?
Can't you hear?
What's the matter?
Get your hands off the platter
We're standin outside on a crowded block""
I felt her hands goin down on my sock
It's a polo, she was so low down
I coulda swore her knees was on the ground
I said, ""damn ma'am, get on your feet
Be on your way, cause you can't have my meat""
Her eyes started waterin, so I brought her
In the store, to buy some more
Tissue, I said, ""good-bye, I'm gonna miss you""
She said, ""no,"" I said, ""yo hoe, ho-ho, merry christmas""
This must be a gift, have you ever imagined that if
You was a manget, and a girl was a metal filing
Would they all come piling?
On your body, growin like hair, yeah?
Well, just think of me as there
Didn't need a girl, had plans for the day
Wanted to step, but she wanted me to stay
You could say she was disturbing my peace
So I called the police

Cause yo
This hoe was low down
(hoedown)
And this is the hoedown
(hoedown)
(hoedown)
(hoe) (hoe) (hoedown)
(hoedown)
(hoedown)
(hoe) (hoe) (hoedown)

[ verse 2 ]
I was coolin on the ave, it was a regular day
Lookin for a girlie, cause I wanted to play
Saw a girl, as I examined her back
Her butt was bigger than a triple dipple big mac
As she turned around I had a look at the grill
I said, 'nah - chill'
I turned around, I was about to jet off
When I took a step and bumped into something soft
It was a girl, she was the sweetest thing
Yes indeed, she was a meal, she was fit for a king
I was scopin, but hopin and hopin to rope in
My desire was up, and my resistance was slopin
She said, ""excuse me, but I was wrong
Maybe I came on a little bit too strong""
I couldn't talk, I couldn't even think
I said, ""well, can I make it up, can I buy your a drink? ""
She gave a nod to show her acception
To my pleasure, but with one suggestion
Yo, to be alone was the suggestion she had
Which was even better, so we went to her pad
I brought the wine that you call rose
We snuggled up in the couch, yes, we got cosy
She put the glass to her lip, and then she took a sip, and
Tried to get up, but she was slippin and trippin
Did a double summersault, the girlie was flippin
Took a step back, took out the hair clip, and
Unbuttoned her blouse, yes, the girlie was strippin
Put her hands on my pants, the zipper was zippin
Laid me down on the couch, sat down on my hip, and
Straddled up, and then she took a dip, and
The girl was sweeter than a chocolate chip, and
I called her name out loud, I said, jodie - oh!""
I said, ""you must be down with the rodeo
The way you ride, it might sound silly
But you're ridin up and down like bronco billy""
Time went by, the sex had stopped
I looked around, I saw jodie just dropped
What was the matter, yes, the girl was in shock
She said, ""special ed, I think it was your -
But never mind, I be fine, just chill""
I said, ""that's what you get for playin buffalo bill""
In a minute the girl recouperated
Gave her some super-strenght, and she ate it
I then waited till she finished some soup
And then I said, ""get the hell out, good lookin out, troop""

Cause yo
This hoe was low down
(hoedown)
And this is the hoedown
(hoedown)
(hoe) (hoe) (hoedown)
(hoedown)
(hoe) (hoe) (hoedown)",True,en
57ac4675-b3d7-4693-b08b-5bb3a06c2d86,I Got It Made (Businesslike version),Special Ed,2868a742-f08e-425f-b240-10dcb7be905a,"hip-hop, hip hop",Hip-Hop/Rap,Special Ed,I Got It Made (Businesslike Version),"I'm your idol, the highest title, numero uno
I'm not a Puerto Rican, but I'm speakin so that you know
And understand I got the gift of speech
And it's a blessin,

So listen to the lesson I preach
I talk sense condensed into the form of a poem
Full of knowledge from my toes to the top of my dome
I'm kinda young--but my tongue speaks maturity

I'm not a child, I don't need nothin for security
I get paid when my record is played--to put it short
I got it made

I'm outspoken...
My language is broken into a slang
But it's just a dialect that I select when I hang
I play it cool--'cause coolin is all that I'm about

Just foolin wit tha girlies, yes I'm bustin it out
I'm Special Ed and you can tell by the style that I use
I'm creatively superior, yo--I never lose
I never lost 'cause I'm the boss

I never will 'cause I'm still
The champion, chief one, won't lose until--
I choose

Which I won't 'cause I don't retreat
I'll run you over like a truck and leave you dead in the street
You're invitin me, a titan to a battle--why?
I don't need your respect 'cause I--
Got it made

I'm talented, yes I'm gifted
Never boosted, never shoplifted
I got the cash, but maoney ain't nothin
Make a million dollars every record that I cut and--

My name is Special Ed and I'm a super-duper star
Ever other week I get a brand new car
Got twenty, that's plenty yet I still want more
Kinda fond of honda scooters--got seventy-four

I got the riches--to fulfill my needs
Got land in the sand of the West Indies
Even got a little island of my very own--
I gotta frog--a dog with a solid gold bone

An accountant to account the amount I spent
Gotta treaty with Tahiti 'cause I own a percent
Got gear out wear--to everyday
Boutiques from France to the U.S.A.

And I make all the money from the rhymes I invent
So it really doesn't matter--how much I spent, because, yo
I make fresh rhymes--daily
You burn me--really?

Think, just blink and I made--a million rhymes
Just imagine if you blinked-- a million times
Damn I'd be paid--
I got it made

I'm kinda spoiled
'Cause everything I want I got made
I wanted gear--got everything from cotton to suede
I wanted lead--I didn't beg I just got laid

My hair was growin too long, so I got me a fade
And when my dishes got dirty, I got Cascade
When the weather was hot, I got a spot in the shade
I'm wise because I rise to the top of my grade

Wanted peace on Earth, so to God I prayed
Some kids across town thought I was afraid
They couldn't harm me--
I got the army brigade

I'm not a trader
If what you got is greater I'll trade
But maybe later 'cause my waiter made potato -n- alligator souflee--
I got it made",True,en
ae620290-07ff-4230-9a08-fc454401d500,Intro,Tech N9ne,dde3d9b1-0e44-48bc-b0c9-d739b3570000,"rap, underground rap, gangsta rap, hardcore rap",Hip-Hop/Rap,Tech N9ne,Intro,"I've traveled new roads, I've seen new things and searched for fortune and fame.
All my dreams died no matter hard I tried so nothing but unhappiness remains so now I sleep with this pen in my hand itching to produce and perform. waiting to rule with absolute power. I love these calm little moments before the storm.

Ain't no way you bout to stop this sickness from the
Deepest darkest part of misery psycho alpha schizo
Get your chick she digging me
A.B.S.O.L.U.T.E. P.O.W.E.R.
See me clownin', look at all you player haters
Frownin'
Raw, God said kill'em all Tech's backs to the wall
Fighting 4 my life and Imma bust back till they fall
And I ain't even slangin' them thangs I'm hollin' 187
If you trippin' with strange
I'm really real with it,
Like my homey A.J. say deal with it
Pushin' and pullin', fightin' 4 the mill ticket,
In a minute imma do it like a villain
Imma get'em in the middle of a Bomb,
Put'em on the spot till the funk go pop and
I bet he never have another quam.
Tech nizzle, when I'm thizzled it's who B you
Rollin' with
Dave, Trav, Violet Brown and 3DQ
Hootie Hoo
For those who not knowing that Mizzou thee true,
Imma tell ya like the swedish would say it;
Sug min kuk

Absolute power
That's the only way to roll
Absolute power
They love us everywhere we go
Absolute power
Tecca nina's bout to blow
Absolute power
Absolute power

Absolute power
That's the only way to roll
Absolute power
They love us everywhere we go
Absolute power
Tecca nina's bout to blow
Absolute power
Absolute power

I do hip hop, and I mix it with the hard rock
Designing this rhyming 4 climbing
Tech N9ne he's unwinding
The shining it's blinding,
Greedy so we constantly grinding
I been in the game 16 years making rap tunes,
Raising hella havoc up in the classroom
Now in 02 you can watch me
Clownin' diamonds shining watchin' dvd's on
The Hachitachi
It's all Jesus, now I keep the crowds pumpin' they
Jumpin' get back to the tele we rollin' and stickin'
Somethin' racing to the main line absolute power
Is having Halle Berry and Juliet Lewis at the same time
Oh that's how strange niggas run, listen to the villain
With the gun associated tongue we're close to the
End but not done
The Tech's just began begun
Beginning to begin to have fun
The curse, is tryin' to put me in the hearst
But I will not tumble first things first,
Took a lot of shit and I can't take more
Fuck Jay Farries and everybody
Down wit'em and fuck JCOR.
Absolute power
That's the only way to roll
Absolute power
They love us everywhere we go
Absolute power
Tecca nina's bout to blow
Absolute power
Absolute power

Absolute power
That's the only way to roll
Absolute power
They love us everywhere we go
Absolute power
Tecca nina's bout to blow
Absolute power
Absolute power

Thanks to Strange Music I'm comin' and all my
Enemies they runnin' now all my haters bummin'
Cause I was summoned,
We Kansas City players
And we bout sold game,
We make it so that Tech N9ne is a household name
How many points you got? I got 50 here's a
Question to the censorship committee
Who's the biggest gangs of niggas in the city,
My villains are Gritty,
Big Scoob, Txx Will, Bakarii,
Rest in peace Short Nitty
Power the evil way is power the people say
Rebel yellin' with felons and my pockets are swellin'
This beats from Berlin Germany throwin' up Mizzizy
So ain't no other city concerning me
I teach it and I speak it very loosely
Stamina gunnin'
Got player haters running profusely
Now I got the parents pissed and
Ready to noose me, cause they know that
Absolute power corrupts, absolutely

Absolute power
That's the only way to roll
Absolute power
They love us everywhere we go
Absolute power
Tecca nina's bout to blow
Absolute power
Absolute power
Absolute power
That's the only way to roll
Absolute power
They love us everywhere we go
Absolute power
Tecca nina's bout to blow
Absolute power
Absolute power
Absolute power
That's the only way to roll
Absolute power
They love us everywhere we go
Absolute power
Tecca nina's bout to blow
Absolute power
Absolute power
Absolute power
That's the only way to roll
Absolute power
They love us everywhere we go
Absolute power
Tecca nina's bout to blow
Absolute power
Absolute power",True,en
bf15c120-0651-41b8-bd58-f71774d9b8b8,Angry Caller (skit),Tech N9ne,dde3d9b1-0e44-48bc-b0c9-d739b3570000,"rap, underground rap, gangsta rap, alternative rap, hardcore rap",Hip-Hop/Rap,Tech N9ne,Angry Caller (skit),"Hey, so I was just at your private show in Golden
And the fans told me that I missed you
And I said, ""No, I don't miss him""
Nor should I?
Because, why would I miss a nigga with a wack ass mohawk
A bitch ass nigga that don't give a fuck about hisself, fuck you bitch",True,en
827d3de1-d162-40d3-8a52-e18fcf841b1c,Mind of a Killer,Tech N9ne,dde3d9b1-0e44-48bc-b0c9-d739b3570000,"rap, underground rap, hardcore rap",Hip-Hop/Rap,Tech N9ne,Mind Of A Killer,"We've got 35 or more people out there now killing 20 and 30 people each

Like if I had a .38 right now
I could make you do just about anything I wanted to

Just about all my life people have been doing that to me

Yes, but if they kill without conscious how can they be treated?
How can we recognize them before it happens again?

I think we're all expecting these killers to be frothing at the mouth maniacs
The scary thing is that seemingly normal people commit these crimes
They can act like anyone, your friend, a teacher, the guy next door

I just think we live in such a violent society
I just think we live in such a violent society
I just think we live in such a violent society

Seemed like a regular kind of guy, uh
You know, normal kinda quiet
But, uh, pretty smart
He-he just didn't seem like the kinda of guy that would kill anyone you know? Uh
I mean it doesn't make any sense

They don't think that you're worth anything if you're in their way
You know it's like
She was screaming, so I killed her",True,en
fd294f4a-e02c-4855-a585-799c23d55dd5,The Waitress,Tech N9ne,dde3d9b1-0e44-48bc-b0c9-d739b3570000,"rap, gangsta rap, hardcore rap",Hip-Hop/Rap,Tech N9ne,The Waitress,"Hi, may I take your order?

Dwamn!
Hey, that's all I'ma say right now
I'm at a loss for words, girl, you, girl, gon' take that bow
You lookin... boy, my lady would hate this
If she knew that I was out with her but I'm trippin off the waitress

Woo shit! Who's this? Baby, why you do this?
I'm sittin here with another female and it's 'posed to be exclusive
Beauty, fully loaded booty hips and thighs
I want a raspberry lemonade, baby, and whatever yo name is on the side

You speak unique, beautiful teeth I just peeped
It's makin me weak to the point I can't even eat
Cause you give me butterflies, them butter thighs need to be publicized
A wonderful face and waist that's great and there's no mistake that I love the eyes
Never like them other guys, cause when I want it I'm on it
The way I'm watchin you feel uncomfortable, don't it?
But I'm thinkin you should be in movies and this you need to quit
Then suddenly under my table I got a kick

I'm with my girlie but I'm lookin at the waitress
I'm at a business meeting trippin off the waitress
Can't think of eatin, man, my girl will really hate this
I'm sittin here with her but starin at the waitress

And I like the way the waitress (work that, work that)
Come get your money, girl, and (work that, work that)
I really like the way you (work that, work that)
Can I get you on the floor? (Work that, work that)
The waitress got it goin on

Take my order anytime, I come here many times
A week so she can give me mine, baby girl is plenty fine
Business meeting, capital grin, was sippin when she caught my eye
When she came over to us I said, ""Can I get yo number on the fly?
Smell like no other, look like she strip undercover
Wish I could follow her home and just say thank you to her mother

Another interested brother who'd love to become your lover
Burn rubber to the spot to tell my dogs how much I dug ya
Outta here but I'm not gonna leave this place without gettin in yo face
I'm not a disgrace so I gotta see how you taste
And I move at a puma's pace
So baby please if you find the time to get up out the weeds

I wanna make you my squeeze cause these other chicks you supercede
I call her waitress and homie, I call him server
The waiter's a bloody murder, I never wanna hear no murmur no further
Cause she's bliss, I'm tryin to get in yo knicks
I want you so my order you can 86

I'm with my girlie but I'm lookin at the waitress
I'm at a business meeting trippin off the waitress
Can't think of eatin, man, my girl will really hate this
I'm sittin here with her but starin at the waitress

And I like the way the waitress (work that, work that)
Come get your money, girl, and (work that, work that)
I really like the way you (work that, work that)
Can I get you on the floor? (Work that, work that)
The waitress got it goin on

And don't be tippin her below 20 percent
She need plenty for rent, leave her with pennies, then see her vent
To get money's her purpose, you don't tip, go get burgers
Believe her's is for TIPS meaning Tuition Ensuring Prompt Service

I'm nervous cause I'm gawkin mom's curvage
I'm beyond flirtish, us hookin up we both concert it
Where you get that smell from? She would never tell one
But she told me this, she say me she liked me cause I'm well done
Now your girl lookin real, real stanky, ain't she?

Cause she know you lookin at the waitress thinkin hanky-panky
Her attitude is wonderful, even got the strength to thank me
Even though she a single parent breakin her back but ain't so cranky
I had to make her my girl, now she gon' eat with me
Southern booty, mane, I truly never need to flee
I'm stayin focused, the waitress got me posted
But dwamn, look at that booty on the hostess...

I'm with my girlie but I'm lookin at the waitress
I'm at a business meeting trippin off the waitress
Can't think of eatin, man, my girl will really hate this
I'm sittin here with her but starin at the waitress

And I like the way the waitress (work that, work that)
Come get your money, girl, and (work that, work that)
I really like the way you (work that, work that)
Can I get you on the floor? (Work that, work that)
The waitress got it goin on (work that, work that, work that, work that, work that, work that)",True,en
00bdeea9-f0e4-4b3e-a259-d2dec9af2af5,Signing Off (interlude),Tech N9ne,dde3d9b1-0e44-48bc-b0c9-d739b3570000,"rap, underground rap, gangsta rap, hardcore rap",Hip-Hop/Rap,Tech N9ne,Signing Off (interlude),"Now back to your regular program
You sick fuckers!
David Meza signing off",True,en
cf6f7daf-0d4f-4157-b32b-3bbc5dd60377,3–6 in the Morning,Three 6 Mafia,a8754ac4-a85e-4f48-a81f-eecd482570ef,"hip-hop, hip hop, southern hip hop",Hip-Hop/Rap,Three 6 Mafia,3-6 in the Morning,"(Scarecrow)
6 in tha mornin' police kick in my door
Slipped on my lugz
Cuz these thugs out the back yo
Jumped the back gate
Cranked the Chevy
Then I race
Popped in the tape
A motherfuckin' Three 6 Mafia tape
I'm crunked off the bump
Pumpin' through my backseat
Speedin' hit the weed
Though the end of the streets of Memphis Tennesee
Got my stacks and some bags sittin' in the stash spot
Tatooes on my legs and a hot 40 glock
They got the hard on for the Infamous nigga
Call me Scarecrow
Used slangin' man, but I don't do that no more
I'm feelin' like I'm the most wanted
Every cop is an opponent
In the dash
On my ass, on the cherry buck flash
And I'm real
Man I got to get the fuck out of here

I had to ditch the Chevy
Callin' my mafia niggas to scooped me up
The blocks are crawlin' with cops
I can't go down, them slugs bust
I'm runnin' through yards and shit
Tryin' to dodge them tricks
I'm a movin' target
I spotted my nigga out there
On the real, gonna rde with out no fly shit
He didn't hesistate, we climbed up out my side of town
I told him bout' the drama in the ride and how it went down
I got a lay low cool (?) before I get back in it
Anti-peace and po-police
I beat them with glocks back to the street
I can't get caught, cause the new law say in it ""ain't no deals""
I would decease these devil police, therefore I do twenty years
Every nigga and grill they drop a dime to papers
I gotta pull a quick capa before I catch the vapors

12 a-m the next day
Gotta bank the seas
Gotta preacher please (?) throw in the keys
Down to my nigga
Got the passport to get my overseas
Under the palm trees
But you know me a quarter key
But my pan was injured
The silent alarm was triggered
I heard a cop say come out with fuckin' hands up
Nigga now I got to show my Prophet da posseness
My only way out was to take me some hostages
They keep askin' me over and over for demands
I told them back up
Or she got brains on her pants
The gun was to her head, I told them don't make me shoot
But little did I know they had a sniper on the roof",True,en
7c594118-e2da-4c0b-af31-e882989a2df1,Just Like Us,Three 6 Mafia,a8754ac4-a85e-4f48-a81f-eecd482570ef,"rap, hardcore rap, southern rap",Hip-Hop/Rap,Three 6 Mafia,Just Like Us,"Yeah, run bitch. Run hoe! Ya nice motherfuckas!
Y'all jealous ass bitches!
You know what I'ma call y'all? Some Jello niggas.
'cause y'all jealous of us, bitch.
Every motherfucker in our camp ridin clean, nigga.
Y'all know the motherfuckin score.
And this one right here is dedicated to you [censor beep].
It's dedicated to you, nigga

They wanna dress like, wanna sound like, wanna be like
Ride like, get high like, make cheese like
The motherfuckin Three 6, bitch you got a problem wit em?
The motherfuckin Three 6, ho you got a problem wit em?

I'm from the part of Tennessee called SPV, Spray Pesty Varments
Catch a busta boy, I beat em; blow em up outta his garments
Punk ass niggas be tryin ta stick a light up under me, like some ornaments
Don't make me grab the case that's full of the weapons and heavy compartments
Bitch nigga killin' me, muste be eatin' some porridge and got some courage
Punk motherfucker don't make me go get the damn Uzi up outta the storage
Bitches, bloody Satan waiting at hell gates and get (?)
Armageddon soldiers comin' to (?)

You trying to be like me, you can't be like me
It's hard ta be me, like them stunts on TV, g
You see me, hustlin, workin my muscle-in
Puttin my 2 cents where it can be trusted-n
You musta been a silly fool
Thinkin you could wear my shoes, damn fool
I walked a mile, I hauked em down
I understand now, why everybody don't wanna frown

They wanna dress like, wanna sound like, wanna be like
Ride like, get high like, make cheese like
The motherfuckin Three 6, bitch you got a problem wit em?
The motherfuckin Three 6, ho you got a problem wit em?
They wanna dress like, wanna sound like, wanna be like
Ride like, get high like, make cheese like
The motherfuckin Three 6, bitch you got a problem wit em?
The motherfuckin Three 6, ho you got a problem wit em?

1 thousand: Your kid kidnapped and fucked in the mouth
2 G's: Wife never seen again, but nothin to brag about
3 thousand: Car blown up, house burnt to the ground
4 G's: Run up in ya weak ass show, lettin off rounds
5 thousand: Best friend found naked and decapitated
6 G's: Yo broke ass barried alive cuz yo ass hated
7 G's: He ain't even worth it, I'll kill that nigga myself, dead
Catch em in tha haven put somethin hot up in his head

I'm real from the jump (junt)
Never was a punk (punk)
North Memphis bound bitch, buck ass hell and crunk (crunk)
You might catch me deep (deep)
On your fuckin street (street)
Buckin wit the tech-9, sweep you off yo feet (feet)
Drankin on that liquour (liquor)
Chillin wit my niggas (niggas)
Hangin on the corner, wit a fuckin rusty pistol (pistol)
Step up to me ho (ho)
When you on that blow (blow)
I'mma (gunshots: pop pop pop, pop) till you hit tha flo, bitch

They wanna dress like, wanna sound like, wanna be like
Ride like, get high like, make cheese like
The motherfuckin Three 6, bitch you got a problem wit em?
The motherfuckin Three 6, ho you got a problem wit em?
They wanna dress like, wanna sound like, wanna be like
Ride like, get high like, make cheese like
The motherfuckin Three 6, bitch you got a problem wit em?
The motherfuckin Three 6, ho you got a problem wit em?

Ahhhhh!
Please don't test the wrist or steel this
Waitin for she tell, pop, every style mystic
Pimp shit, hits never miss those red
Settin you a miss, when I spray the AK
Plus I flex-a hella gay, will you catch a boy?
Ever since a boy, always had a black toy
So we ain't goin out, no punk, I'm knockin out y'all
Dead body parts all froze in my trunk

Well all them hoes that used to be down with me
I signed a deal, made some money, now you bitches downin me?
Bitches tryin ta blast at me
Or am I dreamin the motherfuckers be after me?
Why you tryin ta be like me? You labelled as a wanna-be
You ghetto hoes, you need to read up on this Gangsta Boo
Cuz you might find a tip, bitch, that can help you
I'm a down chick
Niggas be wantin ta crown chick
Stay around chick
Whenever, however, it's goin down, bitch

They wanna dress like, wanna sound like, wanna be like
Ride like, get high like, make cheese like
The motherfuckin Three 6, bitch you got a problem wit em?
The motherfuckin Three 6, ho you got a problem wit em?
They wanna dress like, wanna sound like, wanna be like
Ride like, get high like, make cheese like
The motherfuckin Three 6, bitch you got a problem wit em?
The motherfuckin Three 6, ho you got a problem wit em?",True,en
75ce86e0-5f60-4916-8e78-f1a23a71e945,Gunclaps,Three 6 Mafia,a8754ac4-a85e-4f48-a81f-eecd482570ef,"hip-hop, hip hop, southern hip hop",Hip-Hop/Rap,Three 6 Mafia,Gunclaps,"Chorus x3
Gunclaps, we hear the gunclaps
The rowdy gunclaps the bloody gunclaps

(Juicy J)
5 A-M in the mornin'
Nigga heard them tones pumpin' like a thousand fire crackers
Nigga gettin' it on
Peep out the window, I was solo flashin'in the streets
Caught by cops
I'm tell them bring some extra tape and plenty sheets
Right they ass chevy drove by bout' seventy shotguns
Loaded for your roller
Put em' straight to sleep
Hollow points hit my fuckin' window
Make you think your through
Like it's the forth of July
With them niggas spook
I wish the folks would hurry up
I cock my gun back with my thumb
Nigga rowdy rowdy like it's North Memphis, Vietnam
As I gotta check to take a look and then fired back
I realized I was out numbered
In a deadly trap

(Scarecrow)
Three 6 Mafia, Prophet Posse, Killa Kaze
With the shotties
Leave your chest cavity
Stoppin' at the autopsy
I slaughter
And I can't help but notice all your pain
When the monsters got that Clappin', Clappin', Clappin'
On them thangs man
We hear the gunshots
Nigga bang diggy dank
Got a shank full of thangs
And it is kind of insane
I Scarecrow with mystical styles
Niggas are getting buck wild
Look at my dirty fouls
Bodies are stacked up in piles
You wanna fuck with me player
First you must say a lil' prayer
Ask the nigga over there
Yeah, that be my preacher there
Niggas are all actin' shy
Grow up actin' now fight
Infamous buckin' all night
Burnin' em' after a light

Chorus x2

(Crunchy Blac)
Slip, slide come and take a ride
To my fuckin' stash pile
Nigga you can't hide
It's a must Crunchy got a tug
Stuff a nigga in my trunk
Told ya'll niggas what
Crunchy ain't no fuckin' whore
Get down on that floor
Bitch I want more (more)
Bitch now give me more
Give me chocolate chunk bitch, I bitch I kill you more
They pay, that pay that five
Now bitch I want some more
All I wanna feel
Is some motherfuckin' rain
Let it rain motherfucker, let it rain (gon' let it rain)
See you inside by the game that I spit
Never ever in your life
Can you ever get with this

(DJ Paul)
Hey yo kemosabe
I got hoes smokin' weed up in the lobby
Cocaine fills my body, like gotti
Hotty
Where the keys to room 2-10
I got thugs with price tage bout' to get in
We heard it's goin' down, tricks about 2 mil
Feel, the fuckin' Prophet Posse get ya killed
Nigga, we got 40 cals' to your face
Na'ad mean
Three 6 leave no fuckin' trace
It takes more gunshots for these boys to save ya
Me and Crunchy chunk ya' over like white with a razor
Several automatics in a Blazer
Before we bump you off
Give me that plate and the lazer

Chorus... till fade",True,en
34a6dbc2-6961-42b8-a705-769eaf0944ce,Tear da Club Up ’97,Three 6 Mafia,a8754ac4-a85e-4f48-a81f-eecd482570ef,"hip-hop, hip hop, southern hip hop",Hip-Hop/Rap,Three 6 Mafia,Tear da Club Up ’97,"(Freeze, motherfucker)
Tear the club up, nigga, tear the club up
Tear the club up, nigga, tear the club up
Tear the club up, nigga, tear the club up
Tear the club up, nigga, tear the club up
Tear the club up, nigga, tear the club up
Tear the club up, nigga, tear the club up
Tear the club up, nigga, tear the club up
This for all you playa haters who be talkin' that (ha ha)
The Three 6 show no love, put some hurt on a trick
I'm bustin' through the crowd, wild, with my hand on a cannon
Be like quick to put two up in ya like who mana standin'
I be the last man, blast man
If you think you fast, man, headlines
Three left 'em up in a cast, man
When I look into your eyes I see a coward
Face to face I hit ya
Three 6 Mafia'd rather die to hit ya
Lord and here comes the two to the three and four
Three 6 Mafia I want ya to wreck it all over the club floor
Blowin' and throwin' your sets in the air
Ya bumpin' them tables and chests everywhere
Trampled over by the macs and the playas
You standin' there actin' like you wonder where
And I ain't sayin' we the hardest
Just say you can't rock it like Three 6 Mafia can
All up in a trance in the Prophecy van
We gonna tear the club up, get it bucked 'til it don't stand
And now I know that you are feelin' me
Give every breath until the fullest capabilities
And welcome to the team
Tear the club up, nigga, tear the club up
Tear the club up, nigga, tear the club up
Tear the club up, nigga, tear the club up
Tear the club up, nigga, tear the club up
Tear the club up, nigga, tear the club up
Tear the club up, nigga, tear the club up
Tear the club up, nigga, tear the club up
Tear the club up, nigga, tear the club up
We tearin' the club up, gettin' buck
Haters try to call it rough
They better call security, bring them straight jackets and handcuffs
Ain't takin' it, ain't takin' it
The clutches I be breakin' it
And whoopin' all they bosses and tossin' them to the floor, bricks
Going through the window, got that thing at your temple
When it bust, in heat we trust, and we ain't talkin' bout bustin' pimples
Haters can't get with the Mafia click, them fools ain't buck enough
We gonna get the dynamite trick, and blow the club up
Crazy lady comin' at you, you can't fade me trick
I bet you, bet your bottom dollar make you holla
When my soldiers get ya (get ya), I don't like that violence stuff
But I believe in gettin' buck
If you with me, let me see you tear the, tear the club up
Mafia, Mafi-Mafia, won't stop with it though
Hypnotizing minds, we got you blind and you can't hear me though
Come and get it while you can, trick, before it's all gone
Goin' once, goin' twice, oh my God it just went gone
Oh, oh, oh, oh, oh, oh, oh, get buck, get wild
Let's tear this house right down
Let's tear the club up thugs
Let's do that stuff right now
No disrespect to the clubs, don't want none of that
But you got the Three 6 Mafia up in your house and
And we came to break the law, tear the club up
Ashes to ashes no dust to dust
And you can't trust Three 6 Mafia when we tearin' that club up
Tear the club up, nigga, tear the club up
Tear the club up, nigga, tear the club up
Lost and be hypnotize, I don't think they high enough
See I thought I told you to get buck and tear the club up
Do it like a lunatic since you down with the prophet clique
Now can I flex it, kick it tell me can I kick it, man?
Since uh, inside there thump, get hypnotized
Let's start a riot in the club, let's get wild tonight
One little, two little, three Triple 6 members
Four little, five little, six Triple 6 members
Tear the club up, nigga, tear the club up
Tear the club up, nigga, tear the club up
Tear the club up, nigga, tear the club up
Tear the club up, nigga, tear the club up
Tear the club up, nigga, tear the club up
Tear the club up, nigga, tear the club up
Tear the club up, nigga, tear the club up
Tear the club up, nigga, tear the club up",True,en
a90b0c65-313f-45f0-8b82-0338064c9e94,What’s Next (outro),Three 6 Mafia,a8754ac4-a85e-4f48-a81f-eecd482570ef,"rap, hardcore rap, southern rap",Hip-Hop/Rap,Three 6 Mafia,What’s Next (Outro),"Yeah, once again it's on niggas
The new shit, you know what I'm sayin'
The new movie, Choices
Comin' soon
The movie Choices will be out

Before you know it
In the late part of the summer or summer
And the soundtrack, you know what I'm sayin' nigga

The soundtrack I might bring out a little earlier
'Cause that motherfucker gon' be bumpin'
But it'll be like the end of the summer too
You know what I'm sayin'?
Yeah

And uh, get that Hypnotize Camp Posse
In stores now
Featurin' ass and titties

Ass and titties
Ass and titties
It's in stores right now, you know what I'm sayin'
The booty bitches
Project Pat gettin' green balls

We be on some twanky-twankies
That's in stores now
In stores now
You know what I'm sayin'?

And the Gangsta Boo album will be comin' out
Say three months after this motherfucker
So whenever this one finally come out
It'll be three months after it
Yes sir
And uh, the Lil Chad album will probably be like
Two months after it
Before you know it

And uh, T-Roc
Comin' soon

T-Roc will be out November 2000
Roc-A-Fella
Niggas like, ""Shit!""
Straight out of ATL
2000, ATL's finest, you know what I'm sayin'?
College Park represented

And um, the Koopsta nigga
The Devil's Playground in stores right now
The Project Pat Underground album, his first joint
You gotta get it when he was really rough
Straight after when he first got out the pen
Yeah

This joint, it'll be comin' out soon
Probably in a month or so, you know what I'm sayin'?
You know, whatever

2000 Sewed up
Hypnotize Minds motherfuckin' status shit is ridiculous
To the end
We doin' this motherfuckin' shit
Three 6 Mafia for life
Yes sir

The motherfuckin' album you been waitin' on

Turn it over, listen to this motherfucker again
Over and over and over and over
And again, get high
Over again
Snort you some more
Whatever
Sip you some more
Yeah

Drink you some more
Get high as a fuckin' fool
Yes sir

OD off this album, bitch
Yeah, and stay away from that dog food
Mafia for life, biatch",True,en
a4f9bd26-fa06-46cf-b8af-ff9c7cd0e9a0,Hustlenomics,Yung Joc,1f83258f-ee16-4f3b-8570-e9ef3ad6973e,"hip-hop, hip hop, southern hip hop",Hip-Hop/Rap,Yung Joc,Hustlenomics,"Alright, boys and girls
You finally made it to the end of the album
I hope you learned somethin?
But the best is yet to come
Welcome to Hustlenomics

Who would've imagined that life would be so good, nigga? Now I'm on
? Cause I'm tired of all the games, nigga, now I'm grown
Tell you what the game's missing, right from wrong
Respect game, young nigga, tell them haters so long

You can call me Malcolm X, I hustle by any means
Take the blow, break it down, weigh it on triple beams
I'll cook it, I'll whip it, I'll ship it, I'll flip it
I'll rock 'til the motherfuckin? Feds come knockin?

The owner of the hand, I can be the middleman
Best if you don't know the man I just tax an extra grand
I get you what you want, we call that captain and the booker
Hustlenomics, yeah, I'll chop you one, I got it if you want it

I'm from the slums and the sticks turned crumbs into bricks
Got a bum full of knicks, gun full of hollow tips
And where I'm from we shared everything, we called it hand-me-downs
I implemented Hustlenomics, pimp, look at me now

Who would've imagined that life would be so good, nigga? Now I'm on
? Cause I'm tired of all the games, nigga, now I'm grown
Tell you what the game's missing, right from wrong
Respect game, young nigga, tell them haters so long

I can show you how to hustle, show you how to hustle
Let me show you how to hustle, welcome to Hustlenomics
Let me show you how to hustle, show you how to hustle
I can show you how to hustle, nigga, welcome to Hustlenomics

Grab a number two pencil? cause I'm 'bout to test, niggas
This game about to drop, shit, I'm 'bout to bless, niggas
I tell 'em no cheating's allowed, eyes on your test, nigga
I graduated with honors? cause see, I was the best, nigga

Two plus two don't equal four in my world
Seventeen five, get your ass thirty-six O's of that girl
Okay, class, let's settle down, you better pay attention
? Cause I bet the class clown end up in Federal detention

And when I say detention I ain't talkin? after school
? Cause if you're slippin? on your pimpin? you'll be rockin? county blues
Quit trickin? on these hoes, man, they guarantee to choose
Stop trigger your re-up or you're guaranteed to lose

Guarantee you slicker with your hustle, do it like the mob do
Learn to talk in code, learn to keep the law up off you
? Cause you niggas keep snitchin? and hoes keep talkin?
Either they throw away the key or they gon' put you in a coffin

Who would've imagined that life would be so good, nigga? Now I'm on
? Cause I'm tired of all the games, nigga, now I'm grown
Tell you what the game's missing, right from wrong
Respect game, young nigga, tell them haters so long

I can show you how to hustle, show you how to hustle
Let me show you how to hustle, welcome to Hustlenomics
Let me show you how to hustle, show you how to hustle
I can show you how to hustle, nigga, welcome to Hustlenomics

If you made it to this portion of the album
Give yourselves a round of applause, man
I wanna say thank you personally from the bottom of my heart
For takin? the time to ride with me, nigga

To wake up to this shit, to go to sleep to this shit
To thug to this shit, to get money for this shit, nigga
Hustlenomics is what it is
It's not a campaign for motherfuckin? attention

This is what I do, like I said, if you listen to this shit
[Incomprehensible] what you do, nigga, get money
Block ENT",True,en
d3b23dde-b6ba-44a2-9293-d04b94c68bc5,BYOB,Yung Joc,1f83258f-ee16-4f3b-8570-e9ef3ad6973e,"hip-hop, hip hop, southern hip hop",Hip-Hop/Rap,Yung Joc,BYOB,"Joc, Joc don't stop, oh my God, you're so hot
Catch me on your block with 4 glocks and 4 shots
Bet you niggas know not, try me like a hoe not
Niggas run in, kick the door, fuck a door knock

Gotta make the quarter, I mix it with the soda
I chop the dope and sell it with the Razor Motorola
Hold up 'fore I have to load up, hollow tips as they explode up
Leave you pussy niggas wet as chocha stankin? with the odor

Bring your own beer to the party, alright
Bring your own beer to the party, alright
Bring your own beer to the party, motherfuckers
? Cause I heard you came to have a good time, alright

Alright, alright, alright, alright
(Ah, let's go)
Alright, alright, alright, alright
(Ah, let's go)

Alright, alright, alright, alright
(Ah, let's go)
Alright, alright, alright, alright
(Ah, let's go, motherfucker)

Yeah, Yung Joc so jiggy, Learjet to your city
Monday night, Magic City, thunderstorm when I'm tippin?
Ice game, Super Nifty, super kush, two for fifty
Fat boy yellin? out, pop bottles 'til I'm tipsy

I like my chick booty big-o, lay my head on them big ole's
Put her on her tiptoes, I get up in the middle
I don't wine them, dine them, or rest have 'em
I'm the number 1 playboy, I press play and

Bring your own beer to the party, alright
Bring your own beer to the party, alright
Bring your own beer to the party, motherfuckers
? Cause I heard you came to have a good time, alright

Alright, alright, alright, alright
(Ah, let's go)
Alright, alright, alright, alright
(Ah, let's go)

Alright, alright, alright, alright
(Ah, let's go)
Alright, alright, alright, alright
(Ah, let's go, motherfucker)

Party like a rock star, better yet, block bar
Lighter to the ceiling, grab a beer, pop the top boy
I.F. so clear, freezer burn both ears
Elders say, oh dear, when they hear I'm near

Rubber burn, first gear, platinum on my first year
Wood on my sheer, put my wood all in her grill
Roof on fire, sound the alarm
We don't need water, let the motherfucker burn

Bring your own beer to the party, alright
Bring your own beer to the party, alright
Bring your own beer to the party, motherfuckers
? Cause I heard you came to have a good time, alright

Alright, alright, alright, alright
(Ah, let's go)
Alright, alright, alright, alright
(Ah, let's go)

Alright, alright, alright, alright
(Ah, let's go)
Alright, alright, alright, alright
(Ah, let's go, motherfucker)

5 4 3 2, R 2 D 2
Let me see your robot, a little dance that we do
High right, low left, I'm hype with no help
On cloud 9, heart racin? like Corvette

I need a material girl in a material world
Give me slim on the backseat of my Imperial, girl
Go and show me what you work with, girl, that's a perfect fit
Hold up, stop, it hurts when you twist it

Bring your own beer to the party, alright
Bring your own beer to the party, alright
Bring your own beer to the party, motherfuckers
? Cause I heard you came to have a good time, alright

Alright, alright, alright, alright
(Ah, let's go)
Alright, alright, alright, alright
(Ah, let's go)

Alright, alright, alright, alright
(Ah, let's go)
Alright, alright, alright, alright
(Ah, let's go, motherfucker)",True,en
04dbfeae-4064-41c5-830f-de5c221cc792,Hustlenomics (intro),Yung Joc,1f83258f-ee16-4f3b-8570-e9ef3ad6973e,"hip-hop, hip hop, southern hip hop",Hip-Hop/Rap,Yung Joc,Hustlenomics (Intro),"(Yung Joc)
Alright boys and girls
You finally made it to the end of the album
I hope you learned somethin
But the best is yet to come
(WELCOME TO HUSTLENOMIC$)

(Chorus One: Yung Joc)
Who would've imagined that life would be so good nigga; now I'm on
Cause I'm tired of all the games nigga; now I'm grown
Tell you what the game's missing; right from wrong
Respect game young nigga, tell them haters so long

(Yung Joc)
You can call me Malcolm X, I hustle by any means
Take the blow, break it down, weigh it on triple beams
I'll cook it, I'll whip it, I'll ship it, I'll flip it
I'll rock 'til the motherf**kin feds come knockin
The owner of the hand, I can be the middleman
Best if you don't know the man, I just tax an extra grand
I get you what'cha want we call that captain and the booker
Hustlenomic$ yeah I'll chop you one, I got it if you want it
I'm from the slums, and the sticks, turned crumbs, into bricks
Got a bum, full of knicks, gun full of hollow tips
And where I'm from we shared everything, we called it hand-me-downs
I implemented Hustlenomic$, pimp look at me now

(Chorus One)

(Chorus Two: Yung Joc)
I can show you how to hustle, show you how to hustle
Let me show you how to hustle (WELCOME TO HUSTLENOMIC$~!)
Let me show you how to hustle, show you how to hustle
I can show you how to hustle nigga (WELCOME TO HUSTLENOMIC$)

Grab a number two pencil cause I'm 'bout to test niggaz
This game about to drop, shit I'm 'bout to bless niggaz
I tell 'em no cheating's allowed, eyes on your test nigga
I graduated with honors cause see I was the best nigga
Two plus two don't equal fo' in my world
Seventeen five get your ass thirty-six o's of that girl
Okay class let's settle down (shhh) you better pay attention
Cause I bet the class clown end up in federal detention
And when I say detention I ain't talkin after school
Cause if you're slippin on your pimpin you'll be rockin county blues
Quit trickin on these hoes, man they guaranteed to choose
Stop trigger your re-up or you're guaranteed to lose
Guarantee you slicker with your hustle, do it like the mob do
Learn to talk in code, learn to keep the law up off you
Cause you niggaz keep snitchin, and hoes keep talkin
Either they throw away the ki' or they gon' put you in a coffin

(Chorus One + Chorus Two)

(Yung Joc)
Hahahahahaha
If you made it to this portion of the album
Give yourselves a round of applause man
I wanna say thank you personally from the bottom of my heart
For takin the time, to ride with me nigga
To wake up to this shit, to go to sleep to this shit
To thug to this shit, to get money to this shit nigga
Hustlenomic$ is what it is
It's not a campaign for motherf**kin attention
This is what I do
Like I said, if you listen to this shit
Apparently what you do nigga, get money, Block E-N-T~! (echoes)",True,en
581d8fdb-8887-48cb-a3f2-69cb05a815e3,Pak Man,Yung Joc,1f83258f-ee16-4f3b-8570-e9ef3ad6973e,"hip-hop, hip hop, southern hip hop",Hip-Hop/Rap,Yung Joc,Pak Man,"See in my hood, we got monkey bars and candy cars
I'm the man right here, everybody know my name in my hood
They call me Pak Man, shorty

In my hood I? m Pak Man, my hood, I? m Pak Man
In my hood I? m Pak Man, my hood, I? m Pak Man
In my hood I? m Pak Man, my hood, I? m Pak Man
Shorty, I'm the man and everybody know my name

In my hood I? m Pak Man, my hood, I? m Pak Man
In my hood I? m Pak Man, my hood, I? m Pak Man
In my hood I? m Pak Man, my hood, I? m Pak Man
Yeah, they call me Pak Man and everybody know my name

Yeah, let me introduce myself, they call me Pak Man
I makes it all about your cash man, get it by the pack man
See me on the block, throw the deuce or give me dap, man
So how you rock your 850, I rock it to the back, man

Chevy sittin? tall, deuce deuce dubs plus
Sittin? on the phone book just to throw the deuce up
So who's the number 1 stunna in your hood
Everybody know my name, Pak Man, it's understood

So where you from? Westside, and that College Park
So what you do? Yeah, I gets money from dusk to dawn
So how you ball? Magic City, yeah, blow a thousand ones
So how you shine? Candy paint, oh my God, it's like the sun

In my hood I? m Pak Man, my hood, I? m Pak Man
In my hood I? m Pak Man, my hood, I? m Pak Man
In my hood I? m Pak Man, my hood, I? m Pak Man
Shorty, I'm the man and everybody know my name

In my hood I? m Pak Man, my hood, I? m Pak Man
In my hood I? m Pak Man, my hood, I? m Pak Man
In my hood I? m Pak Man, my hood, I? m Pak Man
Yeah, they call me Pak Man and everybody know my name

So how you grind? Man, I grind 'round the clock
Who's your favorite rapper? Hmm, T.I., Jeezy and Yung Joc
Why T.I.? Cause T.I., he the king
Jeezy say yeah on everything

I like Joc man, shorty be stuntin?
Matter of fact, that's the cat, who taught me Hustlenomics
Hustlenomics, yeah, I almost forgot, forgot what?
Everyday I'm hustlin? like Rick Ross, ha

I'm so clean, I like to make my shoulder lean
Like Young Dro, my Rover lookin? like po'k & beans, wow
I'll lay you down, lay you down for them 23's
In my hood just like Ball and JG

In my hood I? m Pak Man, my hood, I? m Pak Man
In my hood I? m Pak Man, my hood, I? m Pak Man
In my hood I? m Pak Man, my hood, I? m Pak Man
Shorty, I'm the man and everybody know my name

In my hood I? m Pak Man, my hood, I? m Pak Man
In my hood I? m Pak Man, my hood, I? m Pak Man
In my hood I? m Pak Man, my hood, I? m Pak Man
Yeah, they call me Pak Man and everybody know my name

Aye, I pull up on the shine, cut it to the left
With the top dropped down everybody lose their breath
Y'all haters know my name, so won't you quit playin?
Take a look at my two step, now what you sayin?

Let me see you, Pak Man, won't you do the Pak Man
Let me see you, Pak Man, won't you do the Pak Man
Let me see you, Pak Man, won't you do the Pak Man
Won't you let me see you do the Pak Man, Pak Man

Yo, I guess y'all thought I couldn't do it
Because I wasn't but yay high, and only so old
But I was always told, man, do what you do
And you'll be okay, y'all drop the hook for 'em

In my hood I? m Pak Man, my hood, I? m Pak Man
In my hood I? m Pak Man, my hood, I? m Pak Man
In my hood I? m Pak Man, my hood, I? m Pak Man
Shorty, I'm the man and everybody know my name

In my hood I? m Pak Man, my hood, I? m Pak Man
In my hood I? m Pak Man, my hood, I? m Pak Man
In my hood I? m Pak Man, my hood, I? m Pak Man
Yeah, they call me Pak Man and everybody know my name

In my hood I? m Pak Man, my hood, I? m Pak Man
In my hood I? m Pak Man, my hood, I? m Pak Man
In my hood I? m Pak Man, my hood, I? m Pak Man
Shorty, I'm the man and everybody know my name

In my hood I? m Pak Man, my hood, I? m Pak Man
In my hood I? m Pak Man, my hood, I? m Pak Man
In my hood I? m Pak Man, my hood, I? m Pak Man
Yeah, they call me Pak Man and everybody know my name",True,en
86004911-30a6-4f42-8f14-0967d91a38c5,Play Your Cards,Yung Joc,1f83258f-ee16-4f3b-8570-e9ef3ad6973e,"hip-hop, hip hop, southern hip hop",Hip-Hop/Rap,Yung Joc,Play Your Cards,"Well, I guess it? s safe to say I? m on my Joc
And everything I say seem to come from the heart
And even if you hate me you gotta play your part
Or just kick back and see the way I play my cards

Yeah, okay I? m back, sit back and listen
First album platinum plaques, now watch it glisten
The badest broads, the fastest cars
I? m sure a lot of niggas wish this life was yours

What says it ain? t? Y? all niggas said I can? t
You laughed about my dance, I walked it out the bank
And now my lady happy? cause we ain? t gotta starve
Haters mad at me? cause I? m on my Joc

I congratulate you, somebody? s gotta do it
I? m not bad, I? m used to it
And if you feel the same then you? s a friend of mine
Won? t you tell them lames, don? t get outta line

Well, I guess it? s safe to say I? m on my Joc
And everything I say seem to come from the heart
And even if you hate me you gotta play your part
Or just kick back and see the way I play my cards

Play your cards, play your cards
Play your cards, play your cards
(Don? t get outta line, homie)
Play your cards, play your cards
(Don? t get outta line, homie)
Play your cards, play your cards
(Don? t get outta line, homie)

Play your cards, play your cards
Play your cards, play your cards
(Don? t get outta line, homie)
Play your cards, play your cards
(Don? t, don? t get outta line, homie)
Play your cards, play your cards
(Don? t get outta line, homie)

Call it Hustlenomics, hustle by any means
I got a lotta hustles, a whole lotta schemes
Ain? t not enough fingers for me to count on
My stock? s way up, call me Dow Jones

I? ve been around the world in almost every hood
I walk anywhere, my face card is very good
And they don? t play around, down in H-town
I? ll take you to the bottom, I? m talkin' Dade County

I take you out West, in them lo lo? s
You scared to represent, that? s a no-no
I take you back to the A-town, hey now, play around
I? ll make them boys make you lay it down

Well, I guess it? s safe to say I? m on my Joc
And everything I say seem to come from the heart
And even if you hate me you gotta play your part
Or just kick back and see the way I play my cards

Play your cards, play your cards
Play your cards, play your cards
(Don? t get outta line, homie)
Play your cards, play your cards
(Don? t get outta line, homie)
Play your cards, play your cards
(Don? t get outta line, homie)

Play your cards, play your cards
Play your cards, play your cards
(Don? t get outta line, homie)
Play your cards, play your cards
(Don? t, don? t get outta line, homie)
Play your cards, play your cards
(Don? t get outta line, homie)

I need a bottom bitch, one who pays attention
Respect the grind, respect my intuition
Don? t get outta line, just look and listen
And soon you? ll find I? m what you? ve been missin'

And the bottom line is I? m on the clock
24/7 the hustle don? t stop
Oh yeah, I? m from the A, that? s my stompin? ground
Son, if you on your Joc we stand on common ground

Well, I guess it? s safe to say I? m on my Joc
And everything I say seem to come from the heart
And even if you hate me you gotta play your part
Or just kick back and see the way I play my cards

Play your cards, play your cards
Play your cards, play your cards
(Don? t get outta line, homie)
Play your cards, play your cards
(Don? t get outta line, homie)
Play your cards, play your cards
(Don? t get outta line, homie)

Play your cards, play your cards
Play your cards, play your cards
(Don? t get outta line, homie)
Play your cards, play your cards
(Don? t, don? t get outta line, homie)
Play your cards, play your cards
(Don? t get outta line, homie)",True,en
5e01a46b-154a-4240-a024-a7152279ef00,Happiness,dead prez,3b02795b-bd2c-4aac-8f6c-e581514cc2d8,"rap, underground rap, alternative rap, hardcore rap, southern rap",Hip-Hop/Rap,Dead Prez,Happiness,"Yo, it's a beautiful day, and everybody's feelin' wonderful
The ladies is out, lookin' fly, dressed comfortable
I love to wake up and feel the breeze through my window
Slip on a fatigues, grab a dutch and roll some indo

It be days like these that make life so much easier
Fish thawin' out, Guinness Stout in the freezer
Walk the block at my leisure
(My leisure)

Summertime is like a anesthesia, so many pretty things to please ya
The greenery, beautiful birds, natural scenery or even just a infinite sky
We be forever puffin' lah on the block
Or tellin' jokes in the ride
(Ha ha ha)

When the weather be hot, everybody be outside
(Whut)
Havin' fun, eatin' fresh fruits and vegetables
(Aight?)

And good food put me in the mood for a festival
Some say the summer make a woman more sexual
(S'up, boo)
It's instinct, that's why my game be right on schedule

I put the great Mother Nature on a pedestal
She always fly, but today, she's exceptional
If I had a chance to make a wish
Every day would be just like this, full of happiness

I feel great even though we got mad things to deal with
Happiness is all in the mind
Let's unwind, and find a reason to smile
I'm just glad to be livin', feelin' fine
Leavin' my bad times behind

Feels great and no, we can't escape from the realness
Happiness is all in the mind
Let's unwind, and find a reason to smile
I'm just glad to be alive, feelin' fine
Livin' life one day at a time
Feelin' great

Yeah, knaw'msayin'?
I just wanna give a shout out
To everybody who got a birthday today
Happiness
(Happiness)

Have you ever heard the children play?
Sometime, I feel the same way, roll up a J
And get away, put some food on the grill
And just chill, maybe build with my elders
(Uh)

Never know the things they could tell ya
Learnin' why the caged bird sings
(Why it do that?)
'Cuz it's the vital things you know

That separate the men from the Kings
The flowers that bloom and the Sun
(Uh)
And everybody singin' the tune 'cuz it's time to have fun
We out, rollerbladin' a day where no one coulda stayed inside
(Uh, uh)

Wash the car, now it's time to take a ride
Me and my crew hangin' out, all night to sunrise
Celebration of life 'cuz every day is a surprise
Think of the rich countryside on the land of Jamaica

Mountains, springs and green acres
Or any other place in the world your mind takes you
It's the good times in life that everybody can relate to
(Uh)

And you can leave your troubles behind and have a wonderful time
Lay back and just ease your mind
(Whut)
You can leave your troubles behind and have a wonderful time
Lay back and just ease your mind

I feel great even though we got mad things to deal with
Happiness is all in the mind
Let's unwind, and find a reason to smile
I'm just glad to be livin', feelin' fine
Leavin' my bad times behind

Feels great and no, we can't escape from the realness
Happiness is all in the mind
Let's unwind, and find a reason to smile
I'm just glad to be alive, feelin' fine
Livin' life one day at a time
Feelin' great

Yeah, knaw'msayin'?
I just wanna give a shout out
To everybody who got a birthday today
Happiness
(Happiness)",True,en
b0fb3d53-86e1-407d-8cf0-1e1518fdf028,Wolves,dead prez,3b02795b-bd2c-4aac-8f6c-e581514cc2d8,"rap, underground rap, alternative rap, hardcore rap, southern rap",Hip-Hop/Rap,Dead Prez,Wolves,"I'm not a hunter but i am told,
That, uh, in places like in the arctic,
Where indiginous people sometimes might, might, hunt a wolf,
They'll take a double edged blade,
And they'll put blood on the blade,
And they'll melt the ice and stick the handle in the ice,
So that only the blade is protruding,
And that a wolf will smell the blood and wants to eat,
And it will come and lick the blade trying to eat,
And what happens is when the wolf licks the blade,
Of course, he cuts his tongue, and he bleeds,
And he thinks he's really having a good thing,
And he drinks and he licks and he licks,
And of course he is drinking his own blood and he kills himself,
Thats what the Imperialists did with us with crack cocaine,
You have these young brothers out there who think they are getting something
They gonna make a living with,
They is getting something they can buy a car,
Like the white people have cars, why can't i have a car?
They getting something they can get a piece of gold,
White people have gold, why can't i have gold?
They getting something to get a house,
White people have a house, why can't i have a house?
And they actually think that theres something thats bringing resources to them,
But they're killing themsleves just like the wolf was licking the blade,
And they're slowly dying without knowing it.
Thats whats happening to the community, you with me on that?
Thats exactly, precisely what happens to the community,
And instead of blaming the hunter who put the damn handle and blade in the ice
For the wolf,
That what happens is the wolf gets the blame, gets the blame for trying to live,
Thats what happens in our community,
You don't blame the person, the victim,
You blame the oppressor, Imperialism, white power is the enemy,
Was the enemy when it first came to Africa,
And snatched up the first African brothers here against our will,
Isss the enemy today,
And thats the thing that we have to understand.",True,en
6b7f12db-628a-466d-98e8-cd46b4a8d229,We Want Freedom,dead prez,3b02795b-bd2c-4aac-8f6c-e581514cc2d8,"rap, underground rap, alternative rap, hardcore rap, southern rap",Hip-Hop/Rap,Dead Prez,We Want Freedom,"I was born black, I live black
And I'ma die probably because I'm black
Because some cracker that knows I'm black
Better than you nigga
Is probably gonna put a bullet in the back of my head
Yeah our lives fucked up, no doubt
All this shit we go through every day
Sometimes a nigga don't know what the fuck to do
But see I got my niggas
And we gon' organize a people army
And we gon' get control over our own lives
And I mean that shit right there from the bottom of my shit
I Ching
Yeah, yeah
Imagine havin' no runnin' water to drink
Chemicals contaminate the pipes leadin' to your sink
Just think, if the grocery stores close they doors
And they saturate the streets with tanks and start martial law
Would you be ready for civil war
Could you take the life of somebody you know,
Or have feelings for if necessary?
I got cousins in the military
But far as I'm concerned they died, when they registered
Yo, this world is oh so cold
I think about my ancestors being sold
And it make me want to break the mold
Fuck the gold and the party, train yourself, clean your shottie
Tell me what you gon' do to get free, we need more than MC's
We need Hueys, and revolutionaries
The niggas on the streets today, it's kinda scary
The smell around my way ain't roses or strawberries
In fact it's kinda poisonous, bringin' out the boy in us
But I'ma stand up on my own, like a man do
Dominate the land and make wealth, like Fu-Manchu
Yes the peoples army stick together like glue
We represent the I Ching, and to this we stand true
Military formation, anyone participation is welcome
Each one teach one, son help son
Just one gun is all it take to get it started
Livin' in the wilderness of the west we cold hearted
If you don't think it could happen, think again my son
Be prepared for the worst that's yet to come
We want freedom, prophecies and ancient wisdom
Cataclysm, niggas be like fuck the system
If you don't think it could happen, think again my son
Be prepared for the worst that's yet to come
We want freedom, prophecies and ancient wisdom
Cataclysm, niggas be like fuck the system
I don't want to be no movie star
I don't want to drive no fancy car
I just want to be free to live my life
To live my own life
Yeah, I'm for peace
But I'll kill ya if ya fuck with my moms or my niece
See we all want peace, but the problem is
Crackers want a bigger piece
Got it where the niggas can't get a piece
That's why police get stabbed and shot
'Cause a nigga can't eat if the ave is hot
Locked up you get three hot meals and one cot
Then you sit and rot, never even got a fair shot
That's where a whole lotta niggas end up
My man moms even got sent up, tryin' to keep the rent up
When I'm bent up I think a lot about the reason I'm here
I think about the things I fear in the comin' years ahead of me
I'm ready for whatever they bring though
I'd go against a tank wit a shank for my dreams
And that's my fuckin' word
One day the whole world will smoke herb
And niggas won't get took to jail for hangin' on the curb
If you don't think it could happen, think again my son
Be prepared for the worst that's yet to come
We want freedom, prophecies and ancient wisdom
Cataclysm, niggas be like fuck the system
If you don't think it could happen, think again my son
Be prepared for the worst that's yet to come
We want freedom, prophecies and ancient wisdom
Cataclysm, niggas be like fuck the system
I don't want to be no movie star
I don't want to drive no fancy car
I just want to be free to live my life
To live my own life
If you don't think it could happen, think again my son
Be prepared for the worst that's yet to come
We want freedom, prophecies and ancient wisdom
Cataclysm, niggas be like fuck the system
If you don't think it could happen, think again my son
Be prepared for the worst that's yet to come
We want freedom, prophecies and ancient wisdom
Cataclysm, niggas be like fuck the system",True,en
6ba06432-645d-4da0-9481-7c5bb0484d31,Psychology,dead prez,3b02795b-bd2c-4aac-8f6c-e581514cc2d8,"rap, underground rap, alternative rap, hardcore rap, southern rap",Hip-Hop/Rap,Dead Prez,Psychology,"Intro:

""I was born, in a dump
My mama died and my father got drunk
They left me, to die or grow
In the middle of Tobacco Road
I grew up in a rusty shack
All i owned was hangin on my back
And Lord knows, how I learnt
This place called Tobacco Road
Tobacco Road, you're dirty and you're filthy
Tobacco Road, gonna get me some dynamite and a crane
I'm gonna blow it up, Lord knows gonna start all over again""

""My mind is the place where I make my plans
The world is the place where I take my stand
The beauty of life is mine today
They cannot take my mind away""

(M1)
Fuck what you heard, I'm from Africa
This ain't no act it's mathematical
Past the black radical
I choose the M1, because it's practical
Nothin was changed, we ain't protected
No names, it's all factual
They push the wrong buttons, count down to detonate
Brooklyn blown away and the world will have to speculate
This is what we learn in the streets, fuck a degree
Believe in none of what you hear and half of what you see

(Stic)
It's like watching your own father smoke crack
I have nightmares on shit like that
No way in hell I'll ever get like that
I seen a lot of shit in twenty-two years
It's like a tour of duty
My life is booby-trapped, it's hard to see the beauty
When your heart is turning ice cold
Cold like your hands exposed to blistering winds
My mother keep her eyes closed, she say she prayin
I listen close to what she sayin
When she speak of Jesus I ignore it
But when it's practical I'm all for it
You got to think like a soldier
I'm training myself to snatch pistols out of holsters
Discipline keep the mind focused
This whole world is a corn field son
Look out for flying locusts

Chorus (x2)

Don't let 'em get in your head, they try to probe you
Figure your thoughts so they can try and control you
And through you, control your whole crew
It's psychology boy, now what the fuck that make you wanna do?

(M1)
You can't walk the streets with no state of mind
Blind to the ways of mankind
And if you know the time, give me a sign
Tell me where we draw the line
I got your back if you got mine
My enemy's enemy is my man
One dreadlock is stronger than one strand while the crackers got the upper hand
My comrades stand on lands stolen
Every tooth a golden opportunity
Who holdin my community hostage?
10% ransom, costing us time we lost and some
This is how the plan runs
Thinkin with a fugitive brain
What we do to live is insane
Holdin the weed, healing my membranes
Just like crack, you know it all boils down
To the dollars-and-cents of it
Niggaz commence to get [rents?] to sentenced to serve terms
Jumping the fence, the black germ is loose
When will they learn?
Psychology

(Stic)
We piss on walls and smoke reefa in the halls
No respect for their laws
I cut your face with a kitchen knife
In gladiator times, man against machinery
The tree bark fatigues help me blend in with the scenery boy
Life is a series of serious choices
Theories is formed from experience, never mysterious forces
Various courses of life can lead to failure
Too much of anything is a trap, my mind snap
Guerrilla warfare for two grand
They say karate means 'empty hands'
So then it's perfect for the poor man...
They say karate means 'empty hands'
So then it's perfect for the poor man

Chorus (x2)

Bridge

(M1)
When you think of us think of pyramids and pistols
And glimmering gold teeth that shine like crystals
The mind is like a jewel son
Only a fool wouldn't grasp it
Wisdom is a tool, you get blasted
When you think of us think of pyramids and pistols
And glimmering gold teeth that shine like crystals
The mind is like a jewel son
Only a fool wouldn't grasp it
Wisdom is a tool, you get blasted

""Free your mind, and the rest will follow
Seize the time, no one is promised tomorrow""

Repeat until fade",True,en
4649ec97-4c59-4068-afdc-a6edccbb6cf3,Behind Enemy Lines,dead prez,3b02795b-bd2c-4aac-8f6c-e581514cc2d8,"rap, underground rap, alternative rap, hardcore rap, southern rap",Hip-Hop/Rap,Dead Prez,Behind Enemy Lines,"Yo, little Khadejah pops is locked, he wanna pop the lock
But prison ain't nothin but a private stock
And she be dreamin 'bout his date of release
She hate the police
But loved by her grandma who hugs and kisses her
Her father's a political prisoner, free Fred
Son of a Panther that the government shot dead

Back in 12-4-1969
4 o clock in the mornin, it's terrible but it's fine
Cuz Fred Hampton jr., looks just like him
Walks just like him, talks just like him
And it might be frightenin, the feds and the snitches

See him organize the gang, brothers and sisters
So he had to be framed yo, you know how the game go
18 years because the 5-0 said so
They said he set a fire to a Arab store
But he ignited the minds of the young black and poor

Behind enemy lines, my niggas is cellmates
Most of the youth never escape the jail fate
Super maximum camps will advance they game plan
To keep us in the hands of the man locked up

Hello
Collect call from Ness
Where are you
Yo shit is crazy boo, I miss you
Have you been alright
Yo, can you put some money in my commisary

Little Kenny been smokin lucy since he was 12
Now he 25 locked up wit a L
They call him triple K, cuz he killed 3 niggas
Another ghetto child got turned into a killa
His pops was a Vietnam veteran on heroin
Used like a pawn by these white North Americans

Mama couldn't handle the stress so went crazy
Grandmama had to raise the baby
Just a young boy, born to a life of poverty
Hustlin, robbery, whatever brung the paper home
Carried the chrome like a blind man hold a cane

Tattoos all over his chest so you could know his name
But y'all know how the game go
Deez kicked in the front door and guess who they came for
A young nigga headed for the pen, coulda been, shoulda been
Never see the hood again

Behind enemy lines, my niggas is cellmates
Most of the youth never escape the jail fate
Super maximum camps will advance they game plan
To keep us in the hands of the man locked up

Behind enemy lines, my niggas is cellmates
Most of the youth never escape the jail fate
Super maximum camps will advance they game plan
To keep us in the hands of the man locked up

You aint gotta be locked up to be in prison
Look how we livin
30, 000 niggas a day, up in the bing, standin routine
They put is in a box just like our life on the block
Behind enemy lines

You aint gotta be locked up to be in prison
Look how we livin
30, 000 niggas a day, up in the bing, standin routine
They put is in a box just like our life on the block
Behind enemy lines",True,en
